
Cadence Innovus(TM) Implementation System.
Copyright 2021 Cadence Design Systems, Inc. All rights reserved worldwide.

Version:	v21.15-s110_1, built Fri Sep 23 13:08:12 PDT 2022
Options:	
Date:		Mon Aug 11 13:04:01 2025
Host:		asiclab.kongu.edu (x86_64 w/Linux 4.18.0-553.64.1.el8_10.x86_64) (20cores*28cpus*Intel(R) Core(TM) i7-14700 33792KB)
OS:		Red Hat Enterprise Linux release 8.10 (Ootpa)

License:
		[13:04:01.275785] Configured Lic search path (21.01-s002): 5280@14.139.1.126

		invs	Innovus Implementation System	21.1	checkout succeeded
		8 CPU jobs allowed with the current license(s). Use setMultiCpuUsage to set your required CPU count.
Change the soft stacksize limit to 0.2%RAM (127 mbytes). Set global soft_stack_size_limit to change the value.

**INFO:  MMMC transition support version v31-84 

<CMD> set_global _enable_mmmc_by_default_flow      $CTE::mmmc_default
<CMD> suppressMessage ENCEXT-2799
<CMD> getVersion
[INFO] Loading PVS 22.20 fill procedures
<CMD> win
<CMD> set ::TimeLib::tsgMarkCellLatchConstructFlag 1
<CMD> set conf_qxconf_file NULL
<CMD> set conf_qxlib_file NULL
<CMD> set dbgDualViewAwareXTree 1
<CMD> set defHierChar /
<CMD> set distributed_client_message_echo 1
<CMD> set distributed_mmmc_disable_reports_auto_redirection 0
<CMD> set enable_ilm_dual_view_gui_and_attribute 1
<CMD> set enc_enable_print_mode_command_reset_options 1
<CMD> set init_design_settop 0
<CMD> set init_gnd_net vss
<CMD> set init_lef_file {/home/install/FOUNDRY/digital/90nm/dig/lef/gsclib090_translated.lef /home/install/FOUNDRY/digital/90nm/dig/lef/gsclib090_translated_ref.lef}
<CMD> set init_mmmc_file Default.view
<CMD> set init_pwr_net vdd
<CMD> set init_verilog OPT_netlist.v
<CMD> set pegDefaultResScaleFactor 1
<CMD> set pegDetailResScaleFactor 1
<CMD> set pegEnableDualViewForTQuantus 1
<CMD> get_message -id GLOBAL-100 -suppress
<CMD> get_message -id GLOBAL-100 -suppress
<CMD> set report_inactive_arcs_format {from to when arc_type sense reason}
<CMD> set spgUnflattenIlmInCheckPlace 2
**WARN: (IMPUDM-33):	Global variable "timing_enable_default_delay_arc" is obsolete and will be removed in a future release. The obsolete variable still works in this release, but to avoid this warning and to ensure compatibility with future releases, remove the obsolete variable from your script.
<CMD> get_message -id GLOBAL-100 -suppress
<CMD> suppressMessage -silent GLOBAL-100
<CMD> unsuppressMessage -silent GLOBAL-100
**WARN: (IMPUDM-33):	Global variable "timing_enable_default_delay_arc" is obsolete and will be removed in a future release. The obsolete variable still works in this release, but to avoid this warning and to ensure compatibility with future releases, remove the obsolete variable from your script.
<CMD> get_message -id GLOBAL-100 -suppress
<CMD> suppressMessage -silent GLOBAL-100
<CMD> unsuppressMessage -silent GLOBAL-100
<CMD> set timing_enable_default_delay_arc 1
<CMD> set init_verilog_tolerate_port_mismatch 0
<CMD> set load_netlist_ignore_undefined_cell 1
<CMD> init_design
#% Begin Load MMMC data ... (date=08/11 13:04:50, mem=1004.7M)
#% End Load MMMC data ... (date=08/11 13:04:50, total cpu=0:00:00.0, real=0:00:00.0, peak res=1005.7M, current mem=1005.7M)
rc

Loading LEF file /home/install/FOUNDRY/digital/90nm/dig/lef/gsclib090_translated.lef ...
**WARN: (IMPLF-105):	The layer 'Oxide' specified in SAMENET spacing
rule is neither a routing layer nor a cut layer. The rule is ignored.
**WARN: (IMPLF-105):	The layer 'Poly' specified in SAMENET spacing
rule is neither a routing layer nor a cut layer. The rule is ignored.
Set DBUPerIGU to M2 pitch 580.

Loading LEF file /home/install/FOUNDRY/digital/90nm/dig/lef/gsclib090_translated_ref.lef ...
**WARN: (IMPLF-119):	LAYER 'Oxide' has been found in the database. Its content except ANTENNA* data will be ignored.
Review the LEF files specified in the init_lef_file variable and remove redundant definitions.
Type 'man IMPLF-119' for more detail.
**WARN: (IMPLF-119):	LAYER 'Poly' has been found in the database. Its content except ANTENNA* data will be ignored.
Review the LEF files specified in the init_lef_file variable and remove redundant definitions.
Type 'man IMPLF-119' for more detail.
**WARN: (IMPLF-119):	LAYER 'Nhvt' has been found in the database. Its content except ANTENNA* data will be ignored.
Review the LEF files specified in the init_lef_file variable and remove redundant definitions.
Type 'man IMPLF-119' for more detail.
**WARN: (IMPLF-119):	LAYER 'Nimp' has been found in the database. Its content except ANTENNA* data will be ignored.
Review the LEF files specified in the init_lef_file variable and remove redundant definitions.
Type 'man IMPLF-119' for more detail.
**WARN: (IMPLF-119):	LAYER 'Phvt' has been found in the database. Its content except ANTENNA* data will be ignored.
Review the LEF files specified in the init_lef_file variable and remove redundant definitions.
Type 'man IMPLF-119' for more detail.
**WARN: (IMPLF-119):	LAYER 'Pimp' has been found in the database. Its content except ANTENNA* data will be ignored.
Review the LEF files specified in the init_lef_file variable and remove redundant definitions.
Type 'man IMPLF-119' for more detail.
**WARN: (IMPLF-119):	LAYER 'Nzvt' has been found in the database. Its content except ANTENNA* data will be ignored.
Review the LEF files specified in the init_lef_file variable and remove redundant definitions.
Type 'man IMPLF-119' for more detail.
**WARN: (IMPLF-119):	LAYER 'SiProt' has been found in the database. Its content except ANTENNA* data will be ignored.
Review the LEF files specified in the init_lef_file variable and remove redundant definitions.
Type 'man IMPLF-119' for more detail.
**WARN: (IMPLF-119):	LAYER 'Cont' has been found in the database. Its content except ANTENNA* data will be ignored.
Review the LEF files specified in the init_lef_file variable and remove redundant definitions.
Type 'man IMPLF-119' for more detail.
**WARN: (IMPLF-119):	LAYER 'Metal1' has been found in the database. Its content except ANTENNA* data will be ignored.
Review the LEF files specified in the init_lef_file variable and remove redundant definitions.
Type 'man IMPLF-119' for more detail.
**WARN: (IMPLF-119):	LAYER 'Via1' has been found in the database. Its content except ANTENNA* data will be ignored.
Review the LEF files specified in the init_lef_file variable and remove redundant definitions.
Type 'man IMPLF-119' for more detail.
**WARN: (IMPLF-119):	LAYER 'Metal2' has been found in the database. Its content except ANTENNA* data will be ignored.
Review the LEF files specified in the init_lef_file variable and remove redundant definitions.
Type 'man IMPLF-119' for more detail.
**WARN: (IMPLF-119):	LAYER 'Via2' has been found in the database. Its content except ANTENNA* data will be ignored.
Review the LEF files specified in the init_lef_file variable and remove redundant definitions.
Type 'man IMPLF-119' for more detail.
**WARN: (IMPLF-119):	LAYER 'Metal3' has been found in the database. Its content except ANTENNA* data will be ignored.
Review the LEF files specified in the init_lef_file variable and remove redundant definitions.
Type 'man IMPLF-119' for more detail.
**WARN: (IMPLF-119):	LAYER 'Via3' has been found in the database. Its content except ANTENNA* data will be ignored.
Review the LEF files specified in the init_lef_file variable and remove redundant definitions.
Type 'man IMPLF-119' for more detail.
**WARN: (IMPLF-119):	LAYER 'Metal4' has been found in the database. Its content except ANTENNA* data will be ignored.
Review the LEF files specified in the init_lef_file variable and remove redundant definitions.
Type 'man IMPLF-119' for more detail.
**WARN: (IMPLF-119):	LAYER 'Via4' has been found in the database. Its content except ANTENNA* data will be ignored.
Review the LEF files specified in the init_lef_file variable and remove redundant definitions.
Type 'man IMPLF-119' for more detail.
**WARN: (IMPLF-119):	LAYER 'Metal5' has been found in the database. Its content except ANTENNA* data will be ignored.
Review the LEF files specified in the init_lef_file variable and remove redundant definitions.
Type 'man IMPLF-119' for more detail.
**WARN: (IMPLF-119):	LAYER 'Via5' has been found in the database. Its content except ANTENNA* data will be ignored.
Review the LEF files specified in the init_lef_file variable and remove redundant definitions.
Type 'man IMPLF-119' for more detail.
**WARN: (IMPLF-119):	LAYER 'Metal6' has been found in the database. Its content except ANTENNA* data will be ignored.
Review the LEF files specified in the init_lef_file variable and remove redundant definitions.
Type 'man IMPLF-119' for more detail.
**WARN: (EMS-27):	Message (IMPLF-119) has exceeded the current message display limit of 20.
To increase the message display limit, refer to the product command reference manual.
**ERROR: (IMPLF-223):	The LEF via 'VIA1X' definition already exists in the database. The current definition will be ignored. Ensure that you have not specified duplicate LEF files or LEF files with duplicate via definition.
Type 'man IMPLF-223' for more detail.
**ERROR: (IMPLF-223):	The LEF via 'VIA1V' definition already exists in the database. The current definition will be ignored. Ensure that you have not specified duplicate LEF files or LEF files with duplicate via definition.
Type 'man IMPLF-223' for more detail.
**ERROR: (IMPLF-223):	The LEF via 'VIA1H' definition already exists in the database. The current definition will be ignored. Ensure that you have not specified duplicate LEF files or LEF files with duplicate via definition.
Type 'man IMPLF-223' for more detail.
**ERROR: (IMPLF-223):	The LEF via 'VIA1XR90' definition already exists in the database. The current definition will be ignored. Ensure that you have not specified duplicate LEF files or LEF files with duplicate via definition.
Type 'man IMPLF-223' for more detail.
**ERROR: (IMPLF-223):	The LEF via 'VIA1_2CUT_E' definition already exists in the database. The current definition will be ignored. Ensure that you have not specified duplicate LEF files or LEF files with duplicate via definition.
Type 'man IMPLF-223' for more detail.
**ERROR: (IMPLF-223):	The LEF via 'VIA1_2CUT_W' definition already exists in the database. The current definition will be ignored. Ensure that you have not specified duplicate LEF files or LEF files with duplicate via definition.
Type 'man IMPLF-223' for more detail.
**ERROR: (IMPLF-223):	The LEF via 'VIA1_2CUT_N' definition already exists in the database. The current definition will be ignored. Ensure that you have not specified duplicate LEF files or LEF files with duplicate via definition.
Type 'man IMPLF-223' for more detail.
**ERROR: (IMPLF-223):	The LEF via 'VIA1_2CUT_S' definition already exists in the database. The current definition will be ignored. Ensure that you have not specified duplicate LEF files or LEF files with duplicate via definition.
Type 'man IMPLF-223' for more detail.
**ERROR: (IMPLF-223):	The LEF via 'VIA1_2X2CUT' definition already exists in the database. The current definition will be ignored. Ensure that you have not specified duplicate LEF files or LEF files with duplicate via definition.
Type 'man IMPLF-223' for more detail.
**ERROR: (IMPLF-223):	The LEF via 'VIA2X' definition already exists in the database. The current definition will be ignored. Ensure that you have not specified duplicate LEF files or LEF files with duplicate via definition.
Type 'man IMPLF-223' for more detail.
**ERROR: (IMPLF-223):	The LEF via 'VIA2H' definition already exists in the database. The current definition will be ignored. Ensure that you have not specified duplicate LEF files or LEF files with duplicate via definition.
Type 'man IMPLF-223' for more detail.
**ERROR: (IMPLF-223):	The LEF via 'VIA2V' definition already exists in the database. The current definition will be ignored. Ensure that you have not specified duplicate LEF files or LEF files with duplicate via definition.
Type 'man IMPLF-223' for more detail.
**ERROR: (IMPLF-223):	The LEF via 'VIA2XR90' definition already exists in the database. The current definition will be ignored. Ensure that you have not specified duplicate LEF files or LEF files with duplicate via definition.
Type 'man IMPLF-223' for more detail.
**ERROR: (IMPLF-223):	The LEF via 'VIA2TOS' definition already exists in the database. The current definition will be ignored. Ensure that you have not specified duplicate LEF files or LEF files with duplicate via definition.
Type 'man IMPLF-223' for more detail.
**ERROR: (IMPLF-223):	The LEF via 'VIA2TOS_S' definition already exists in the database. The current definition will be ignored. Ensure that you have not specified duplicate LEF files or LEF files with duplicate via definition.
Type 'man IMPLF-223' for more detail.
**ERROR: (IMPLF-223):	The LEF via 'VIA2TOS_N' definition already exists in the database. The current definition will be ignored. Ensure that you have not specified duplicate LEF files or LEF files with duplicate via definition.
Type 'man IMPLF-223' for more detail.
**ERROR: (IMPLF-223):	The LEF via 'VIA2_2CUT_N' definition already exists in the database. The current definition will be ignored. Ensure that you have not specified duplicate LEF files or LEF files with duplicate via definition.
Type 'man IMPLF-223' for more detail.
**ERROR: (IMPLF-223):	The LEF via 'VIA2_2CUT_S' definition already exists in the database. The current definition will be ignored. Ensure that you have not specified duplicate LEF files or LEF files with duplicate via definition.
Type 'man IMPLF-223' for more detail.
**ERROR: (IMPLF-223):	The LEF via 'VIA2_2CUT_E' definition already exists in the database. The current definition will be ignored. Ensure that you have not specified duplicate LEF files or LEF files with duplicate via definition.
Type 'man IMPLF-223' for more detail.
**ERROR: (IMPLF-223):	The LEF via 'VIA2_2CUT_W' definition already exists in the database. The current definition will be ignored. Ensure that you have not specified duplicate LEF files or LEF files with duplicate via definition.
Type 'man IMPLF-223' for more detail.
**WARN: (EMS-27):	Message (IMPLF-223) has exceeded the current message display limit of 20.
To increase the message display limit, refer to the product command reference manual.
**WARN: (IMPLF-151):	The viaRule 'VIA1ARRAY' has been defined, the content will be skipped.
**WARN: (IMPLF-151):	The viaRule 'VIA2ARRAY' has been defined, the content will be skipped.
**WARN: (IMPLF-151):	The viaRule 'VIA3ARRAY' has been defined, the content will be skipped.
**WARN: (IMPLF-151):	The viaRule 'VIA4ARRAY' has been defined, the content will be skipped.
**WARN: (IMPLF-151):	The viaRule 'VIA5ARRAY' has been defined, the content will be skipped.
**WARN: (IMPLF-151):	The viaRule 'VIA6ARRAY' has been defined, the content will be skipped.
**WARN: (IMPLF-151):	The viaRule 'VIA7ARRAY' has been defined, the content will be skipped.
**WARN: (IMPLF-151):	The viaRule 'VIA8ARRAY' has been defined, the content will be skipped.
**WARN: (IMPLF-151):	The viaRule 'M9_M8v' has been defined, the content will be skipped.
**WARN: (IMPLF-151):	The viaRule 'M8_M7v' has been defined, the content will be skipped.
**WARN: (IMPLF-151):	The viaRule 'M7_M6v' has been defined, the content will be skipped.
**WARN: (IMPLF-151):	The viaRule 'M6_M5v' has been defined, the content will be skipped.
**WARN: (IMPLF-151):	The viaRule 'M5_M4v' has been defined, the content will be skipped.
**WARN: (IMPLF-151):	The viaRule 'M4_M3v' has been defined, the content will be skipped.
**WARN: (IMPLF-151):	The viaRule 'M3_M2v' has been defined, the content will be skipped.
**WARN: (IMPLF-151):	The viaRule 'M2_M1v' has been defined, the content will be skipped.
**WARN: (IMPLF-151):	The viaRule 'M1_POv' has been defined, the content will be skipped.
**WARN: (IMPLF-151):	The viaRule 'M1_DIFF' has been defined, the content will be skipped.
**WARN: (IMPLF-151):	The viaRule 'M1_PSUB' has been defined, the content will be skipped.
**WARN: (IMPLF-151):	The viaRule 'M1_PIMP' has been defined, the content will be skipped.
**WARN: (EMS-27):	Message (IMPLF-151) has exceeded the current message display limit of 20.
To increase the message display limit, refer to the product command reference manual.
**WARN: (IMPLF-105):	The layer 'Oxide' specified in SAMENET spacing
rule is neither a routing layer nor a cut layer. The rule is ignored.
**WARN: (IMPLF-105):	The layer 'Poly' specified in SAMENET spacing
rule is neither a routing layer nor a cut layer. The rule is ignored.
**WARN: (IMPLF-58):	MACRO 'OAI2BB1X4' has been found in the database. Its content except DENSITY and PIN ANTENNA* data, and certain properties, will be ignored.
Review the LEF files specified in the init_lef_file variable and remove redundant definitions.
Type 'man IMPLF-58' for more detail.
**WARN: (IMPLF-58):	MACRO 'OA22X2' has been found in the database. Its content except DENSITY and PIN ANTENNA* data, and certain properties, will be ignored.
Review the LEF files specified in the init_lef_file variable and remove redundant definitions.
Type 'man IMPLF-58' for more detail.
**WARN: (IMPLF-58):	MACRO 'NAND3X8' has been found in the database. Its content except DENSITY and PIN ANTENNA* data, and certain properties, will be ignored.
Review the LEF files specified in the init_lef_file variable and remove redundant definitions.
Type 'man IMPLF-58' for more detail.
**WARN: (IMPLF-58):	MACRO 'SDFFRX4' has been found in the database. Its content except DENSITY and PIN ANTENNA* data, and certain properties, will be ignored.
Review the LEF files specified in the init_lef_file variable and remove redundant definitions.
Type 'man IMPLF-58' for more detail.
**WARN: (IMPLF-58):	MACRO 'TLATSRX1' has been found in the database. Its content except DENSITY and PIN ANTENNA* data, and certain properties, will be ignored.
Review the LEF files specified in the init_lef_file variable and remove redundant definitions.
Type 'man IMPLF-58' for more detail.
**WARN: (IMPLF-58):	MACRO 'OAI2BB1X1' has been found in the database. Its content except DENSITY and PIN ANTENNA* data, and certain properties, will be ignored.
Review the LEF files specified in the init_lef_file variable and remove redundant definitions.
Type 'man IMPLF-58' for more detail.
**WARN: (IMPLF-58):	MACRO 'DLY4X1' has been found in the database. Its content except DENSITY and PIN ANTENNA* data, and certain properties, will be ignored.
Review the LEF files specified in the init_lef_file variable and remove redundant definitions.
Type 'man IMPLF-58' for more detail.
**WARN: (IMPLF-58):	MACRO 'ADDFX4' has been found in the database. Its content except DENSITY and PIN ANTENNA* data, and certain properties, will be ignored.
Review the LEF files specified in the init_lef_file variable and remove redundant definitions.
Type 'man IMPLF-58' for more detail.
**WARN: (IMPLF-58):	MACRO 'CLKAND2X12' has been found in the database. Its content except DENSITY and PIN ANTENNA* data, and certain properties, will be ignored.
Review the LEF files specified in the init_lef_file variable and remove redundant definitions.
Type 'man IMPLF-58' for more detail.
**WARN: (IMPLF-58):	MACRO 'MXI3XL' has been found in the database. Its content except DENSITY and PIN ANTENNA* data, and certain properties, will be ignored.
Review the LEF files specified in the init_lef_file variable and remove redundant definitions.
Type 'man IMPLF-58' for more detail.
**WARN: (IMPLF-58):	MACRO 'NAND3X6' has been found in the database. Its content except DENSITY and PIN ANTENNA* data, and certain properties, will be ignored.
Review the LEF files specified in the init_lef_file variable and remove redundant definitions.
Type 'man IMPLF-58' for more detail.
**WARN: (IMPLF-58):	MACRO 'SDFFRX2' has been found in the database. Its content except DENSITY and PIN ANTENNA* data, and certain properties, will be ignored.
Review the LEF files specified in the init_lef_file variable and remove redundant definitions.
Type 'man IMPLF-58' for more detail.
**WARN: (IMPLF-58):	MACRO 'MX3X1' has been found in the database. Its content except DENSITY and PIN ANTENNA* data, and certain properties, will be ignored.
Review the LEF files specified in the init_lef_file variable and remove redundant definitions.
Type 'man IMPLF-58' for more detail.
**WARN: (IMPLF-58):	MACRO 'SDFFSRHQX1' has been found in the database. Its content except DENSITY and PIN ANTENNA* data, and certain properties, will be ignored.
Review the LEF files specified in the init_lef_file variable and remove redundant definitions.
Type 'man IMPLF-58' for more detail.
**WARN: (IMPLF-58):	MACRO 'OAI33XL' has been found in the database. Its content except DENSITY and PIN ANTENNA* data, and certain properties, will be ignored.
Review the LEF files specified in the init_lef_file variable and remove redundant definitions.
Type 'man IMPLF-58' for more detail.
**WARN: (IMPLF-58):	MACRO 'TLATSRX4' has been found in the database. Its content except DENSITY and PIN ANTENNA* data, and certain properties, will be ignored.
Review the LEF files specified in the init_lef_file variable and remove redundant definitions.
Type 'man IMPLF-58' for more detail.
**WARN: (IMPLF-58):	MACRO 'DFFHQX4' has been found in the database. Its content except DENSITY and PIN ANTENNA* data, and certain properties, will be ignored.
Review the LEF files specified in the init_lef_file variable and remove redundant definitions.
Type 'man IMPLF-58' for more detail.
**WARN: (IMPLF-58):	MACRO 'AOI221X2' has been found in the database. Its content except DENSITY and PIN ANTENNA* data, and certain properties, will be ignored.
Review the LEF files specified in the init_lef_file variable and remove redundant definitions.
Type 'man IMPLF-58' for more detail.
**WARN: (IMPLF-58):	MACRO 'ADDFX2' has been found in the database. Its content except DENSITY and PIN ANTENNA* data, and certain properties, will be ignored.
Review the LEF files specified in the init_lef_file variable and remove redundant definitions.
Type 'man IMPLF-58' for more detail.
**WARN: (IMPLF-58):	MACRO 'AOI22XL' has been found in the database. Its content except DENSITY and PIN ANTENNA* data, and certain properties, will be ignored.
Review the LEF files specified in the init_lef_file variable and remove redundant definitions.
Type 'man IMPLF-58' for more detail.
**WARN: (EMS-27):	Message (IMPLF-58) has exceeded the current message display limit of 20.
To increase the message display limit, refer to the product command reference manual.
**WARN: (IMPLF-61):	487 duplicated MACRO definitions have been found in the LEF file(s). Their content except DENSITY and PIN ANTENNA* data, and certain properties, have been ignored.
Review the LEF files specified in the init_lef_file variable and remove redundant definitions.
Type 'man IMPLF-61' for more detail.
**WARN: (IMPLF-200):	Pin 'A' in macro 'ANTENNA' has no ANTENNAGATEAREA value defined. The library data is incomplete and some process antenna rules will not be checked correctly.
Type 'man IMPLF-200' for more detail.

##  Check design process and node:  
##  Both design process and tech node are not set.

Loading view definition file from Default.view
Reading fast timing library '/home/install/FOUNDRY/digital/90nm/dig/lib/fast.lib' ...
Read 479 cells in library 'fast' 
Reading slow timing library '/home/install/FOUNDRY/digital/90nm/dig/lib/slow.lib' ...
Read 479 cells in library 'slow' 
*** End library_loading (cpu=0.01min, real=0.00min, mem=38.0M, fe_cpu=0.17min, fe_real=0.82min, fe_mem=1106.7M) ***
#% Begin Load netlist data ... (date=08/11 13:04:50, mem=1028.0M)
*** Begin netlist parsing (mem=1106.7M) ***
**WARN: (IMPVL-159):	Pin 'VDD' of cell 'XOR3XL' is defined in LEF but not in the timing library.
Type 'man IMPVL-159' for more detail.
**WARN: (IMPVL-159):	Pin 'VSS' of cell 'XOR3XL' is defined in LEF but not in the timing library.
Type 'man IMPVL-159' for more detail.
**WARN: (IMPVL-159):	Pin 'VDD' of cell 'XOR3X1' is defined in LEF but not in the timing library.
Type 'man IMPVL-159' for more detail.
**WARN: (IMPVL-159):	Pin 'VSS' of cell 'XOR3X1' is defined in LEF but not in the timing library.
Type 'man IMPVL-159' for more detail.
**WARN: (IMPVL-159):	Pin 'VSS' of cell 'XOR2XL' is defined in LEF but not in the timing library.
Type 'man IMPVL-159' for more detail.
**WARN: (IMPVL-159):	Pin 'VDD' of cell 'XOR2XL' is defined in LEF but not in the timing library.
Type 'man IMPVL-159' for more detail.
**WARN: (IMPVL-159):	Pin 'VSS' of cell 'XOR2X4' is defined in LEF but not in the timing library.
Type 'man IMPVL-159' for more detail.
**WARN: (IMPVL-159):	Pin 'VDD' of cell 'XOR2X4' is defined in LEF but not in the timing library.
Type 'man IMPVL-159' for more detail.
**WARN: (IMPVL-159):	Pin 'VSS' of cell 'XOR2X2' is defined in LEF but not in the timing library.
Type 'man IMPVL-159' for more detail.
**WARN: (IMPVL-159):	Pin 'VDD' of cell 'XOR2X2' is defined in LEF but not in the timing library.
Type 'man IMPVL-159' for more detail.
**WARN: (IMPVL-159):	Pin 'VSS' of cell 'XOR2X1' is defined in LEF but not in the timing library.
Type 'man IMPVL-159' for more detail.
**WARN: (IMPVL-159):	Pin 'VDD' of cell 'XOR2X1' is defined in LEF but not in the timing library.
Type 'man IMPVL-159' for more detail.
**WARN: (IMPVL-159):	Pin 'VSS' of cell 'XNOR3XL' is defined in LEF but not in the timing library.
Type 'man IMPVL-159' for more detail.
**WARN: (IMPVL-159):	Pin 'VDD' of cell 'XNOR3XL' is defined in LEF but not in the timing library.
Type 'man IMPVL-159' for more detail.
**WARN: (IMPVL-159):	Pin 'VDD' of cell 'XNOR3X1' is defined in LEF but not in the timing library.
Type 'man IMPVL-159' for more detail.
**WARN: (IMPVL-159):	Pin 'VSS' of cell 'XNOR3X1' is defined in LEF but not in the timing library.
Type 'man IMPVL-159' for more detail.
**WARN: (IMPVL-159):	Pin 'VSS' of cell 'XNOR2XL' is defined in LEF but not in the timing library.
Type 'man IMPVL-159' for more detail.
**WARN: (IMPVL-159):	Pin 'VDD' of cell 'XNOR2XL' is defined in LEF but not in the timing library.
Type 'man IMPVL-159' for more detail.
**WARN: (IMPVL-159):	Pin 'VSS' of cell 'XNOR2X4' is defined in LEF but not in the timing library.
Type 'man IMPVL-159' for more detail.
**WARN: (IMPVL-159):	Pin 'VDD' of cell 'XNOR2X4' is defined in LEF but not in the timing library.
Type 'man IMPVL-159' for more detail.
**WARN: (EMS-27):	Message (IMPVL-159) has exceeded the current message display limit of 20.
To increase the message display limit, refer to the product command reference manual.
Created 479 new cells from 2 timing libraries.
Reading netlist ...
Backslashed names will retain backslash and a trailing blank character.
Reading verilog netlist 'OPT_netlist.v'

*** Memory Usage v#1 (Current mem = 1234.684M, initial mem = 483.887M) ***
*** End netlist parsing (cpu=0:00:00.7, real=0:00:01.0, mem=1234.7M) ***
#% End Load netlist data ... (date=08/11 13:04:51, total cpu=0:00:00.7, real=0:00:01.0, peak res=1170.3M, current mem=1169.6M)
Top level cell is secure_boot_top.
Hooked 958 DB cells to tlib cells.
Starting recursive module instantiation check.
No recursion found.
Building hierarchical netlist for Cell secure_boot_top ...
*** Netlist is unique.
** info: there are 1288 modules.
** info: there are 258377 stdCell insts.

*** Memory Usage v#1 (Current mem = 1400.598M, initial mem = 483.887M) ***
**WARN: (IMPFP-3961):	The techSite 'pad' has no related standard cells in the LEF/OA library. The calculations for this site type cannot be made unless standard cell models of this type exist in the LEF/OA library. Ignore this warning if the SITE is not used by the library. Alternatively, remove the SITE definition for the LEF/OA library to avoid this message.
Type 'man IMPFP-3961' for more detail.
**WARN: (IMPFP-3961):	The techSite 'corner' has no related standard cells in the LEF/OA library. The calculations for this site type cannot be made unless standard cell models of this type exist in the LEF/OA library. Ignore this warning if the SITE is not used by the library. Alternatively, remove the SITE definition for the LEF/OA library to avoid this message.
Type 'man IMPFP-3961' for more detail.
Horizontal Layer M1 offset = 290 (derived)
Vertical Layer M2 offset = 290 (derived)
Start create_tracks
Generated pitch 0.29 in Metal8 is different from 0.87 defined in technology file in unpreferred direction.
Extraction setup Started 
Initializing multi-corner RC extraction with 1 active RC Corners ...
Captable file(s) not specified in multi-corner setup. PreRoute extraction will use technology file. For postRoute extraction, default value for effort level would be 'medium' and effort level 'low' would not be allowed.
Generating auto layer map file.
Importing multi-corner technology file(s) for preRoute extraction...
/home/install/FOUNDRY/digital/90nm/dig/qrc/gpdk090_9l.tch
Generating auto layer map file.
Completed (cpu: 0:00:01.4 real: 0:00:02.0)
Set Shrink Factor to 1.00000
Summary of Active RC-Corners : 
 
 Analysis View: best
    RC-Corner Name        : rc
    RC-Corner Index       : 0
    RC-Corner Temperature : 25 Celsius
    RC-Corner Cap Table   : ''
    RC-Corner PreRoute Res Factor         : 1
    RC-Corner PreRoute Cap Factor         : 1
    RC-Corner PostRoute Res Factor        : 1 {1 1 1}
    RC-Corner PostRoute Cap Factor        : 1 {1 1 1}
    RC-Corner PostRoute XCap Factor       : 1 {1 1 1}
    RC-Corner PreRoute Clock Res Factor   : 1	[Derived from postRoute_res (effortLevel low)]
    RC-Corner PreRoute Clock Cap Factor   : 1	[Derived from postRoute_cap (effortLevel low)]
    RC-Corner PostRoute Clock Cap Factor  : 1 {1 1 1} 	[Derived from postRoute_cap (effortLevel low)]
    RC-Corner PostRoute Clock Res Factor  : 1 {1 1 1} 	[Derived from postRoute_res (effortLevel low)]
    RC-Corner PostRoute Clock coupling capacitance Factor : 1 {1 1 1} 
    RC-Corner Technology file: '/home/install/FOUNDRY/digital/90nm/dig/qrc/gpdk090_9l.tch'
 
 Analysis View: worst
    RC-Corner Name        : rc
    RC-Corner Index       : 0
    RC-Corner Temperature : 25 Celsius
    RC-Corner Cap Table   : ''
    RC-Corner PreRoute Res Factor         : 1
    RC-Corner PreRoute Cap Factor         : 1
    RC-Corner PostRoute Res Factor        : 1 {1 1 1}
    RC-Corner PostRoute Cap Factor        : 1 {1 1 1}
    RC-Corner PostRoute XCap Factor       : 1 {1 1 1}
    RC-Corner PreRoute Clock Res Factor   : 1	[Derived from postRoute_res (effortLevel low)]
    RC-Corner PreRoute Clock Cap Factor   : 1	[Derived from postRoute_cap (effortLevel low)]
    RC-Corner PostRoute Clock Cap Factor  : 1 {1 1 1} 	[Derived from postRoute_cap (effortLevel low)]
    RC-Corner PostRoute Clock Res Factor  : 1 {1 1 1} 	[Derived from postRoute_res (effortLevel low)]
    RC-Corner PostRoute Clock coupling capacitance Factor : 1 {1 1 1} 
    RC-Corner Technology file: '/home/install/FOUNDRY/digital/90nm/dig/qrc/gpdk090_9l.tch'
Updating RC grid for preRoute extraction ...
Initializing multi-corner resistance tables ...
Default value for postRoute extraction mode's effortLevel (-effortLevel option of setExtractRCMode) changed to 'medium'.
*Info: initialize multi-corner CTS.
Reading timing constraints file 'constraints_sdc.sdc' ...
Current (total cpu=0:00:12.9, real=0:00:52.0, peak res=1605.9M, current mem=1605.9M)
**WARN: (TCLNL-330):	set_input_delay on clock root 'clk' is not supported. You should use the -source option to set_clock_latency to provide this offset. You can also use the global timing_allow_input_delay_on_clock_source to allow set_input_delay assertion to have an effect on clock source paths beginning at this clock root. (File constraints_sdc.sdc, Line 6).

**WARN: (TCLCMD-513):	The software could not find a matching object of the specified type for the pattern 'rst' (File constraints_sdc.sdc, Line 7).

**ERROR: (TCLCMD-917):	Cannot find 'ports' that match 'rst' (File constraints_sdc.sdc, Line 7).

**WARN: (TCLCMD-513):	The software could not find a matching object of the specified type for the pattern '' (File constraints_sdc.sdc, Line 7).

**ERROR: (TCLNL-312):	set_input_delay: Invalid list of pins: '' (File constraints_sdc.sdc, Line 7).

**WARN: (TCLCMD-513):	The software could not find a matching object of the specified type for the pattern 'count' (File constraints_sdc.sdc, Line 8).

**ERROR: (TCLCMD-917):	Cannot find 'ports' that match 'count' (File constraints_sdc.sdc, Line 8).

**WARN: (TCLCMD-513):	The software could not find a matching object of the specified type for the pattern '' (File constraints_sdc.sdc, Line 8).

**ERROR: (TCLNL-312):	set_output_delay: Invalid list of pins: '' (File constraints_sdc.sdc, Line 8).

INFO (CTE): Reading of timing constraints file constraints_sdc.sdc completed, with 5 Warnings and 4 Errors.
Ending "Constraint file reading stats" (total cpu=0:00:00.1, real=0:00:00.0, peak res=1627.0M, current mem=1627.0M)
Current (total cpu=0:00:12.9, real=0:00:52.0, peak res=1627.0M, current mem=1627.0M)
Total number of combinational cells: 317
Total number of sequential cells: 152
Total number of tristate cells: 10
Total number of level shifter cells: 0
Total number of power gating cells: 0
Total number of isolation cells: 0
Total number of power switch cells: 0
Total number of pulse generator cells: 0
Total number of always on buffers: 0
Total number of retention cells: 0
List of usable buffers: BUFX2 BUFX12 BUFX16 BUFX20 CLKBUFX2 BUFX3 BUFX4 BUFX6 BUFX8 CLKBUFX12 CLKBUFX16 CLKBUFX20 CLKBUFX3 CLKBUFX4 CLKBUFX6 CLKBUFX8
Total number of usable buffers: 16
List of unusable buffers:
Total number of unusable buffers: 0
List of usable inverters: CLKINVX1 CLKINVX2 CLKINVX12 CLKINVX16 CLKINVX20 CLKINVX3 CLKINVX4 CLKINVX6 CLKINVX8 INVX1 INVX2 INVX12 INVX16 INVX20 INVXL INVX3 INVX4 INVX6 INVX8
Total number of usable inverters: 19
List of unusable inverters:
Total number of unusable inverters: 0
List of identified usable delay cells: DLY1X1 DLY1X4 DLY2X1 DLY2X4 DLY3X1 DLY3X4 DLY4X1 DLY4X4
Total number of identified usable delay cells: 8
List of identified unusable delay cells:
Total number of identified unusable delay cells: 0

*** Summary of all messages that are not suppressed in this session:
Severity  ID               Count  Summary                                  
WARNING   IMPLF-151           41  The viaRule '%s' has been defined, the c...
WARNING   IMPLF-58           487  MACRO '%s' has been found in the databas...
WARNING   IMPLF-61             1  %d duplicated MACRO definitions have bee...
WARNING   IMPLF-200            1  Pin '%s' in macro '%s' has no ANTENNAGAT...
ERROR     IMPLF-223          103  The LEF via '%s' definition already exis...
WARNING   IMPLF-105            4  The layer '%s' specified in SAMENET spac...
WARNING   IMPLF-119           27  LAYER '%s' has been found in the databas...
WARNING   IMPFP-3961           2  The techSite '%s' has no related standar...
WARNING   IMPVL-159          958  Pin '%s' of cell '%s' is defined in LEF ...
WARNING   TCLCMD-513           4  The software could not find a matching o...
ERROR     TCLCMD-917           2  Cannot find '%s' that match '%s'         
ERROR     TCLNL-312            2  %s: Invalid list of pins: '%s'           
WARNING   TCLNL-330            1  set_input_delay on clock root '%s' is no...
*** Message Summary: 1526 warning(s), 107 error(s)

<CMD> gui_select -rect {1734.67500 1638.28350 1734.67500 1616.02900}
<CMD> getIoFlowFlag
<CMD> setIoFlowFlag 0
<CMD> floorPlan -site gsclib090site -r 0.998469137229 0.699999 16 16 16 16
**WARN: (IMPFP-3961):	The techSite 'pad' has no related standard cells in the LEF/OA library. The calculations for this site type cannot be made unless standard cell models of this type exist in the LEF/OA library. Ignore this warning if the SITE is not used by the library. Alternatively, remove the SITE definition for the LEF/OA library to avoid this message.
Type 'man IMPFP-3961' for more detail.
**WARN: (IMPFP-3961):	The techSite 'corner' has no related standard cells in the LEF/OA library. The calculations for this site type cannot be made unless standard cell models of this type exist in the LEF/OA library. Ignore this warning if the SITE is not used by the library. Alternatively, remove the SITE definition for the LEF/OA library to avoid this message.
Type 'man IMPFP-3961' for more detail.
Horizontal Layer M1 offset = 290 (derived)
Vertical Layer M2 offset = 290 (derived)
Start create_tracks
Generated pitch 0.29 in Metal8 is different from 0.87 defined in technology file in unpreferred direction.
<CMD> uiSetTool select
<CMD> getIoFlowFlag
<CMD> fit
<CMD> setIoFlowFlag 0
<CMD> floorPlan -site gsclib090site -r 0.998324958124 0.699898 16.24 16.24 16.24 16.24
**WARN: (IMPFP-3961):	The techSite 'pad' has no related standard cells in the LEF/OA library. The calculations for this site type cannot be made unless standard cell models of this type exist in the LEF/OA library. Ignore this warning if the SITE is not used by the library. Alternatively, remove the SITE definition for the LEF/OA library to avoid this message.
Type 'man IMPFP-3961' for more detail.
**WARN: (IMPFP-3961):	The techSite 'corner' has no related standard cells in the LEF/OA library. The calculations for this site type cannot be made unless standard cell models of this type exist in the LEF/OA library. Ignore this warning if the SITE is not used by the library. Alternatively, remove the SITE definition for the LEF/OA library to avoid this message.
Type 'man IMPFP-3961' for more detail.
Horizontal Layer M1 offset = 290 (derived)
Vertical Layer M2 offset = 290 (derived)
Start create_tracks
Generated pitch 0.29 in Metal8 is different from 0.87 defined in technology file in unpreferred direction.
<CMD> uiSetTool select
<CMD> getIoFlowFlag
<CMD> fit
<CMD> getIoFlowFlag
<CMD> clearGlobalNets
<CMD> globalNetConnect vss -type pgpin -pin vss -instanceBasename * -hierarchicalInstance {}
**ERROR: (IMPDB-1221):	A Global Net Connection (GNC) is specified to connect the ground pins with the 'vss' name pattern to a global net.  Unable to establish connection because the 'ground' pin with the name pattern doesn't match in any cell.  Check the pin name in the Lef file or liberty and ensure it is correct.
<CMD> globalNetConnect vdd -type pgpin -pin vdd -instanceBasename * -hierarchicalInstance {}
**ERROR: (IMPDB-1221):	A Global Net Connection (GNC) is specified to connect the power pins with the 'vdd' name pattern to a global net.  Unable to establish connection because the 'power' pin with the name pattern doesn't match in any cell.  Check the pin name in the Lef file or liberty and ensure it is correct.
<CMD> set sprCreateIeRingOffset 1.0
<CMD> set sprCreateIeRingThreshold 1.0
<CMD> set sprCreateIeRingJogDistance 1.0
<CMD> set sprCreateIeRingLayers {}
<CMD> set sprCreateIeRingOffset 1.0
<CMD> set sprCreateIeRingThreshold 1.0
<CMD> set sprCreateIeRingJogDistance 1.0
<CMD> set sprCreateIeRingLayers {}
<CMD> set sprCreateIeStripeWidth 10.0
<CMD> set sprCreateIeStripeThreshold 1.0
<CMD> set sprCreateIeStripeWidth 10.0
<CMD> set sprCreateIeStripeThreshold 1.0
<CMD> set sprCreateIeRingOffset 1.0
<CMD> set sprCreateIeRingThreshold 1.0
<CMD> set sprCreateIeRingJogDistance 1.0
<CMD> set sprCreateIeRingLayers {}
<CMD> set sprCreateIeStripeWidth 10.0
<CMD> set sprCreateIeStripeThreshold 1.0
<CMD> setAddRingMode -ring_target default -extend_over_row 0 -ignore_rows 0 -avoid_short 0 -skip_crossing_trunks none -stacked_via_top_layer Metal9 -stacked_via_bottom_layer Metal1 -via_using_exact_crossover_size 1 -orthogonal_only true -skip_via_on_pin {  standardcell } -skip_via_on_wire_shape {  noshape }
The ring targets are set to core/block ring wires.
addRing command will consider rows while creating rings.
addRing command will disallow rings to go over rows.
addRing command will ignore shorts while creating rings.
<CMD> addRing -nets {vss vdd} -type core_rings -follow core -layer {top Metal9 bottom Metal9 left Metal8 right Metal8} -width {top 3.6 bottom 3.6 left 3.6 right 3.6} -spacing {top 1 bottom 1 left 1 right 1} -offset {top 1.8 bottom 1.8 left 1.8 right 1.8} -center 1 -threshold 0 -jog_distance 0 -snap_wire_center_to_grid None


viaInitial starts at Mon Aug 11 13:06:43 2025
viaInitial ends at Mon Aug 11 13:06:43 2025
Loading cell geometries (cpu: 0:00:00.0, real: 0:00:00.0, peak mem: 2156.9M)
Ring generation is complete.
vias are now being generated.
addRing created 8 wires.
ViaGen created 8 vias, deleted 0 via to avoid violation.
+--------+----------------+----------------+
|  Layer |     Created    |     Deleted    |
+--------+----------------+----------------+
| Metal8 |        4       |       NA       |
|  Via8  |        8       |        0       |
| Metal9 |        4       |       NA       |
+--------+----------------+----------------+
<CMD> setAddRingMode -ring_target default -extend_over_row 0 -ignore_rows 0 -avoid_short 0 -skip_crossing_trunks none -stacked_via_top_layer Metal9 -stacked_via_bottom_layer Metal1 -via_using_exact_crossover_size 1 -orthogonal_only true -skip_via_on_pin {  standardcell } -skip_via_on_wire_shape {  noshape }
The ring targets are set to core/block ring wires.
addRing command will consider rows while creating rings.
addRing command will disallow rings to go over rows.
addRing command will ignore shorts while creating rings.
<CMD> addRing -nets {vss vdd} -type core_rings -follow core -layer {top Metal9 bottom Metal9 left Metal8 right Metal8} -width {top 3.6 bottom 3.6 left 3.6 right 3.6} -spacing {top 1 bottom 1 left 1 right 1} -offset {top 1.8 bottom 1.8 left 1.8 right 1.8} -center 1 -threshold 0 -jog_distance 0 -snap_wire_center_to_grid None

Loading cell geometries (cpu: 0:00:00.0, real: 0:00:00.0, peak mem: 2156.9M)
Ring generation is complete.
<CMD> set sprCreateIeRingOffset 1.0
<CMD> set sprCreateIeRingThreshold 1.0
<CMD> set sprCreateIeRingJogDistance 1.0
<CMD> set sprCreateIeRingLayers {}
<CMD> set sprCreateIeRingOffset 1.0
<CMD> set sprCreateIeRingThreshold 1.0
<CMD> set sprCreateIeRingJogDistance 1.0
<CMD> set sprCreateIeRingLayers {}
<CMD> set sprCreateIeStripeWidth 10.0
<CMD> set sprCreateIeStripeThreshold 1.0
<CMD> set sprCreateIeStripeWidth 10.0
<CMD> set sprCreateIeStripeThreshold 1.0
<CMD> set sprCreateIeRingOffset 1.0
<CMD> set sprCreateIeRingThreshold 1.0
<CMD> set sprCreateIeRingJogDistance 1.0
<CMD> set sprCreateIeRingLayers {}
<CMD> set sprCreateIeStripeWidth 10.0
<CMD> set sprCreateIeStripeThreshold 1.0
<CMD> setAddStripeMode -ignore_block_check false -break_at none -route_over_rows_only false -rows_without_stripes_only false -extend_to_closest_target none -stop_at_last_wire_for_area false -partial_set_thru_domain false -ignore_nondefault_domains false -trim_antenna_back_to_shape none -spacing_type edge_to_edge -spacing_from_block 0 -stripe_min_length stripe_width -stacked_via_top_layer Metal9 -stacked_via_bottom_layer Metal1 -via_using_exact_crossover_size false -split_vias false -orthogonal_only true -allow_jog { padcore_ring  block_ring } -skip_via_on_pin {  standardcell } -skip_via_on_wire_shape {  noshape   }
addStripe will allow jog to connect padcore ring and block ring.

Stripes will stop at the boundary of the specified area.
When breaking rings, the power planner will consider the existence of blocks.
Stripes will not extend to closest target.
The power planner will set stripe antenna targets to none (no trimming allowed).
Stripes will not be created over regions without power planning wires.
The entire stripe set will break at the domain if one of the nets is not in the domain.
addStripe will break automatically at non-default domains when generating global stripes over the core area or default domain.
Offset for stripe breaking is set to 0.
<CMD> addStripe -nets {vdd vss} -layer Metal9 -direction horizontal -width 3.6 -spacing 0.9 -number_of_sets 3 -start_from bottom -start_offset 1 -stop_offset 1 -switch_layer_over_obs false -max_same_layer_jog_length 2 -padcore_ring_top_layer_limit Metal9 -padcore_ring_bottom_layer_limit Metal1 -block_ring_top_layer_limit Metal9 -block_ring_bottom_layer_limit Metal1 -use_wire_group 0 -snap_wire_center_to_grid None

Initialize fgc environment(mem: 2162.2M) ...  fail and won't use fgc to check drc(cpu: 0:00:00.0, real: 0:00:00.0, peak mem: 2162.2M)
Loading cell geometries (cpu: 0:00:00.0, real: 0:00:00.0, peak mem: 2162.2M)
Loading wires (cpu: 0:00:00.0, real: 0:00:00.0, peak mem: 2162.2M)
Loading via instances (cpu: 0:00:00.0, real: 0:00:00.0, peak mem: 2162.2M)
Starting stripe generation ...
Non-Default Mode Option Settings :
  NONE
Stripe generation is complete.
vias are now being generated.
addStripe created 6 wires.
ViaGen created 12 vias, deleted 0 via to avoid violation.
+--------+----------------+----------------+
|  Layer |     Created    |     Deleted    |
+--------+----------------+----------------+
|  Via8  |       12       |        0       |
| Metal9 |        6       |       NA       |
+--------+----------------+----------------+
<CMD> setAddStripeMode -ignore_block_check false -break_at none -route_over_rows_only false -rows_without_stripes_only false -extend_to_closest_target none -stop_at_last_wire_for_area false -partial_set_thru_domain false -ignore_nondefault_domains false -trim_antenna_back_to_shape none -spacing_type edge_to_edge -spacing_from_block 0 -stripe_min_length stripe_width -stacked_via_top_layer Metal9 -stacked_via_bottom_layer Metal1 -via_using_exact_crossover_size false -split_vias false -orthogonal_only true -allow_jog { padcore_ring  block_ring } -skip_via_on_pin {  standardcell } -skip_via_on_wire_shape {  noshape   }
addStripe will allow jog to connect padcore ring and block ring.

Stripes will stop at the boundary of the specified area.
When breaking rings, the power planner will consider the existence of blocks.
Stripes will not extend to closest target.
The power planner will set stripe antenna targets to none (no trimming allowed).
Stripes will not be created over regions without power planning wires.
The entire stripe set will break at the domain if one of the nets is not in the domain.
addStripe will break automatically at non-default domains when generating global stripes over the core area or default domain.
Offset for stripe breaking is set to 0.
<CMD> addStripe -nets {vdd vss} -layer Metal8 -direction vertical -width 3.6 -spacing 0.9 -number_of_sets 3 -start_from left -start_offset 1 -stop_offset 1 -switch_layer_over_obs false -max_same_layer_jog_length 2 -padcore_ring_top_layer_limit Metal9 -padcore_ring_bottom_layer_limit Metal1 -block_ring_top_layer_limit Metal9 -block_ring_bottom_layer_limit Metal1 -use_wire_group 0 -snap_wire_center_to_grid None

Initialize fgc environment(mem: 2162.2M) ...  fail and won't use fgc to check drc(cpu: 0:00:00.0, real: 0:00:00.0, peak mem: 2162.2M)
Loading cell geometries (cpu: 0:00:00.0, real: 0:00:00.0, peak mem: 2162.2M)
Loading wires (cpu: 0:00:00.0, real: 0:00:00.0, peak mem: 2162.2M)
Loading via instances (cpu: 0:00:00.0, real: 0:00:00.0, peak mem: 2162.2M)
Starting stripe generation ...
Non-Default Mode Option Settings :
  NONE
Stripe generation is complete.
vias are now being generated.
addStripe created 6 wires.
ViaGen created 30 vias, deleted 0 via to avoid violation.
+--------+----------------+----------------+
|  Layer |     Created    |     Deleted    |
+--------+----------------+----------------+
| Metal8 |        6       |       NA       |
|  Via8  |       30       |        0       |
+--------+----------------+----------------+
<CMD> setAddStripeMode -ignore_block_check false -break_at none -route_over_rows_only false -rows_without_stripes_only false -extend_to_closest_target none -stop_at_last_wire_for_area false -partial_set_thru_domain false -ignore_nondefault_domains false -trim_antenna_back_to_shape none -spacing_type edge_to_edge -spacing_from_block 0 -stripe_min_length stripe_width -stacked_via_top_layer Metal9 -stacked_via_bottom_layer Metal1 -via_using_exact_crossover_size false -split_vias false -orthogonal_only true -allow_jog { padcore_ring  block_ring } -skip_via_on_pin {  standardcell } -skip_via_on_wire_shape {  noshape   }
addStripe will allow jog to connect padcore ring and block ring.

Stripes will stop at the boundary of the specified area.
When breaking rings, the power planner will consider the existence of blocks.
Stripes will not extend to closest target.
The power planner will set stripe antenna targets to none (no trimming allowed).
Stripes will not be created over regions without power planning wires.
The entire stripe set will break at the domain if one of the nets is not in the domain.
addStripe will break automatically at non-default domains when generating global stripes over the core area or default domain.
Offset for stripe breaking is set to 0.
<CMD> addStripe -nets {vdd vss} -layer Metal8 -direction vertical -width 3.6 -spacing 0.9 -number_of_sets 3 -start_from left -start_offset 1 -stop_offset 1 -switch_layer_over_obs false -max_same_layer_jog_length 2 -padcore_ring_top_layer_limit Metal9 -padcore_ring_bottom_layer_limit Metal1 -block_ring_top_layer_limit Metal9 -block_ring_bottom_layer_limit Metal1 -use_wire_group 0 -snap_wire_center_to_grid None

Initialize fgc environment(mem: 2162.2M) ...  fail and won't use fgc to check drc(cpu: 0:00:00.0, real: 0:00:00.0, peak mem: 2162.2M)
Loading cell geometries (cpu: 0:00:00.0, real: 0:00:00.0, peak mem: 2162.2M)
Loading wires (cpu: 0:00:00.0, real: 0:00:00.0, peak mem: 2162.2M)
Loading via instances (cpu: 0:00:00.0, real: 0:00:00.0, peak mem: 2162.2M)
Starting stripe generation ...
Non-Default Mode Option Settings :
  NONE
**WARN: (IMPPP-170):	The power planner failed to create a wire at (19.040001, 4.020000) (19.040001, 1584.020020) because same wire already exists.
**WARN: (IMPPP-170):	The power planner failed to create a wire at (793.075012, 4.020000) (793.075012, 1584.020020) because same wire already exists.
**WARN: (IMPPP-170):	The power planner failed to create a wire at (1567.109985, 4.020000) (1567.109985, 1584.020020) because same wire already exists.
**WARN: (IMPPP-170):	The power planner failed to create a wire at (23.540001, 8.620000) (23.540001, 1579.420044) because same wire already exists.
**WARN: (IMPPP-170):	The power planner failed to create a wire at (797.575012, 8.620000) (797.575012, 1579.420044) because same wire already exists.
**WARN: (IMPPP-170):	The power planner failed to create a wire at (1571.609985, 8.620000) (1571.609985, 1579.420044) because same wire already exists.
Stripe generation is complete.
<CMD> addEndCap -preCap FILL2 -postCap FILL2 -prefix ENDCAP
**WARN: (IMPSP-5224):	Option '-preCap' for command addEndCap is obsolete and has been replaced by 'setEndCapMode -rightEdge cell_name'. 
The obsolete option still works in this release but to avoid this warning and to ensure compatibility with future releases, 
update your script to use 'setEndCapMode -rightEdge cell_name' and 'addEndCap'.
**WARN: (IMPSP-5224):	Option '-postcap' for command addEndCap is obsolete and has been replaced by 'setEndCapMode -leftEdge cell_name'. 
The obsolete option still works in this release but to avoid this warning and to ensure compatibility with future releases, 
update your script to use 'setEndCapMode -rightEdge cell_name' and 'addEndCap'.
**WARN: (IMPSP-5534):	'setEndCapMode -leftEdge' and 'setEndCapMode -rightEdge' are using the same endcap cells
**WARN: (IMPSP-5534):	'setEndCapMode -leftBottomCorner' and 'setEndCapMode -rightBottomCorner' are using the same endcap cells
**WARN: (IMPSP-5534):	'setEndCapMode -leftTopCorner' and 'setEndCapMode -rightTopCorner' are using the same endcap cells
Estimated cell power/ground rail width = 0.326 um
Minimum row-size in sites for endcap insertion = 5.
Minimum number of sites for row blockage       = 1.
Inserted 596 pre-endcap <FILL2> cells (prefix ENDCAP).
Inserted 596 post-endcap <FILL2> cells (prefix ENDCAP).
For 1192 new insts, <CMD> addEndCap -preCap FILL2 -postCap FILL2 -prefix ENDCAP
**WARN: (IMPSP-5224):	Option '-preCap' for command addEndCap is obsolete and has been replaced by 'setEndCapMode -rightEdge cell_name'. 
The obsolete option still works in this release but to avoid this warning and to ensure compatibility with future releases, 
update your script to use 'setEndCapMode -rightEdge cell_name' and 'addEndCap'.
**WARN: (IMPSP-5224):	Option '-postcap' for command addEndCap is obsolete and has been replaced by 'setEndCapMode -leftEdge cell_name'. 
The obsolete option still works in this release but to avoid this warning and to ensure compatibility with future releases, 
update your script to use 'setEndCapMode -rightEdge cell_name' and 'addEndCap'.
**WARN: (IMPSP-5534):	'setEndCapMode -leftEdge' and 'setEndCapMode -rightEdge' are using the same endcap cells
**WARN: (IMPSP-5534):	'setEndCapMode -leftBottomCorner' and 'setEndCapMode -rightBottomCorner' are using the same endcap cells
**WARN: (IMPSP-5534):	'setEndCapMode -leftTopCorner' and 'setEndCapMode -rightTopCorner' are using the same endcap cells
Minimum row-size in sites for endcap insertion = 5.
Minimum number of sites for row blockage       = 1.
**WARN: (IMPSP-5119):	AddEndCap is unable to add Pre-cap cell (FILL2) at (16.240, 16.240).
Type 'man IMPSP-5119' for more detail.
**WARN: (IMPSP-5119):	AddEndCap is unable to add Post-cap cell (FILL2) at (1573.830, 16.240).
Type 'man IMPSP-5119' for more detail.
**WARN: (IMPSP-5119):	AddEndCap is unable to add Pre-cap cell (FILL2) at (16.240, 18.850).
Type 'man IMPSP-5119' for more detail.
**WARN: (IMPSP-5119):	AddEndCap is unable to add Post-cap cell (FILL2) at (1573.830, 18.850).
Type 'man IMPSP-5119' for more detail.
**WARN: (IMPSP-5119):	AddEndCap is unable to add Pre-cap cell (FILL2) at (16.240, 21.460).
Type 'man IMPSP-5119' for more detail.
**WARN: (IMPSP-5119):	AddEndCap is unable to add Post-cap cell (FILL2) at (1573.830, 21.460).
Type 'man IMPSP-5119' for more detail.
**WARN: (IMPSP-5119):	AddEndCap is unable to add Pre-cap cell (FILL2) at (16.240, 24.070).
Type 'man IMPSP-5119' for more detail.
**WARN: (IMPSP-5119):	AddEndCap is unable to add Post-cap cell (FILL2) at (1573.830, 24.070).
Type 'man IMPSP-5119' for more detail.
**WARN: (IMPSP-5119):	AddEndCap is unable to add Pre-cap cell (FILL2) at (16.240, 26.680).
Type 'man IMPSP-5119' for more detail.
**WARN: (IMPSP-5119):	AddEndCap is unable to add Post-cap cell (FILL2) at (1573.830, 26.680).
Type 'man IMPSP-5119' for more detail.
**WARN: (IMPSP-5119):	AddEndCap is unable to add Pre-cap cell (FILL2) at (16.240, 29.290).
Type 'man IMPSP-5119' for more detail.
**WARN: (IMPSP-5119):	AddEndCap is unable to add Post-cap cell (FILL2) at (1573.830, 29.290).
Type 'man IMPSP-5119' for more detail.
**WARN: (IMPSP-5119):	AddEndCap is unable to add Pre-cap cell (FILL2) at (16.240, 31.900).
Type 'man IMPSP-5119' for more detail.
**WARN: (IMPSP-5119):	AddEndCap is unable to add Post-cap cell (FILL2) at (1573.830, 31.900).
Type 'man IMPSP-5119' for more detail.
**WARN: (IMPSP-5119):	AddEndCap is unable to add Pre-cap cell (FILL2) at (16.240, 34.510).
Type 'man IMPSP-5119' for more detail.
**WARN: (IMPSP-5119):	AddEndCap is unable to add Post-cap cell (FILL2) at (1573.830, 34.510).
Type 'man IMPSP-5119' for more detail.
**WARN: (IMPSP-5119):	AddEndCap is unable to add Pre-cap cell (FILL2) at (16.240, 37.120).
Type 'man IMPSP-5119' for more detail.
**WARN: (IMPSP-5119):	AddEndCap is unable to add Post-cap cell (FILL2) at (1573.830, 37.120).
Type 'man IMPSP-5119' for more detail.
**WARN: (IMPSP-5119):	AddEndCap is unable to add Pre-cap cell (FILL2) at (16.240, 39.730).
Type 'man IMPSP-5119' for more detail.
**WARN: (IMPSP-5119):	AddEndCap is unable to add Post-cap cell (FILL2) at (1573.830, 39.730).
Type 'man IMPSP-5119' for more detail.
**WARN: (EMS-27):	Message (IMPSP-5119) has exceeded the current message display limit of 20.
To increase the message display limit, refer to the product command reference manual.
Inserted 0 pre-endcap <FILL2> cells (prefix ENDCAP).
Inserted 0 post-endcap <FILL2> cells (prefix ENDCAP).
**ERROR: (IMPSP-5106):	AddEndCap cannot place end cap cells at the ends of the site rows. Most probably there are pre-placed std-cell insts at 'start' of 'some' rows. Remove pre-placed instances and re-run addEndCap again.
Type 'man IMPSP-5106' for more detail.
**ERROR: (IMPSP-5106):	AddEndCap cannot place end cap cells at the ends of the site rows. Most probably there are pre-placed std-cell insts at 'end' of 'some' rows. Remove pre-placed instances and re-run addEndCap again.
Type 'man IMPSP-5106' for more detail.
For 0 new insts, *** Applied 0 GNC rules.
<CMD> addWellTap -cell FILL2 -cellInterval 35 -prefix WELLTAP
**WARN: (IMPSP-5134):	Setting cellInterval to 34.800 (microns) as a multiple of cell FILL2's techSite 'gsclib090site' width of 0.290 microns
Type 'man IMPSP-5134' for more detail.
For 27416 new insts, Inserted 27416 well-taps <FILL2> cells (prefix WELLTAP).
<CMD> addWellTap -cell FILL2 -cellInterval 35 -prefix WELLTAP
**WARN: (IMPSP-5134):	Setting cellInterval to 34.800 (microns) as a multiple of cell FILL2's techSite 'gsclib090site' width of 0.290 microns
Type 'man IMPSP-5134' for more detail.
For 53044 new insts, Inserted 53044 well-taps <FILL2> cells (prefix WELLTAP).
<CMD> setRouteMode -earlyGlobalHonorMsvRouteConstraint false -earlyGlobalRoutePartitionPinGuide true
<CMD> setEndCapMode -reset
<CMD> setEndCapMode -boundary_tap false
<CMD> setNanoRouteMode -quiet -droutePostRouteSpreadWire 1
<CMD> setNanoRouteMode -quiet -droutePostRouteWidenWireRule LEFDefaultRouteSpec_gpdk090
<CMD> setNanoRouteMode -quiet -timingEngine {}
<CMD> setUsefulSkewMode -noBoundary false -maxAllowedDelay 1
<CMD> setPlaceMode -reset
<CMD> setPlaceMode -congEffort auto -timingDriven 1 -clkGateAware 1 -powerDriven 0 -ignoreScan 1 -reorderScan 1 -ignoreSpare 0 -placeIOPins 1 -moduleAwareSpare 0 -preserveRouting 1 -rmAffectedRouting 0 -checkRoute 0 -swapEEQ 0
<CMD> setRouteMode -earlyGlobalHonorMsvRouteConstraint false -earlyGlobalRoutePartitionPinGuide true
<CMD> setEndCapMode -reset
<CMD> setEndCapMode -boundary_tap false
<CMD> setUsefulSkewMode -noBoundary false -maxAllowedDelay 1
<CMD> setMultiCpuUsage -localCpu 24 -cpuPerRemoteHost 1 -remoteHost 0 -keepLicense true
Setting releaseMultiCpuLicenseMode to false.
<CMD> setDistributeHost -local
The timeout for a remote job to respond is 3600 seconds.
Submit command for task runs will be: local
<CMD> setMultiCpuUsage -localCpu 24 -cpuPerRemoteHost 1 -remoteHost 0 -keepLicense true
Setting releaseMultiCpuLicenseMode to false.
<CMD> setDistributeHost -local
The timeout for a remote job to respond is 3600 seconds.
Submit command for task runs will be: local
<CMD> setPlaceMode -fp false
<CMD> place_design
*** placeDesign #1 [begin] : totSession cpu/real = 0:00:23.9/0:04:52.4 (0.1), mem = 2221.4M
*** Starting placeDesign default flow ***
*** Start deleteBufferTree ***
Total CPU(s) requested: 24
Total CPU(s) enabled with current License(s): 8
Current free CPU(s): 8
Additional license(s) checked out: 2 Innovus_CPU_Opt license(s) for 16 CPU(s)
[13:09:01.188250] Periodic Lic check successful
[13:09:01.188257] Feature usage summary:
[13:09:01.188257] Innovus_Impl_System
[13:09:01.188257] Innovus_CPU_Opt

Total CPU(s) now enabled: 24
Multithreaded Timing Analysis is initialized with 24 threads

Info: Detect buffers to remove automatically.
Analyzing netlist ...
Updating netlist

*summary: 5797 instances (buffers/inverters) removed
*** Finish deleteBufferTree (0:00:05.4) ***
**INFO: Enable pre-place timing setting for timing analysis
Set Using Default Delay Limit as 101.
**WARN: (IMPDC-1629):	The default delay limit was set to 101. This is less than the default of 1000 and may result in inaccurate delay calculation for nets with a fanout higher than the setting.  If needed, the default delay limit may be adjusted by running the command 'set delaycal_use_default_delay_limit'.
Set Default Net Delay as 0 ps.
Set Default Net Load as 0 pF. 
Set Default Input Pin Transition as 1 ps.
**INFO: Analyzing IO path groups for slack adjustment
Effort level <high> specified for reg2reg_tmp.5976 path_group
AAE_INFO: opIsDesignInPostRouteState() is 0
AAE DB initialization (MEM=2894.67 CPU=0:00:00.1 REAL=0:00:00.0) 
#################################################################################
# Design Stage: PreRoute
# Design Name: secure_boot_top
# Design Mode: 90nm
# Analysis Mode: MMMC Non-OCV 
# Parasitics Mode: No SPEF/RCDB 
# Signoff Settings: SI Off 
#################################################################################
Calculate delays in BcWc mode...
Start delay calculation (fullDC) (24 T). (MEM=2923.12)
Total number of fetched objects 253020
End delay calculation. (MEM=4609.96 CPU=0:00:19.4 REAL=0:00:01.0)
End delay calculation (fullDC). (MEM=4609.96 CPU=0:00:22.8 REAL=0:00:02.0)
**INFO: Disable pre-place timing setting for timing analysis
Set Using Default Delay Limit as 1000.
Set Default Net Delay as 1000 ps.
Set Default Input Pin Transition as 0.1 ps.
Set Default Net Load as 0.5 pF. 
**INFO: Pre-place timing setting for timing analysis already disabled
Deleted 0 physical inst  (cell - / prefix -).
Did not delete 81652 physical insts as they were marked preplaced.
INFO: #ExclusiveGroups=0
INFO: There are no Exclusive Groups.
Extracting standard cell pins and blockage ...... 
Pin and blockage extraction finished
Extracting macro/IO cell pins and blockage ...... 
Pin and blockage extraction finished
*** Starting "NanoPlace(TM) placement v#6 (mem=4421.4M)" ...
*** Build Buffered Sizing Timing Model
(cpu=0:00:00.8 mem=4613.4M) ***
*** Build Virtual Sizing Timing Model
(cpu=0:00:00.8 mem=4613.4M) ***
No user-set net weight.
Net fanout histogram:
2		: 119080 (47.1%) nets
3		: 64581 (25.5%) nets
4     -	14	: 64686 (25.6%) nets
15    -	39	: 4608 (1.8%) nets
40    -	79	: 24 (0.0%) nets
80    -	159	: 0 (0.0%) nets
160   -	319	: 16 (0.0%) nets
320   -	639	: 8 (0.0%) nets
640   -	1279	: 0 (0.0%) nets
1280  -	2559	: 0 (0.0%) nets
2560  -	5119	: 16 (0.0%) nets
5120+		: 1 (0.0%) nets
Options: timingDriven clkGateAware ignoreScan pinGuide congEffort=auto gpeffort=medium 
**WARN: (IMPSP-9042):	Scan chains were not defined, -place_global_ignore_scan option will be ignored.
Define the scan chains before using this option.
Type 'man IMPSP-9042' for more detail.
#std cell=334394 (81652 fixed + 252742 movable) #buf cell=0 #inv cell=31731 #block=0 (0 floating + 0 preplaced)
#ioInst=0 #net=253020 #term=1036286 #term/net=4.10, #fixedIo=0, #floatIo=0, #fixedPin=0, #floatPin=543
stdCell: 334394 single + 0 double + 0 multi
Total standard cell length = 692.1552 (mm), area = 1.8065 (mm^2)
Average module density = 0.732.
Density for the design = 0.732.
       = stdcell_area 2223438 sites (1682920 um^2) / alloc_area 3039004 sites (2300222 um^2).
Pin Density = 0.3236.
            = total # of pins 1036286 / total area 3202308.
Enabling multi-CPU acceleration with 24 CPU(s) for placement
=== lastAutoLevel = 10 
Clock gating cells determined by native netlist tracing.
Iteration  1: Total net bbox = 9.341e-07 (5.71e-07 3.63e-07)
              Est.  stn bbox = 9.991e-07 (6.02e-07 3.97e-07)
              cpu = 0:00:00.4 real = 0:00:00.0 mem = 4795.9M
Iteration  2: Total net bbox = 9.341e-07 (5.71e-07 3.63e-07)
              Est.  stn bbox = 9.991e-07 (6.02e-07 3.97e-07)
              cpu = 0:00:00.0 real = 0:00:00.0 mem = 4799.7M
Iteration  3: Total net bbox = 5.299e+03 (2.58e+03 2.72e+03)
              Est.  stn bbox = 6.790e+03 (3.23e+03 3.56e+03)
              cpu = 0:00:31.5 real = 0:00:03.0 mem = 5962.5M
Active setup views:
    best
Iteration  4: Total net bbox = 1.426e+06 (8.14e+05 6.11e+05)
              Est.  stn bbox = 1.881e+06 (1.10e+06 7.80e+05)
              cpu = 0:01:37 real = 0:00:06.0 mem = 5960.9M
Iteration  5: Total net bbox = 2.163e+06 (1.22e+06 9.46e+05)
              Est.  stn bbox = 2.785e+06 (1.60e+06 1.18e+06)
              cpu = 0:01:26 real = 0:00:06.0 mem = 5960.4M
Iteration  6: Total net bbox = 2.301e+06 (1.24e+06 1.06e+06)
              Est.  stn bbox = 2.958e+06 (1.63e+06 1.33e+06)
              cpu = 0:02:03 real = 0:00:07.0 mem = 6558.6M
Iteration  7: Total net bbox = 2.734e+06 (1.53e+06 1.21e+06)
              Est.  stn bbox = 3.431e+06 (1.93e+06 1.50e+06)
              cpu = 0:00:00.1 real = 0:00:00.0 mem = 5815.6M
Iteration  8: Total net bbox = 2.734e+06 (1.53e+06 1.21e+06)
              Est.  stn bbox = 3.431e+06 (1.93e+06 1.50e+06)
              cpu = 0:00:50.6 real = 0:00:16.0 mem = 5783.6M
Iteration  9: Total net bbox = 2.657e+06 (1.51e+06 1.15e+06)
              Est.  stn bbox = 3.337e+06 (1.90e+06 1.43e+06)
              cpu = 0:02:22 real = 0:00:10.0 mem = 5813.6M
Iteration 10: Total net bbox = 2.657e+06 (1.51e+06 1.15e+06)
              Est.  stn bbox = 3.337e+06 (1.90e+06 1.43e+06)
              cpu = 0:00:50.9 real = 0:00:17.0 mem = 5781.6M
Iteration 11: Total net bbox = 3.776e+06 (2.02e+06 1.76e+06)
              Est.  stn bbox = 4.707e+06 (2.53e+06 2.17e+06)
              cpu = 0:03:01 real = 0:00:12.0 mem = 5806.6M
Iteration 12: Total net bbox = 3.776e+06 (2.02e+06 1.76e+06)
              Est.  stn bbox = 4.707e+06 (2.53e+06 2.17e+06)
              cpu = 0:00:50.9 real = 0:00:17.0 mem = 5774.6M
Iteration 13: Total net bbox = 6.008e+06 (3.14e+06 2.87e+06)
              Est.  stn bbox = 7.362e+06 (3.87e+06 3.49e+06)
              cpu = 0:05:36 real = 0:00:21.0 mem = 5800.6M
Iteration 14: Total net bbox = 6.008e+06 (3.14e+06 2.87e+06)
              Est.  stn bbox = 7.362e+06 (3.87e+06 3.49e+06)
              cpu = 0:00:00.1 real = 0:00:00.0 mem = 5800.6M
Iteration 15: Total net bbox = 6.372e+06 (3.32e+06 3.05e+06)
              Est.  stn bbox = 7.771e+06 (4.08e+06 3.70e+06)
              cpu = 0:03:01 real = 0:00:14.0 mem = 5797.6M
Iteration 16: Total net bbox = 6.372e+06 (3.32e+06 3.05e+06)
              Est.  stn bbox = 7.771e+06 (4.08e+06 3.70e+06)
              cpu = 0:00:50.9 real = 0:00:16.0 mem = 5765.6M
Iteration 17: Total net bbox = 5.942e+06 (3.01e+06 2.94e+06)
              Est.  stn bbox = 7.227e+06 (3.69e+06 3.54e+06)
              cpu = 0:01:39 real = 0:00:08.0 mem = 5797.6M
Iteration 18: Total net bbox = 5.942e+06 (3.01e+06 2.94e+06)
              Est.  stn bbox = 7.227e+06 (3.69e+06 3.54e+06)
              cpu = 0:00:00.1 real = 0:00:00.0 mem = 5797.6M
Iteration 19: Total net bbox = 5.942e+06 (3.01e+06 2.94e+06)
              Est.  stn bbox = 7.227e+06 (3.69e+06 3.54e+06)
              cpu = 0:00:00.2 real = 0:00:00.0 mem = 5797.6M
*** cost = 5.942e+06 (3.01e+06 2.94e+06) (cpu for global=0:24:56) real=0:02:36***
Placement multithread real runtime: 0:02:36 with 24 threads.
Info: 0 clock gating cells identified, 0 (on average) moved 0/10
Solver runtime cpu: 0:20:34 real: 0:01:15
Core Placement runtime cpu: 0:21:06 real: 0:01:22
**WARN: (IMPSP-9025):	No scan chain specified/traced.
Type 'man IMPSP-9025' for more detail.
*** Starting refinePlace (0:26:28 mem=5023.6M) ***
Total net bbox length = 5.942e+06 (3.005e+06 2.937e+06) (ext = 9.563e+04)
Move report: Detail placement moves 252738 insts, mean move: 1.82 um, max move: 49.60 um 
	Max move on inst (mem_ctrl/g249624__2802): (1096.48, 313.78) --> (1106.93, 274.63)
	Runtime: CPU: 0:00:21.9 REAL: 0:00:06.0 MEM: 5286.6MB
Summary Report:
Instances move: 252738 (out of 252742 movable)
Instances flipped: 2
Mean displacement: 1.82 um
Max displacement: 49.60 um (Instance: mem_ctrl/g249624__2802) (1096.48, 313.784) -> (1106.93, 274.63)
	Length: 6 sites, height: 1 rows, site name: gsclib090site, cell type: OR2X1
Total net bbox length = 5.985e+06 (2.967e+06 3.017e+06) (ext = 9.545e+04)
Runtime: CPU: 0:00:22.1 REAL: 0:00:07.0 MEM: 5286.6MB
*** Finished refinePlace (0:26:50 mem=5286.6M) ***
*** End of Placement (cpu=0:25:46, real=0:02:52, mem=5024.6M) ***
default core: bins with density > 0.750 = 60.92 % ( 2193 / 3600 )
Density distribution unevenness ratio = 7.734%
*** Free Virtual Timing Model ...(mem=5023.7M)
Starting IO pin assignment...
The design is not routed. Using placement based method for pin assignment.
Completed IO pin assignment.
**INFO: Enable pre-place timing setting for timing analysis
Set Using Default Delay Limit as 101.
**WARN: (IMPDC-1629):	The default delay limit was set to 101. This is less than the default of 1000 and may result in inaccurate delay calculation for nets with a fanout higher than the setting.  If needed, the default delay limit may be adjusted by running the command 'set delaycal_use_default_delay_limit'.
Set Default Net Delay as 0 ps.
Set Default Net Load as 0 pF. 
**INFO: Analyzing IO path groups for slack adjustment
Effort level <high> specified for reg2reg_tmp.5976 path_group
AAE_INFO: opIsDesignInPostRouteState() is 0
#################################################################################
# Design Stage: PreRoute
# Design Name: secure_boot_top
# Design Mode: 90nm
# Analysis Mode: MMMC Non-OCV 
# Parasitics Mode: No SPEF/RCDB 
# Signoff Settings: SI Off 
#################################################################################
Calculate delays in BcWc mode...
Start delay calculation (fullDC) (24 T). (MEM=5228.7)
Total number of fetched objects 253020
End delay calculation. (MEM=6311.25 CPU=0:00:19.8 REAL=0:00:01.0)
End delay calculation (fullDC). (MEM=6311.25 CPU=0:00:23.1 REAL=0:00:02.0)
**INFO: Disable pre-place timing setting for timing analysis
Set Using Default Delay Limit as 1000.
Set Default Net Delay as 1000 ps.
Set Default Net Load as 0.5 pF. 
Info: Disable timing driven in postCTS congRepair.

Starting congRepair ...
[NR-eGR] Track table information for default rule: 
[NR-eGR] Metal1 has single uniform track structure
[NR-eGR] Metal2 has single uniform track structure
[NR-eGR] Metal3 has single uniform track structure
[NR-eGR] Metal4 has single uniform track structure
[NR-eGR] Metal5 has single uniform track structure
[NR-eGR] Metal6 has single uniform track structure
[NR-eGR] Metal7 has single uniform track structure
[NR-eGR] Metal8 has single uniform track structure
[NR-eGR] Metal9 has single uniform track structure
[NR-eGR] Read 120 PG shapes
[NR-eGR] Read 0 clock shapes
[NR-eGR] Read 0 other shapes
[NR-eGR] #Routing Blockages  : 0
[NR-eGR] #Instance Blockages : 0
[NR-eGR] #PG Blockages       : 120
[NR-eGR] #Halo Blockages     : 0
[NR-eGR] #Boundary Blockages : 0
[NR-eGR] #Clock Blockages    : 0
[NR-eGR] #Other Blockages    : 0
[NR-eGR] Num Prerouted Nets = 0  Num Prerouted Wires = 0
[NR-eGR] Read 253020 nets ( ignored 0 )
[NR-eGR] There are 1 clock nets ( 0 with NDR ).
[NR-eGR] ============ Routing rule table ============
[NR-eGR] Rule id: 0  Nets: 253020
[NR-eGR] ========================================
[NR-eGR] 
[NR-eGR] Layer group 1: route 253020 net(s) in layer range [2, 9]
[NR-eGR] Early Global Route overflow of layer group 1: 0.00% H + 0.00% V. EstWL: 7.678550e+06um
[NR-eGR] Congestion Analysis By layer: (blocked Gcells are excluded) 
[NR-eGR]                        OverCon           OverCon            
[NR-eGR]                         #Gcell            #Gcell     %Gcell
[NR-eGR]        Layer             (1-2)               (3)    OverCon
[NR-eGR] ---------------------------------------------------------------
[NR-eGR]  Metal1 ( 1)         0( 0.00%)         0( 0.00%)   ( 0.00%) 
[NR-eGR]  Metal2 ( 2)       701( 0.19%)         3( 0.00%)   ( 0.19%) 
[NR-eGR]  Metal3 ( 3)       640( 0.17%)         1( 0.00%)   ( 0.17%) 
[NR-eGR]  Metal4 ( 4)         5( 0.00%)         0( 0.00%)   ( 0.00%) 
[NR-eGR]  Metal5 ( 5)         3( 0.00%)         0( 0.00%)   ( 0.00%) 
[NR-eGR]  Metal6 ( 6)         0( 0.00%)         0( 0.00%)   ( 0.00%) 
[NR-eGR]  Metal7 ( 7)         6( 0.00%)         0( 0.00%)   ( 0.00%) 
[NR-eGR]  Metal8 ( 8)         0( 0.00%)         0( 0.00%)   ( 0.00%) 
[NR-eGR]  Metal9 ( 9)         0( 0.00%)         0( 0.00%)   ( 0.00%) 
[NR-eGR] ---------------------------------------------------------------
[NR-eGR]        Total      1355( 0.05%)         4( 0.00%)   ( 0.05%) 
[NR-eGR] 
[NR-eGR] Overflow after Early Global Route 0.00% H + 0.00% V
Early Global Route congestion estimation runtime: 2.41 seconds, mem = 5393.4M
Local HotSpot Analysis: normalized max congestion hotspot area = 0.00, normalized total congestion hotspot area = 0.00 (area is in unit of 4 std-cell row bins)
Skipped repairing congestion.
[NR-eGR]                 Length (um)     Vias 
[NR-eGR] -------------------------------------
[NR-eGR]  Metal1  (1H)             0  1035743 
[NR-eGR]  Metal2  (2V)       2308251  1459760 
[NR-eGR]  Metal3  (3H)       2709046   264368 
[NR-eGR]  Metal4  (4V)       1354224   135240 
[NR-eGR]  Metal5  (5H)        975524    33456 
[NR-eGR]  Metal6  (6V)        463147     4098 
[NR-eGR]  Metal7  (7H)        202840      146 
[NR-eGR]  Metal8  (8V)         10609       73 
[NR-eGR]  Metal9  (9H)          2355        0 
[NR-eGR] -------------------------------------
[NR-eGR]          Total      8025996  2932884 
[NR-eGR] --------------------------------------------------------------------------
[NR-eGR] Total half perimeter of net bounding box: 5984704um
[NR-eGR] Total length: 8025996um, number of vias: 2932884
[NR-eGR] --------------------------------------------------------------------------
[NR-eGR] Total eGR-routed clock nets wire length: 151303um, number of vias: 86520
[NR-eGR] --------------------------------------------------------------------------
Early Global Route wiring runtime: 0.74 seconds, mem = 5952.6M
Tdgp not successfully inited but do clear! skip clearing
End of congRepair (cpu=0:00:20.6, real=0:00:03.0)
*** Finishing placeDesign default flow ***
**placeDesign ... cpu = 0:27:22, real = 0: 3:28, mem = 5417.6M **
Tdgp not successfully inited but do clear! skip clearing

*** Summary of all messages that are not suppressed in this session:
Severity  ID               Count  Summary                                  
WARNING   IMPDC-1629           2  The default delay limit was set to %d. T...
WARNING   IMPSP-9025           1  No scan chain specified/traced.          
WARNING   IMPSP-9042           1  Scan chains were not defined, -place_glo...
*** Message Summary: 4 warning(s), 0 error(s)

*** placeDesign #1 [finish] : cpu/real = 0:27:22.7/0:03:28.8 (7.9), totSession cpu/real = 0:27:46.6/0:08:21.2 (3.3), mem = 5417.6M
<CMD> redirect -quiet {set honorDomain [getAnalysisMode -honorClockDomains]} > /dev/null
<CMD> timeDesign -preCTS -pathReports -drvReports -slackReports -numPaths 50 -prefix secure_boot_top_preCTS -outDir timingReports
AAE DB initialization (MEM=5217.4 CPU=0:00:00.2 REAL=0:00:00.0) 
*** timeDesign #1 [begin] : totSession cpu/real = 0:27:48.2/0:08:40.8 (3.2), mem = 5217.4M
Setting timing_disable_library_data_to_data_checks to 'true'.
Setting timing_disable_user_data_to_data_checks to 'true'.
Start to check current routing status for nets...
All nets are already routed correctly.
End to check current routing status for nets (mem=5144.4M)
Extraction called for design 'secure_boot_top' of instances=334394 and nets=254338 using extraction engine 'preRoute' .
**WARN: (IMPEXT-3530):	The process node is not set. Use the command setDesignMode -process <process node> prior to extraction for maximum accuracy and optimal automatic threshold setting.
Type 'man IMPEXT-3530' for more detail.
PreRoute RC Extraction called for design secure_boot_top.
RC Extraction called in multi-corner(1) mode.
RCMode: PreRoute
      RC Corner Indexes            0   
Capacitance Scaling Factor   : 1.00000 
Resistance Scaling Factor    : 1.00000 
Clock Cap. Scaling Factor    : 1.00000 
Clock Res. Scaling Factor    : 1.00000 
Shrink Factor                : 1.00000
PreRoute extraction is honoring NDR/Shielding/ExtraSpace for clock nets.
Using Quantus QRC technology file ...
Updating RC grid for preRoute extraction ...
Initializing multi-corner resistance tables ...
PreRoute RC Extraction DONE (CPU Time: 0:00:00.8  Real Time: 0:00:01.0  MEM: 5144.398M)
Starting delay calculation for Setup views
AAE_INFO: opIsDesignInPostRouteState() is 0
#################################################################################
# Design Stage: PreRoute
# Design Name: secure_boot_top
# Design Mode: 90nm
# Analysis Mode: MMMC Non-OCV 
# Parasitics Mode: No SPEF/RCDB 
# Signoff Settings: SI Off 
#################################################################################
Calculate delays in BcWc mode...
Start delay calculation (fullDC) (24 T). (MEM=5396.74)
Total number of fetched objects 253020
End delay calculation. (MEM=6976.69 CPU=0:00:25.8 REAL=0:00:01.0)
End delay calculation (fullDC). (MEM=6976.69 CPU=0:00:31.8 REAL=0:00:02.0)
*** Done Building Timing Graph (cpu=0:00:38.0 real=0:00:03.0 totSessionCpu=0:28:40 mem=6808.7M)

------------------------------------------------------------------
          timeDesign Summary
------------------------------------------------------------------

Setup views included:
 best 

+--------------------+---------+---------+---------+
|     Setup mode     |   all   | reg2reg | default |
+--------------------+---------+---------+---------+
|           WNS (ns):| -43.170 |  0.481  | -43.170 |
|           TNS (ns):|-1.4e+06 |  0.000  |-1.4e+06 |
|    Violating Paths:|  32784  |    0    |  32784  |
|          All Paths:|  98328  |  32784  |  65552  |
+--------------------+---------+---------+---------+

+----------------+-------------------------------+------------------+
|                |              Real             |       Total      |
|    DRVs        +------------------+------------+------------------|
|                |  Nr nets(terms)  | Worst Vio  |  Nr nets(terms)  |
+----------------+------------------+------------+------------------+
|   max_cap      |     55 (55)      |  -15.874   |     55 (55)      |
|   max_tran     |      0 (0)       |   0.000    |      0 (0)       |
|   max_fanout   |      0 (0)       |     0      |      0 (0)       |
|   max_length   |      0 (0)       |     0      |      0 (0)       |
+----------------+------------------+------------+------------------+

Density: 73.163%
Routing Overflow: 0.00% H and 0.00% V
------------------------------------------------------------------
Reported timing to dir timingReports
Total CPU time: 60.67 sec
Total Real time: 11.0 sec
Total Memory Usage: 5821.363281 Mbytes
*** timeDesign #1 [finish] : cpu/real = 0:01:00.5/0:00:10.8 (5.6), totSession cpu/real = 0:28:48.7/0:08:51.6 (3.3), mem = 5821.4M
<CMD> redirect -quiet {set honorDomain [getAnalysisMode -honorClockDomains]} > /dev/null
<CMD> timeDesign -preCTS -pathReports -drvReports -slackReports -numPaths 50 -prefix secure_boot_top_preCTS -outDir timingReports
*** timeDesign #2 [begin] : totSession cpu/real = 0:28:48.7/0:08:51.7 (3.3), mem = 5821.4M
Start to check current routing status for nets...
All nets are already routed correctly.
End to check current routing status for nets (mem=5821.4M)

------------------------------------------------------------------
          timeDesign Summary
------------------------------------------------------------------

Setup views included:
 best 

+--------------------+---------+---------+---------+
|     Setup mode     |   all   | reg2reg | default |
+--------------------+---------+---------+---------+
|           WNS (ns):| -43.170 |  0.481  | -43.170 |
|           TNS (ns):|-1.4e+06 |  0.000  |-1.4e+06 |
|    Violating Paths:|  32784  |    0    |  32784  |
|          All Paths:|  98328  |  32784  |  65552  |
+--------------------+---------+---------+---------+

+----------------+-------------------------------+------------------+
|                |              Real             |       Total      |
|    DRVs        +------------------+------------+------------------|
|                |  Nr nets(terms)  | Worst Vio  |  Nr nets(terms)  |
+----------------+------------------+------------+------------------+
|   max_cap      |     55 (55)      |  -15.874   |     55 (55)      |
|   max_tran     |      0 (0)       |   0.000    |      0 (0)       |
|   max_fanout   |      0 (0)       |     0      |      0 (0)       |
|   max_length   |      0 (0)       |     0      |      0 (0)       |
+----------------+------------------+------------+------------------+

Density: 73.163%
Routing Overflow: 0.00% H and 0.00% V
------------------------------------------------------------------
Reported timing to dir timingReports
Total CPU time: 23.42 sec
Total Real time: 7.0 sec
Total Memory Usage: 5824.683594 Mbytes
*** timeDesign #2 [finish] : cpu/real = 0:00:23.4/0:00:06.6 (3.5), totSession cpu/real = 0:29:12.1/0:08:58.3 (3.3), mem = 5824.7M
<CMD> report_area
<CMD> report_power
env CDS_WORKAREA is set to /home/student/Documents/22ecr205

Power Net Detected:
        Voltage	    Name
             0V	    vss
           1.1V	    vdd
Using Power View: best.

Begin Power Analysis

             0V	    vss
           1.1V	    vdd

Warning:
  There are 2 power/gnd nets that are not connected
vss vdd ...
Use 'globalNetConnect' to define rail connections.
[PowermeterNetlistLib::InfoMergingRails]
** WARN:  (VOLTUS_POWR-2035): There are 2 power/gnd nets that are not connected
vss vdd ...
Use 'globalNetConnect' to define rail connections.



Begin Processing Timing Library for Power Calculation

Begin Processing Timing Library for Power Calculation



Begin Processing Power Net/Grid for Power Calculation

Ended Processing Power Net/Grid for Power Calculation: (cpu=0:00:00, real=0:00:00, mem(process/total/peak)=4054.68MB/7350.02MB/4503.14MB)

Begin Processing Timing Window Data for Power Calculation

clk(500MHz) Ended Processing Timing Window Data for Power Calculation: (cpu=0:00:00, real=0:00:00, mem(process/total/peak)=4070.05MB/7350.02MB/4503.14MB)

Begin Processing User Attributes

Ended Processing User Attributes: (cpu=0:00:00, real=0:00:00, mem(process/total/peak)=4070.30MB/7350.02MB/4503.14MB)

Begin Processing Signal Activity


Starting Levelizing
2025-Aug-11 13:14:51 (2025-Aug-11 07:44:51 GMT)
2025-Aug-11 13:14:51 (2025-Aug-11 07:44:51 GMT): 10%
2025-Aug-11 13:14:51 (2025-Aug-11 07:44:51 GMT): 20%
2025-Aug-11 13:14:52 (2025-Aug-11 07:44:52 GMT): 30%
2025-Aug-11 13:14:52 (2025-Aug-11 07:44:52 GMT): 40%
2025-Aug-11 13:14:52 (2025-Aug-11 07:44:52 GMT): 50%
2025-Aug-11 13:14:52 (2025-Aug-11 07:44:52 GMT): 60%
2025-Aug-11 13:14:52 (2025-Aug-11 07:44:52 GMT): 70%
2025-Aug-11 13:14:52 (2025-Aug-11 07:44:52 GMT): 80%
2025-Aug-11 13:14:52 (2025-Aug-11 07:44:52 GMT): 90%

Finished Levelizing
2025-Aug-11 13:14:52 (2025-Aug-11 07:44:52 GMT)

Starting Activity Propagation
2025-Aug-11 13:14:52 (2025-Aug-11 07:44:52 GMT)
** INFO:  (VOLTUS_POWR-1356): No default input activity has been set. Defaulting to 0.2.
Use 'set_default_switching_activity -input_activity' command to change the default activity value.

2025-Aug-11 13:14:53 (2025-Aug-11 07:44:53 GMT): 10%
2025-Aug-11 13:14:54 (2025-Aug-11 07:44:54 GMT): 20%
2025-Aug-11 13:14:54 (2025-Aug-11 07:44:54 GMT): 30%

Finished Activity Propagation
2025-Aug-11 13:14:56 (2025-Aug-11 07:44:56 GMT)
Ended Processing Signal Activity: (cpu=0:00:04, real=0:00:04, mem(process/total/peak)=4083.01MB/7350.02MB/4503.14MB)

Begin Power Computation

      ----------------------------------------------------------
      # of cell(s) missing both power/leakage table: 0
      # of cell(s) missing power table: 0
      # of cell(s) missing leakage table: 0
      ----------------------------------------------------------



Starting Calculating power
2025-Aug-11 13:14:56 (2025-Aug-11 07:44:56 GMT)
  instance mem_ctrl/FE_DBTC161_addr_3 is not connected to any rail
  instance \encrypt_inst_loop[1].er_s_sub_Bytes[120].s
/FE_DBTC160_plaintext_126 is not connected to any rail
  instance \encrypt_inst_loop[1].er_s_sub_Bytes[104].s
/FE_DBTC159_plaintext_110 is not connected to any rail
  instance \encrypt_inst_loop[1].er_s_sub_Bytes[96].s
/FE_DBTC158_plaintext_102 is not connected to any rail
  instance \encrypt_inst_loop[1].er_s_sub_Bytes[88].s
/FE_DBTC157_plaintext_94 is not connected to any rail
  only first five unconnected instances are listed...
2025-Aug-11 13:14:58 (2025-Aug-11 07:44:58 GMT): 10%
2025-Aug-11 13:14:58 (2025-Aug-11 07:44:58 GMT): 20%
2025-Aug-11 13:14:58 (2025-Aug-11 07:44:58 GMT): 30%
2025-Aug-11 13:14:58 (2025-Aug-11 07:44:58 GMT): 40%
2025-Aug-11 13:14:58 (2025-Aug-11 07:44:58 GMT): 50%
2025-Aug-11 13:14:58 (2025-Aug-11 07:44:58 GMT): 60%
2025-Aug-11 13:14:58 (2025-Aug-11 07:44:58 GMT): 70%
2025-Aug-11 13:14:58 (2025-Aug-11 07:44:58 GMT): 80%
2025-Aug-11 13:14:58 (2025-Aug-11 07:44:58 GMT): 90%

Finished Calculating power
2025-Aug-11 13:14:58 (2025-Aug-11 07:44:58 GMT)
      # of MSMV cell(s) missing power_level: 0
Ended Power Computation: (cpu=0:00:08, real=0:00:02, mem(process/total/peak)=4096.42MB/7580.08MB/4503.14MB)

Begin Processing User Attributes

Ended Processing User Attributes: (cpu=0:00:00, real=0:00:00, mem(process/total/peak)=4096.42MB/7580.08MB/4503.14MB)

Ended Power Analysis: (cpu=0:00:14, real=0:00:08, mem(process/total/peak)=4096.42MB/7580.08MB/4503.14MB)

Begin Boundary Leakage Calculation
Ended Boundary Leakage Calculation: (cpu=0:00:00, real=0:00:00,
mem(process/total/peak)=4096.42MB/7580.08MB/4503.14MB)
Begin Static Power Report Generation
*----------------------------------------------------------------------------------------
*	Innovus 21.15-s110_1 (64bit) 09/23/2022 13:08 (Linux 3.10.0-693.el7.x86_64)
*	
*
* 	Date & Time:	2025-Aug-11 13:14:58 (2025-Aug-11 07:44:58 GMT)
*
*----------------------------------------------------------------------------------------
*
*	Design: secure_boot_top
*
*	Liberty Libraries used:
*	        best: /home/install/FOUNDRY/digital/90nm/dig/lib/fast.lib
*
*	Parasitic Files used:
*
*	Power Units = 1mW
*
*	Time Units = 1e-09 secs
*
*       report_power
*
-----------------------------------------------------------------------------------------
*



Total Power
-----------------------------------------------------------------------------------------
Total Internal Power:     1105.31068600 	   56.5916%
Total Switching Power:     831.63176040 	   42.5793%
Total Leakage Power:        16.19412267 	    0.8291%
Total Power:              1953.13656907
-----------------------------------------------------------------------------------------


Group                           Internal   Switching     Leakage       Total  Percentage 
                                Power      Power         Power         Power  (%)        
-----------------------------------------------------------------------------------------
Sequential                         425.7       7.394       8.442       441.5        22.6
Macro                                  0           0           0           0           0
IO                                     0           0           0           0           0
Combinational                      679.7       824.2       7.752        1512        77.4
Clock (Combinational)                  0           0           0           0           0
Clock (Sequential)                     0           0           0           0           0
-----------------------------------------------------------------------------------------
Total                               1105       831.6       16.19        1953         100
-----------------------------------------------------------------------------------------


Rail                  Voltage   Internal   Switching     Leakage       Total  Percentage 
                                Power      Power         Power         Power  (%)        
-----------------------------------------------------------------------------------------
Default                   1.1       1105       831.6       16.19        1953         100
 
 
-----------------------------------------------------------------------------------------
*	Power Distribution Summary: 
*              Highest Average Power: mem_ctrl/FE_DBTC22_n_121229 (CLKINVX1):           0.7408
*              Highest Leakage Power:      mem_ctrl/dout_reg[0] (MDFFHQX2):        0.0003334
*                Total Cap:      2.52931e-09 F
*                Total instances in design: 252742
*                Total instances in design with no power:     0
*                Total instances in design with no activty:     0

*                Total Fillers and Decap:     0
-----------------------------------------------------------------------------------------
 
** INFO:  (VOLTUS_POWR-3465): There are 0 decaps and 0 fillers in the design

Ended Static Power Report Generation: (cpu=0:00:00, real=0:00:00,
mem(process/total/peak)=4153.12MB/7636.50MB/4503.14MB)

<CMD> setOptMode -fixCap true -fixTran true -fixFanoutLoad false
<CMD> optDesign -preCTS
Executing: place_opt_design -opt
**INFO: User settings:
setExtractRCMode -engine                            preRoute
setUsefulSkewMode -maxAllowedDelay                  1
setUsefulSkewMode -noBoundary                       false
setDelayCalMode -enable_high_fanout                 true
setDelayCalMode -engine                             aae
setDelayCalMode -ignoreNetLoad                      false
setDelayCalMode -socv_accuracy_mode                 low
setOptMode -fixCap                                  true
setOptMode -fixFanoutLoad                           false
setOptMode -fixTran                                 true
setPlaceMode -place_design_floorplan_mode           false
setPlaceMode -place_detail_check_route              false
setPlaceMode -place_detail_preserve_routing         true
setPlaceMode -place_detail_remove_affected_routing  false
setPlaceMode -place_detail_swap_eeq_cells           false
setPlaceMode -place_global_clock_gate_aware         true
setPlaceMode -place_global_cong_effort              auto
setPlaceMode -place_global_ignore_scan              true
setPlaceMode -place_global_ignore_spare             false
setPlaceMode -place_global_module_aware_spare       false
setPlaceMode -place_global_place_io_pins            true
setPlaceMode -place_global_reorder_scan             true
setPlaceMode -powerDriven                           false
setPlaceMode -timingDriven                          true
setAnalysisMode -checkType                          setup
setAnalysisMode -clkSrcPath                         true
setAnalysisMode -clockPropagation                   forcedIdeal
setAnalysisMode -virtualIPO                         false
setRouteMode -earlyGlobalHonorMsvRouteConstraint    false
setRouteMode -earlyGlobalRoutePartitionPinGuide     true

*** place_opt_design #1 [begin] : totSession cpu/real = 0:29:46.8/0:12:24.9 (2.4), mem = 6089.8M
No user sequential activity specified, applying default sequential activity of "0.2" for Dynamic Power reporting.
'set_default_switching_activity' finished successfully.
*** Starting GigaPlace ***
*** GlobalPlace #1 [begin] (place_opt_design #1) : totSession cpu/real = 0:29:48.6/0:12:25.3 (2.4), mem = 6049.8M
*** GlobalPlace #1 [finish] (place_opt_design #1) : cpu/real = 0:00:00.0/0:00:00.0 (0.0), totSession cpu/real = 0:29:48.6/0:12:25.3 (2.4), mem = 6049.8M
Enable CTE adjustment.
**optDesign ... cpu = 0:00:00, real = 0:00:00, mem = 4026.7M, totSessionCpu=0:29:49 **
GigaOpt running with 24 threads.
*** InitOpt #1 [begin] (place_opt_design #1) : totSession cpu/real = 0:29:48.7/0:12:25.4 (2.4), mem = 6049.8M
**INFO: setDesignMode -flowEffort standard -> setting 'setOptMode -allEndPoints true' for the duration of this command.
**optDesign ... cpu = 0:00:02, real = 0:00:01, mem = 4038.4M, totSessionCpu=0:29:50 **
*** optDesign -preCTS ***
DRC Margin: user margin 0.0; extra margin 0.2
Setup Target Slack: user slack 0; extra slack 0.0
Hold Target Slack: user slack 0
Multi-VT timing optimization disabled based on library information.
[NR-eGR] Started Early Global Route kernel ( Curr Mem: 6073.82 MB )
[NR-eGR] Track table information for default rule: 
[NR-eGR] Metal1 has single uniform track structure
[NR-eGR] Metal2 has single uniform track structure
[NR-eGR] Metal3 has single uniform track structure
[NR-eGR] Metal4 has single uniform track structure
[NR-eGR] Metal5 has single uniform track structure
[NR-eGR] Metal6 has single uniform track structure
[NR-eGR] Metal7 has single uniform track structure
[NR-eGR] Metal8 has single uniform track structure
[NR-eGR] Metal9 has single uniform track structure
[NR-eGR] Read 120 PG shapes
[NR-eGR] Read 0 clock shapes
[NR-eGR] Read 0 other shapes
[NR-eGR] #Routing Blockages  : 0
[NR-eGR] #Instance Blockages : 0
[NR-eGR] #PG Blockages       : 120
[NR-eGR] #Halo Blockages     : 0
[NR-eGR] #Boundary Blockages : 0
[NR-eGR] #Clock Blockages    : 0
[NR-eGR] #Other Blockages    : 0
[NR-eGR] Num Prerouted Nets = 0  Num Prerouted Wires = 0
[NR-eGR] Read 253020 nets ( ignored 0 )
[NR-eGR] There are 1 clock nets ( 0 with NDR ).
[NR-eGR] ============ Routing rule table ============
[NR-eGR] Rule id: 0  Nets: 253020
[NR-eGR] ========================================
[NR-eGR] 
[NR-eGR] Layer group 1: route 253020 net(s) in layer range [2, 9]
[NR-eGR] Early Global Route overflow of layer group 1: 0.00% H + 0.00% V. EstWL: 7.783059e+06um
[NR-eGR] Congestion Analysis By layer: (blocked Gcells are excluded) 
[NR-eGR]                        OverCon           OverCon            
[NR-eGR]                         #Gcell            #Gcell     %Gcell
[NR-eGR]        Layer             (1-2)               (3)    OverCon
[NR-eGR] ---------------------------------------------------------------
[NR-eGR]  Metal1 ( 1)         0( 0.00%)         0( 0.00%)   ( 0.00%) 
[NR-eGR]  Metal2 ( 2)       786( 0.21%)         3( 0.00%)   ( 0.21%) 
[NR-eGR]  Metal3 ( 3)       722( 0.19%)         5( 0.00%)   ( 0.20%) 
[NR-eGR]  Metal4 ( 4)        15( 0.00%)         0( 0.00%)   ( 0.00%) 
[NR-eGR]  Metal5 ( 5)        11( 0.00%)         0( 0.00%)   ( 0.00%) 
[NR-eGR]  Metal6 ( 6)         0( 0.00%)         0( 0.00%)   ( 0.00%) 
[NR-eGR]  Metal7 ( 7)         4( 0.00%)         0( 0.00%)   ( 0.00%) 
[NR-eGR]  Metal8 ( 8)         0( 0.00%)         0( 0.00%)   ( 0.00%) 
[NR-eGR]  Metal9 ( 9)         0( 0.00%)         0( 0.00%)   ( 0.00%) 
[NR-eGR] ---------------------------------------------------------------
[NR-eGR]        Total      1538( 0.05%)         8( 0.00%)   ( 0.05%) 
[NR-eGR] 
[NR-eGR] Overflow after Early Global Route 0.00% H + 0.00% V
[NR-eGR]                 Length (um)     Vias 
[NR-eGR] -------------------------------------
[NR-eGR]  Metal1  (1H)             0  1035743 
[NR-eGR]  Metal2  (2V)       2326549  1461113 
[NR-eGR]  Metal3  (3H)       2736525   266644 
[NR-eGR]  Metal4  (4V)       1366914   139806 
[NR-eGR]  Metal5  (5H)       1006172    34342 
[NR-eGR]  Metal6  (6V)        473897     4379 
[NR-eGR]  Metal7  (7H)        211512      144 
[NR-eGR]  Metal8  (8V)          9618       79 
[NR-eGR]  Metal9  (9H)          2755        0 
[NR-eGR] -------------------------------------
[NR-eGR]          Total      8133941  2942250 
[NR-eGR] --------------------------------------------------------------------------
[NR-eGR] Total half perimeter of net bounding box: 5984704um
[NR-eGR] Total length: 8133941um, number of vias: 2942250
[NR-eGR] --------------------------------------------------------------------------
[NR-eGR] Total eGR-routed clock nets wire length: 156037um, number of vias: 85016
[NR-eGR] --------------------------------------------------------------------------
[NR-eGR] Finished Early Global Route kernel ( CPU: 22.94 sec, Real: 3.80 sec, Curr Mem: 6548.68 MB )
Extraction called for design 'secure_boot_top' of instances=334394 and nets=254338 using extraction engine 'preRoute' .
**WARN: (IMPEXT-3530):	The process node is not set. Use the command setDesignMode -process <process node> prior to extraction for maximum accuracy and optimal automatic threshold setting.
Type 'man IMPEXT-3530' for more detail.
PreRoute RC Extraction called for design secure_boot_top.
RC Extraction called in multi-corner(1) mode.
RCMode: PreRoute
      RC Corner Indexes            0   
Capacitance Scaling Factor   : 1.00000 
Resistance Scaling Factor    : 1.00000 
Clock Cap. Scaling Factor    : 1.00000 
Clock Res. Scaling Factor    : 1.00000 
Shrink Factor                : 1.00000
PreRoute extraction is honoring NDR/Shielding/ExtraSpace for clock nets.
Using Quantus QRC technology file ...
Updating RC grid for preRoute extraction ...
Initializing multi-corner resistance tables ...
PreRoute RC Extraction DONE (CPU Time: 0:00:00.8  Real Time: 0:00:00.0  MEM: 6067.680M)
Starting delay calculation for Setup views
AAE_INFO: opIsDesignInPostRouteState() is 0
#################################################################################
# Design Stage: PreRoute
# Design Name: secure_boot_top
# Design Mode: 90nm
# Analysis Mode: MMMC Non-OCV 
# Parasitics Mode: No SPEF/RCDB 
# Signoff Settings: SI Off 
#################################################################################
Calculate delays in BcWc mode...
Start delay calculation (fullDC) (24 T). (MEM=6053.33)
Total number of fetched objects 253020
End delay calculation. (MEM=7155.17 CPU=0:00:26.0 REAL=0:00:01.0)
End delay calculation (fullDC). (MEM=7155.17 CPU=0:00:32.1 REAL=0:00:02.0)
*** Done Building Timing Graph (cpu=0:00:49.3 real=0:00:04.0 totSessionCpu=0:31:05 mem=7155.2M)

------------------------------------------------------------------
             Initial Summary
------------------------------------------------------------------

Setup views included:
 best 

+--------------------+---------+
|     Setup mode     |   all   |
+--------------------+---------+
|           WNS (ns):| -43.407 |
|           TNS (ns):|-1.41e+06|
|    Violating Paths:|  32784  |
|          All Paths:|  98328  |
+--------------------+---------+

+----------------+-------------------------------+------------------+
|                |              Real             |       Total      |
|    DRVs        +------------------+------------+------------------|
|                |  Nr nets(terms)  | Worst Vio  |  Nr nets(terms)  |
+----------------+------------------+------------+------------------+
|   max_cap      |     55 (55)      |  -16.147   |     55 (55)      |
|   max_tran     |      0 (0)       |   0.000    |      0 (0)       |
|   max_fanout   |      0 (0)       |     0      |      0 (0)       |
|   max_length   |      0 (0)       |     0      |      0 (0)       |
+----------------+------------------+------------+------------------+

Density: 73.163%
------------------------------------------------------------------
**optDesign ... cpu = 0:01:21, real = 0:00:12, mem = 4231.3M, totSessionCpu=0:31:10 **
*** InitOpt #1 [finish] (place_opt_design #1) : cpu/real = 0:01:21.1/0:00:12.1 (6.7), totSession cpu/real = 0:31:09.9/0:12:37.5 (2.5), mem = 6123.2M
** INFO : this run is activating medium effort placeOptDesign flow
*** Starting optimizing excluded clock nets MEM= 6123.2M) ***
*info: No excluded clock nets to be optimized.
*** Finished optimizing excluded clock nets (CPU Time= 0:00:00.0  MEM= 6123.2M) ***
Begin: GigaOpt Route Type Constraints Refinement
*** CongRefineRouteType #1 [begin] (place_opt_design #1) : totSession cpu/real = 0:31:11.5/0:12:38.4 (2.5), mem = 6123.2M
Updated routing constraints on 0 nets.
Bottom Preferred Layer:
    None
Via Pillar Rule:
    None
*** CongRefineRouteType #1 [finish] (place_opt_design #1) : cpu/real = 0:00:01.2/0:00:00.4 (2.8), totSession cpu/real = 0:31:12.7/0:12:38.9 (2.5), mem = 6285.7M
End: GigaOpt Route Type Constraints Refinement
The useful skew maximum allowed delay set by user is: 1
*** SimplifyNetlist #1 [begin] (place_opt_design #1) : totSession cpu/real = 0:31:18.1/0:12:40.3 (2.5), mem = 6285.7M
Info: 1 clock net  excluded from IPO operation.

Footprint cell information for calculating maxBufDist
*info: There are 15 candidate Buffer cells
*info: There are 19 candidate Inverter cells


Netlist preparation processing... 
Removed 0 instance
*info: Marking 0 isolation instances dont touch
*info: Marking 0 level shifter instances dont touch
*** SimplifyNetlist #1 [finish] (place_opt_design #1) : cpu/real = 0:00:04.0/0:00:02.6 (1.5), totSession cpu/real = 0:31:22.1/0:12:43.0 (2.5), mem = 6222.9M
Begin: GigaOpt high fanout net optimization
*** DrvOpt #1 [begin] (place_opt_design #1) : totSession cpu/real = 0:31:23.5/0:12:43.8 (2.5), mem = 6238.9M
Info: 1 clock net  excluded from IPO operation.
+---------+---------+--------+------------+------------+--------+
| Density | Commits |  WNS   |    TNS     |    Real    |  Mem   |
+---------+---------+--------+------------+------------+--------+
|   73.16%|        -| -43.407|-1408356.126|   0:00:00.0| 7320.7M|
|   73.73%|     1564| -43.407|-1408322.841|   0:00:02.0| 8367.9M|
+---------+---------+--------+------------+------------+--------+

*** Finish pre-CTS High Fanout Net Fixing (cpu=0:00:09.9 real=0:00:02.0 mem=8367.9M) ***
Bottom Preferred Layer:
    None
Via Pillar Rule:
    None
*** DrvOpt #1 [finish] (place_opt_design #1) : cpu/real = 0:00:18.2/0:00:04.7 (3.9), totSession cpu/real = 0:31:41.7/0:12:48.5 (2.5), mem = 6537.1M
End: GigaOpt high fanout net optimization
Begin: GigaOpt DRV Optimization
*** DrvOpt #2 [begin] (place_opt_design #1) : totSession cpu/real = 0:31:41.7/0:12:48.5 (2.5), mem = 6537.1M
Info: 1 clock net  excluded from IPO operation.
+-------------------------------------------------------------------------------------------------------------------------------------------------------+
|        max-tran       |        max-cap        |  max-fanout |  max-length |       setup       |        |        |        |       |          |         |
+-------------------------------------------------------------------------------------------------------------------------------------------------------+
| nets | terms|  wViol  | nets | terms|  wViol  | nets | terms| nets | terms|   WNS   |   TNS   |  #Buf  |  #Inv  | #Resize|Density|   Real   |   Mem   |
+-------------------------------------------------------------------------------------------------------------------------------------------------------+
|     0|     0|     0.00|    40|    40|    -1.31|     0|     0|     0|     0|   -43.41|-1.41e+06|       0|       0|       0| 73.73%|          |         |
|     0|     0|     0.00|     0|     0|     0.00|     0|     0|     0|     0|   -43.34|-1.41e+06|      40|       0|      33| 73.74%| 0:00:01.0|  8330.6M|
|     0|     0|     0.00|     0|     0|     0.00|     0|     0|     0|     0|   -43.34|-1.41e+06|       0|       0|       0| 73.74%| 0:00:00.0|  8330.6M|
+-------------------------------------------------------------------------------------------------------------------------------------------------------+
Bottom Preferred Layer:
    None
Via Pillar Rule:
    None

*** Finish DRV Fixing (cpu=0:00:10.8 real=0:00:02.0 mem=8330.6M) ***

*** DrvOpt #2 [finish] (place_opt_design #1) : cpu/real = 0:00:17.8/0:00:03.2 (5.5), totSession cpu/real = 0:31:59.5/0:12:51.8 (2.5), mem = 6601.9M
End: GigaOpt DRV Optimization
**optDesign ... cpu = 0:02:11, real = 0:00:26, mem = 4599.7M, totSessionCpu=0:32:00 **

Active setup views:
 best
  Dominating endpoints: 0
  Dominating TNS: -0.000

Begin: GigaOpt Global Optimization
*info: use new DP (enabled)
Info: 1 clock net  excluded from IPO operation.
*** GlobalOpt #1 [begin] (place_opt_design #1) : totSession cpu/real = 0:32:00.7/0:12:52.9 (2.5), mem = 7088.2M
*info: 1 clock net excluded
*info: 1316 no-driver nets excluded.
** GigaOpt Global Opt WNS Slack -43.336  TNS Slack -1409014.086 
+--------+------------+---------+------------+--------+----------+---------+------------------------------+
|  WNS   |    TNS     | Density |    Real    |  Mem   |Worst View|Pathgroup|          End Point           |
+--------+------------+---------+------------+--------+----------+---------+------------------------------+
| -43.336|-1409014.086|   73.74%|   0:00:00.0| 7713.5M|      best|  default| mem_ctrl/mem_reg[2939][4]/SE |
| -38.772|-1259397.625|   74.72%|   0:00:32.0| 9251.3M|      best|  default| mem_ctrl/mem_reg[2939][4]/SE |
| -35.330|-1150517.125|   75.01%|   0:00:09.0| 9368.9M|      best|  default| mem_ctrl/mem_reg[2889][0]/SE |
| -35.330|-1150517.125|   75.01%|   0:00:02.0| 9469.0M|      best|  default| mem_ctrl/mem_reg[2889][0]/SE |
| -31.343|-1022287.000|   75.32%|   0:00:28.0| 9469.0M|      best|  default| mem_ctrl/mem_reg[3004][0]/SE |
| -29.708| -968476.938|   75.73%|   0:00:24.0| 9568.7M|      best|  default| mem_ctrl/mem_reg[3004][0]/SE |
| -29.248| -954704.812|   75.82%|   0:00:05.0| 9668.8M|      best|  default| mem_ctrl/mem_reg[236][0]/SE  |
| -29.248| -954704.812|   75.82%|   0:00:01.0| 9668.8M|      best|  default| mem_ctrl/mem_reg[236][0]/SE  |
| -28.458| -928760.375|   76.02%|   0:00:13.0| 9686.3M|      best|  default| mem_ctrl/mem_reg[236][0]/SE  |
| -27.449| -895628.250|   76.34%|   0:00:17.0| 9686.3M|      best|  default| mem_ctrl/mem_reg[236][0]/SE  |
| -27.245| -888805.688|   76.37%|   0:00:03.0| 9686.3M|      best|  default| mem_ctrl/mem_reg[236][0]/SE  |
| -27.245| -888805.688|   76.37%|   0:00:02.0| 9686.3M|      best|  default| mem_ctrl/mem_reg[236][0]/SE  |
| -26.774| -873258.000|   76.58%|   0:00:10.0| 9686.3M|      best|  default| mem_ctrl/mem_reg[236][0]/SE  |
| -26.055| -849682.250|   76.94%|   0:00:17.0| 9684.3M|      best|  default| mem_ctrl/mem_reg[236][0]/SE  |
| -26.012| -848289.312|   76.96%|   0:00:03.0| 9684.3M|      best|  default| mem_ctrl/mem_reg[236][0]/SE  |
| -26.012| -848289.312|   76.96%|   0:00:01.0| 9684.3M|      best|  default| mem_ctrl/mem_reg[236][0]/SE  |
| -25.594| -834554.375|   77.21%|   0:00:11.0| 9684.3M|      best|  default| mem_ctrl/mem_reg[236][0]/SE  |
| -25.229| -822545.812|   77.53%|   0:00:14.0| 9684.3M|      best|  default| mem_ctrl/mem_reg[236][0]/SE  |
| -25.149| -819877.875|   77.54%|   0:00:03.0| 9684.3M|      best|  default| mem_ctrl/mem_reg[236][0]/SE  |
| -25.149| -819877.875|   77.54%|   0:00:02.0| 9684.3M|      best|  default| mem_ctrl/mem_reg[236][0]/SE  |
| -24.869| -810721.062|   77.80%|   0:00:10.0| 9701.8M|      best|  default| mem_ctrl/mem_reg[236][0]/SE  |
| -24.785| -807868.688|   77.84%|   0:00:07.0| 9701.8M|      best|  default| mem_ctrl/mem_reg[236][0]/SE  |
+--------+------------+---------+------------+--------+----------+---------+------------------------------+

*** Finish pre-CTS Global Setup Fixing (cpu=0:30:30 real=0:03:34 mem=9701.8M) ***

*** Finish pre-CTS Setup Fixing (cpu=0:30:30 real=0:03:34 mem=9701.8M) ***
Bottom Preferred Layer:
+---------------+------------+----------+
|     Layer     |   OPT_LA   |   Rule   |
+---------------+------------+----------+
| Metal8 (z=8)  |          4 | default  |
+---------------+------------+----------+
Via Pillar Rule:
    None
** GigaOpt Global Opt End WNS Slack -24.785  TNS Slack -807868.679 
*** GlobalOpt #1 [finish] (place_opt_design #1) : cpu/real = 0:30:35.8/0:03:38.4 (8.4), totSession cpu/real = 1:02:36.5/0:16:31.3 (3.8), mem = 7388.1M
End: GigaOpt Global Optimization
*** Timing NOT met, worst failing slack is -24.785
*** Check timing (0:00:00.2)
Info: 1 clock net  excluded from IPO operation.
Begin: Area Reclaim Optimization
*** AreaOpt #1 [begin] (place_opt_design #1) : totSession cpu/real = 1:02:38.6/0:16:32.3 (3.8), mem = 8471.3M
Reclaim Optimization WNS Slack -24.785  TNS Slack -807868.679 Density 77.84
+---------+---------+--------+-----------+------------+--------+
| Density | Commits |  WNS   |    TNS    |    Real    |  Mem   |
+---------+---------+--------+-----------+------------+--------+
|   77.84%|        -| -24.785|-807868.679|   0:00:00.0| 8499.3M|
|   77.84%|        0| -24.785|-807868.688|   0:00:00.0| 8507.3M|
|   77.84%|        0| -24.785|-807868.688|   0:00:00.0| 8507.3M|
|   77.84%|        7| -24.785|-807868.688|   0:00:01.0| 9069.2M|
|   77.54%|     1558| -24.785|-807867.250|   0:00:02.0| 9077.2M|
|   77.52%|      317| -24.785|-807867.375|   0:00:01.0| 9077.2M|
|   77.52%|       54| -24.785|-807867.375|   0:00:01.0| 9077.2M|
|   77.52%|        0| -24.785|-807867.375|   0:00:00.0| 9077.2M|
|   77.52%|        0| -24.785|-807867.375|   0:00:00.0| 9077.2M|
+---------+---------+--------+-----------+------------+--------+
Reclaim Optimization End WNS Slack -24.785  TNS Slack -807867.368 Density 77.52
Bottom Preferred Layer:
+---------------+------------+----------+
|     Layer     |   OPT_LA   |   Rule   |
+---------------+------------+----------+
| Metal8 (z=8)  |          4 | default  |
+---------------+------------+----------+
Via Pillar Rule:
    None

Number of times islegalLocAvaiable called = 0 skipped = 0, called in commitmove = 0, skipped in commitmove = 0
End: Core Area Reclaim Optimization (cpu = 0:00:44.0) (real = 0:00:07.0) **
*** AreaOpt #1 [finish] (place_opt_design #1) : cpu/real = 0:00:44.0/0:00:07.6 (5.8), totSession cpu/real = 1:03:22.6/0:16:39.9 (3.8), mem = 9077.2M
Executing incremental physical updates
Executing incremental physical updates
End: Area Reclaim Optimization (cpu=0:00:45, real=0:00:07, mem=7397.96M, totSessionCpu=1:03:23).
*** IncrReplace #1 [begin] (place_opt_design #1) : totSession cpu/real = 1:03:24.7/0:16:41.5 (3.8), mem = 7406.2M

*** Start incrementalPlace ***
No Views given, use default active views for adaptive view pruning
SKP will enable view:
  best
[NR-eGR] Track table information for default rule: 
[NR-eGR] Metal1 has single uniform track structure
[NR-eGR] Metal2 has single uniform track structure
[NR-eGR] Metal3 has single uniform track structure
[NR-eGR] Metal4 has single uniform track structure
[NR-eGR] Metal5 has single uniform track structure
[NR-eGR] Metal6 has single uniform track structure
[NR-eGR] Metal7 has single uniform track structure
[NR-eGR] Metal8 has single uniform track structure
[NR-eGR] Metal9 has single uniform track structure
[NR-eGR] Read 120 PG shapes
[NR-eGR] Read 0 clock shapes
[NR-eGR] Read 0 other shapes
[NR-eGR] #Routing Blockages  : 0
[NR-eGR] #Instance Blockages : 0
[NR-eGR] #PG Blockages       : 120
[NR-eGR] #Halo Blockages     : 0
[NR-eGR] #Boundary Blockages : 0
[NR-eGR] #Clock Blockages    : 0
[NR-eGR] #Other Blockages    : 0
[NR-eGR] Num Prerouted Nets = 0  Num Prerouted Wires = 0
[NR-eGR] Read 268344 nets ( ignored 0 )
[NR-eGR] There are 1 clock nets ( 0 with NDR ).
[NR-eGR] ============ Routing rule table ============
[NR-eGR] Rule id: 0  Nets: 268298
[NR-eGR] ========================================
[NR-eGR] 
[NR-eGR] Layer group 1: route 268298 net(s) in layer range [2, 9]
[NR-eGR] Early Global Route overflow of layer group 1: 0.00% H + 0.00% V. EstWL: 7.907927e+06um
[NR-eGR] Congestion Analysis By layer: (blocked Gcells are excluded) 
[NR-eGR]                        OverCon           OverCon           OverCon           OverCon            
[NR-eGR]                         #Gcell            #Gcell            #Gcell            #Gcell     %Gcell
[NR-eGR]        Layer             (1-2)             (3-4)             (5-6)               (7)    OverCon
[NR-eGR] -------------------------------------------------------------------------------------------------
[NR-eGR]  Metal1 ( 1)         0( 0.00%)         0( 0.00%)         0( 0.00%)         0( 0.00%)   ( 0.00%) 
[NR-eGR]  Metal2 ( 2)      1543( 0.42%)       134( 0.04%)        18( 0.00%)         2( 0.00%)   ( 0.46%) 
[NR-eGR]  Metal3 ( 3)       561( 0.15%)         1( 0.00%)         0( 0.00%)         0( 0.00%)   ( 0.15%) 
[NR-eGR]  Metal4 ( 4)        14( 0.00%)         0( 0.00%)         0( 0.00%)         0( 0.00%)   ( 0.00%) 
[NR-eGR]  Metal5 ( 5)         4( 0.00%)         0( 0.00%)         0( 0.00%)         0( 0.00%)   ( 0.00%) 
[NR-eGR]  Metal6 ( 6)         0( 0.00%)         0( 0.00%)         0( 0.00%)         0( 0.00%)   ( 0.00%) 
[NR-eGR]  Metal7 ( 7)         4( 0.00%)         0( 0.00%)         0( 0.00%)         0( 0.00%)   ( 0.00%) 
[NR-eGR]  Metal8 ( 8)         0( 0.00%)         0( 0.00%)         0( 0.00%)         0( 0.00%)   ( 0.00%) 
[NR-eGR]  Metal9 ( 9)         0( 0.00%)         0( 0.00%)         0( 0.00%)         0( 0.00%)   ( 0.00%) 
[NR-eGR] -------------------------------------------------------------------------------------------------
[NR-eGR]        Total      2126( 0.07%)       135( 0.00%)        18( 0.00%)         2( 0.00%)   ( 0.08%) 
[NR-eGR] 
[NR-eGR] Overflow after Early Global Route 0.00% H + 0.00% V
Early Global Route congestion estimation runtime: 2.48 seconds, mem = 7835.5M
Local HotSpot Analysis: normalized max congestion hotspot area = 0.00, normalized total congestion hotspot area = 0.00 (area is in unit of 4 std-cell row bins)

=== incrementalPlace Internal Loop 1 ===
*** Finished SKP initialization (cpu=0:00:27.8, real=0:00:07.0)***
Iteration  8: Total net bbox = 4.254e+06 (2.23e+06 2.03e+06)
              Est.  stn bbox = 5.488e+06 (2.88e+06 2.61e+06)
              cpu = 0:06:32 real = 0:00:31.0 mem = 11201.5M
Iteration  9: Total net bbox = 6.064e+06 (3.09e+06 2.98e+06)
              Est.  stn bbox = 7.618e+06 (3.89e+06 3.73e+06)
              cpu = 0:19:41 real = 0:01:30 mem = 11211.5M
Iteration 10: Total net bbox = 6.512e+06 (3.31e+06 3.20e+06)
              Est.  stn bbox = 8.129e+06 (4.14e+06 3.99e+06)
              cpu = 0:11:54 real = 0:00:50.0 mem = 11238.5M
Iteration 11: Total net bbox = 6.747e+06 (3.43e+06 3.32e+06)
              Est.  stn bbox = 8.380e+06 (4.27e+06 4.11e+06)
              cpu = 0:09:38 real = 0:00:40.0 mem = 11349.6M
Iteration 12: Total net bbox = 5.938e+06 (2.95e+06 2.99e+06)
              Est.  stn bbox = 7.418e+06 (3.70e+06 3.72e+06)
              cpu = 0:01:51 real = 0:00:09.0 mem = 11316.6M
Move report: Timing Driven Placement moves 268066 insts, mean move: 21.44 um, max move: 423.28 um 
	Max move on inst (mem_ctrl/g252284): (661.20, 248.53) --> (938.31, 394.69)

Finished Incremental Placement (cpu=0:50:31, real=0:03:54, mem=10544.6M)
**WARN: (IMPSP-9025):	No scan chain specified/traced.
Type 'man IMPSP-9025' for more detail.
*** Starting refinePlace (1:54:17 mem=10544.6M) ***
Total net bbox length = 6.150e+06 (3.109e+06 3.041e+06) (ext = 9.510e+04)
**WARN: (IMPSP-5140):	Global net connect rules have not been created. Added  insts would have no supply connectivity, and would fail DRC.
Type 'man IMPSP-5140' for more detail.
**WARN: (IMPSP-315):	Found 110914 instances insts with no PG Term connections.
Type 'man IMPSP-315' for more detail.
Move report: Detail placement moves 268065 insts, mean move: 2.87 um, max move: 31.03 um 
	Max move on inst (g625089): (379.79, 924.41) --> (356.70, 932.35)
	Runtime: CPU: 0:00:18.1 REAL: 0:00:06.0 MEM: 10544.6MB
Summary Report:
Instances move: 268065 (out of 268066 movable)
Instances flipped: 1
Mean displacement: 2.87 um
Max displacement: 31.03 um (Instance: g625089) (379.791, 924.415) -> (356.7, 932.35)
	Length: 10 sites, height: 1 rows, site name: gsclib090site, cell type: NAND4BX1
	Violation at original loc: Placement Blockage Violation
Total net bbox length = 6.678e+06 (3.225e+06 3.452e+06) (ext = 9.474e+04)
Runtime: CPU: 0:00:18.3 REAL: 0:00:07.0 MEM: 10544.6MB
*** Finished refinePlace (1:54:36 mem=10544.6M) ***
[NR-eGR] Track table information for default rule: 
[NR-eGR] Metal1 has single uniform track structure
[NR-eGR] Metal2 has single uniform track structure
[NR-eGR] Metal3 has single uniform track structure
[NR-eGR] Metal4 has single uniform track structure
[NR-eGR] Metal5 has single uniform track structure
[NR-eGR] Metal6 has single uniform track structure
[NR-eGR] Metal7 has single uniform track structure
[NR-eGR] Metal8 has single uniform track structure
[NR-eGR] Metal9 has single uniform track structure
[NR-eGR] Read 120 PG shapes
[NR-eGR] Read 0 clock shapes
[NR-eGR] Read 0 other shapes
[NR-eGR] #Routing Blockages  : 0
[NR-eGR] #Instance Blockages : 0
[NR-eGR] #PG Blockages       : 120
[NR-eGR] #Halo Blockages     : 0
[NR-eGR] #Boundary Blockages : 0
[NR-eGR] #Clock Blockages    : 0
[NR-eGR] #Other Blockages    : 0
[NR-eGR] Num Prerouted Nets = 0  Num Prerouted Wires = 0
[NR-eGR] Read 268344 nets ( ignored 0 )
[NR-eGR] There are 1 clock nets ( 0 with NDR ).
[NR-eGR] ============ Routing rule table ============
[NR-eGR] Rule id: 0  Nets: 268344
[NR-eGR] ========================================
[NR-eGR] 
[NR-eGR] Layer group 1: route 268344 net(s) in layer range [2, 9]
[NR-eGR] Early Global Route overflow of layer group 1: 0.01% H + 0.00% V. EstWL: 8.119026e+06um
[NR-eGR] Congestion Analysis By layer: (blocked Gcells are excluded) 
[NR-eGR]                        OverCon           OverCon            
[NR-eGR]                         #Gcell            #Gcell     %Gcell
[NR-eGR]        Layer             (1-2)             (3-4)    OverCon
[NR-eGR] ---------------------------------------------------------------
[NR-eGR]  Metal1 ( 1)         0( 0.00%)         0( 0.00%)   ( 0.00%) 
[NR-eGR]  Metal2 ( 2)       855( 0.23%)        11( 0.00%)   ( 0.23%) 
[NR-eGR]  Metal3 ( 3)       555( 0.15%)         3( 0.00%)   ( 0.15%) 
[NR-eGR]  Metal4 ( 4)        16( 0.00%)         0( 0.00%)   ( 0.00%) 
[NR-eGR]  Metal5 ( 5)        21( 0.01%)         0( 0.00%)   ( 0.01%) 
[NR-eGR]  Metal6 ( 6)         0( 0.00%)         0( 0.00%)   ( 0.00%) 
[NR-eGR]  Metal7 ( 7)         6( 0.00%)         1( 0.00%)   ( 0.00%) 
[NR-eGR]  Metal8 ( 8)         0( 0.00%)         0( 0.00%)   ( 0.00%) 
[NR-eGR]  Metal9 ( 9)         0( 0.00%)         0( 0.00%)   ( 0.00%) 
[NR-eGR] ---------------------------------------------------------------
[NR-eGR]        Total      1453( 0.05%)        15( 0.00%)   ( 0.05%) 
[NR-eGR] 
[NR-eGR] Overflow after Early Global Route 0.00% H + 0.00% V
Early Global Route congestion estimation runtime: 2.00 seconds, mem = 10212.5M
Local HotSpot Analysis: normalized max congestion hotspot area = 0.00, normalized total congestion hotspot area = 0.00 (area is in unit of 4 std-cell row bins)
[NR-eGR]                 Length (um)     Vias 
[NR-eGR] -------------------------------------
[NR-eGR]  Metal1  (1H)             0  1066391 
[NR-eGR]  Metal2  (2V)       2414029  1511115 
[NR-eGR]  Metal3  (3H)       2772084   287566 
[NR-eGR]  Metal4  (4V)       1456192   149076 
[NR-eGR]  Metal5  (5H)       1001003    45103 
[NR-eGR]  Metal6  (6V)        555198     6093 
[NR-eGR]  Metal7  (7H)        245934      406 
[NR-eGR]  Metal8  (8V)         21623      241 
[NR-eGR]  Metal9  (9H)          3559        0 
[NR-eGR] -------------------------------------
[NR-eGR]          Total      8469623  3065991 
[NR-eGR] --------------------------------------------------------------------------
[NR-eGR] Total half perimeter of net bounding box: 6677672um
[NR-eGR] Total length: 8469623um, number of vias: 3065991
[NR-eGR] --------------------------------------------------------------------------
[NR-eGR] Total eGR-routed clock nets wire length: 151655um, number of vias: 85057
[NR-eGR] --------------------------------------------------------------------------
Early Global Route wiring runtime: 1.03 seconds, mem = 10160.5M
0 delay mode for cte disabled.

*** Finished incrementalPlace (cpu=0:51:31, real=0:04:08)***
Start to check current routing status for nets...
All nets are already routed correctly.
End to check current routing status for nets (mem=7843.5M)
Extraction called for design 'secure_boot_top' of instances=349718 and nets=269686 using extraction engine 'preRoute' .
**WARN: (IMPEXT-3530):	The process node is not set. Use the command setDesignMode -process <process node> prior to extraction for maximum accuracy and optimal automatic threshold setting.
Type 'man IMPEXT-3530' for more detail.
PreRoute RC Extraction called for design secure_boot_top.
RC Extraction called in multi-corner(1) mode.
RCMode: PreRoute
      RC Corner Indexes            0   
Capacitance Scaling Factor   : 1.00000 
Resistance Scaling Factor    : 1.00000 
Clock Cap. Scaling Factor    : 1.00000 
Clock Res. Scaling Factor    : 1.00000 
Shrink Factor                : 1.00000
PreRoute extraction is honoring NDR/Shielding/ExtraSpace for clock nets.
Using Quantus QRC technology file ...
Updating RC grid for preRoute extraction ...
Initializing multi-corner resistance tables ...
PreRoute RC Extraction DONE (CPU Time: 0:00:00.9  Real Time: 0:00:01.0  MEM: 7851.457M)
Compute RC Scale Done ...
**optDesign ... cpu = 1:25:13, real = 0:08:29, mem = 4891.2M, totSessionCpu=1:55:01 **
AAE_INFO: opIsDesignInPostRouteState() is 0
#################################################################################
# Design Stage: PreRoute
# Design Name: secure_boot_top
# Design Mode: 90nm
# Analysis Mode: MMMC Non-OCV 
# Parasitics Mode: No SPEF/RCDB 
# Signoff Settings: SI Off 
#################################################################################
Calculate delays in BcWc mode...
Start delay calculation (fullDC) (24 T). (MEM=7815.48)
Total number of fetched objects 268344
End delay calculation. (MEM=8924.97 CPU=0:00:27.1 REAL=0:00:01.0)
End delay calculation (fullDC). (MEM=8924.97 CPU=0:00:33.0 REAL=0:00:02.0)
*** IncrReplace #1 [finish] (place_opt_design #1) : cpu/real = 0:52:28.9/0:04:17.8 (12.2), totSession cpu/real = 1:55:53.5/0:20:59.3 (5.5), mem = 8925.0M
*** Timing NOT met, worst failing slack is -23.831
*** Check timing (0:00:00.1)
Begin: GigaOpt Optimization in TNS mode
Info: 1 clock net  excluded from IPO operation.
*** TnsOpt #1 [begin] (place_opt_design #1) : totSession cpu/real = 1:56:19.9/0:21:04.5 (5.5), mem = 8925.0M
*info: 1 clock net excluded
*info: 1340 no-driver nets excluded.
** GigaOpt Optimizer WNS Slack -23.831 TNS Slack -775517.906 Density 77.52
OptDebug: Start of Optimizer TNS Pass:
+----------+-------+-----------+
|Path Group|    WNS|        TNS|
+----------+-------+-----------+
|default   |-23.831|-775517.906|
|reg2reg   |  0.746|      0.000|
|HEPG      |  0.746|      0.000|
|All Paths |-23.831|-775517.906|
+----------+-------+-----------+


*** Finished Optimize Step Cumulative (cpu=0:00:00.0 real=0:00:00.0 mem=9561.7M) ***
OptDebug: End of Optimizer TNS Pass:
+----------+-------+-----------+
|Path Group|    WNS|        TNS|
+----------+-------+-----------+
|default   |-23.831|-775517.906|
|reg2reg   |  0.746|      0.000|
|HEPG      |  0.746|      0.000|
|All Paths |-23.831|-775517.906|
+----------+-------+-----------+

OptDebug: End of Setup Fixing:
+----------+-------+-----------+
|Path Group|    WNS|        TNS|
+----------+-------+-----------+
|default   |-23.831|-775517.906|
|reg2reg   |  0.746|      0.000|
|HEPG      |  0.746|      0.000|
|All Paths |-23.831|-775517.906|
+----------+-------+-----------+

Bottom Preferred Layer:
+---------------+------------+----------+
|     Layer     |   OPT_LA   |   Rule   |
+---------------+------------+----------+
| Metal8 (z=8)  |          4 | default  |
+---------------+------------+----------+
Via Pillar Rule:
    None

*** Finish pre-CTS Setup Fixing (cpu=0:00:01.4 real=0:00:01.0 mem=9561.7M) ***

*** TnsOpt #1 [finish] (place_opt_design #1) : cpu/real = 0:00:06.1/0:00:04.2 (1.5), totSession cpu/real = 1:56:26.0/0:21:08.7 (5.5), mem = 7881.0M
End: GigaOpt Optimization in TNS mode
*** IncrReplace #2 [begin] (place_opt_design #1) : totSession cpu/real = 1:56:28.1/0:21:10.8 (5.5), mem = 7889.2M

*** Start incrementalPlace ***
No Views given, use default active views for adaptive view pruning
SKP will enable view:
  best
[NR-eGR] Track table information for default rule: 
[NR-eGR] Metal1 has single uniform track structure
[NR-eGR] Metal2 has single uniform track structure
[NR-eGR] Metal3 has single uniform track structure
[NR-eGR] Metal4 has single uniform track structure
[NR-eGR] Metal5 has single uniform track structure
[NR-eGR] Metal6 has single uniform track structure
[NR-eGR] Metal7 has single uniform track structure
[NR-eGR] Metal8 has single uniform track structure
[NR-eGR] Metal9 has single uniform track structure
[NR-eGR] Read 120 PG shapes
[NR-eGR] Read 0 clock shapes
[NR-eGR] Read 0 other shapes
[NR-eGR] #Routing Blockages  : 0
[NR-eGR] #Instance Blockages : 0
[NR-eGR] #PG Blockages       : 120
[NR-eGR] #Halo Blockages     : 0
[NR-eGR] #Boundary Blockages : 0
[NR-eGR] #Clock Blockages    : 0
[NR-eGR] #Other Blockages    : 0
[NR-eGR] Num Prerouted Nets = 0  Num Prerouted Wires = 0
[NR-eGR] Read 268344 nets ( ignored 0 )
[NR-eGR] There are 1 clock nets ( 0 with NDR ).
[NR-eGR] ============ Routing rule table ============
[NR-eGR] Rule id: 0  Nets: 268344
[NR-eGR] ========================================
[NR-eGR] 
[NR-eGR] Layer group 1: route 268344 net(s) in layer range [2, 9]
[NR-eGR] Early Global Route overflow of layer group 1: 0.01% H + 0.00% V. EstWL: 8.119026e+06um
[NR-eGR] Congestion Analysis By layer: (blocked Gcells are excluded) 
[NR-eGR]                        OverCon           OverCon            
[NR-eGR]                         #Gcell            #Gcell     %Gcell
[NR-eGR]        Layer             (1-2)             (3-4)    OverCon
[NR-eGR] ---------------------------------------------------------------
[NR-eGR]  Metal1 ( 1)         0( 0.00%)         0( 0.00%)   ( 0.00%) 
[NR-eGR]  Metal2 ( 2)       855( 0.23%)        11( 0.00%)   ( 0.23%) 
[NR-eGR]  Metal3 ( 3)       555( 0.15%)         3( 0.00%)   ( 0.15%) 
[NR-eGR]  Metal4 ( 4)        16( 0.00%)         0( 0.00%)   ( 0.00%) 
[NR-eGR]  Metal5 ( 5)        21( 0.01%)         0( 0.00%)   ( 0.01%) 
[NR-eGR]  Metal6 ( 6)         0( 0.00%)         0( 0.00%)   ( 0.00%) 
[NR-eGR]  Metal7 ( 7)         6( 0.00%)         1( 0.00%)   ( 0.00%) 
[NR-eGR]  Metal8 ( 8)         0( 0.00%)         0( 0.00%)   ( 0.00%) 
[NR-eGR]  Metal9 ( 9)         0( 0.00%)         0( 0.00%)   ( 0.00%) 
[NR-eGR] ---------------------------------------------------------------
[NR-eGR]        Total      1453( 0.05%)        15( 0.00%)   ( 0.05%) 
[NR-eGR] 
[NR-eGR] Overflow after Early Global Route 0.00% H + 0.00% V
Early Global Route congestion estimation runtime: 1.97 seconds, mem = 8314.3M
Local HotSpot Analysis: normalized max congestion hotspot area = 0.00, normalized total congestion hotspot area = 0.00 (area is in unit of 4 std-cell row bins)

=== incrementalPlace Internal Loop 1 ===
*** Finished SKP initialization (cpu=0:00:37.6, real=0:00:08.0)***
Iteration  8: Total net bbox = 4.321e+06 (2.24e+06 2.08e+06)
              Est.  stn bbox = 5.554e+06 (2.89e+06 2.67e+06)
              cpu = 0:04:26 real = 0:00:21.0 mem = 11048.5M
Iteration  9: Total net bbox = 6.068e+06 (3.09e+06 2.98e+06)
              Est.  stn bbox = 7.607e+06 (3.88e+06 3.72e+06)
              cpu = 0:18:37 real = 0:01:27 mem = 11060.6M
Iteration 10: Total net bbox = 6.505e+06 (3.30e+06 3.20e+06)
              Est.  stn bbox = 8.112e+06 (4.13e+06 3.98e+06)
              cpu = 0:12:29 real = 0:00:53.0 mem = 11089.6M
Iteration 11: Total net bbox = 6.744e+06 (3.42e+06 3.32e+06)
              Est.  stn bbox = 8.367e+06 (4.26e+06 4.11e+06)
              cpu = 0:08:52 real = 0:00:37.0 mem = 11188.6M
Iteration 12: Total net bbox = 5.937e+06 (2.94e+06 2.99e+06)
              Est.  stn bbox = 7.407e+06 (3.69e+06 3.72e+06)
              cpu = 0:01:48 real = 0:00:09.0 mem = 11144.6M
Move report: Timing Driven Placement moves 268066 insts, mean move: 13.34 um, max move: 199.35 um 
	Max move on inst (encrypt_inst_loop[3].er_s_sub_Bytes[104].s/FE_OFC31113_encrypt_inst_states_2__111): (1335.74, 1485.67) --> (1501.15, 1451.73)

Finished Incremental Placement (cpu=0:47:17, real=0:03:41, mem=10376.6M)
*** Starting refinePlace (2:43:58 mem=10376.6M) ***
Total net bbox length = 6.149e+06 (3.107e+06 3.042e+06) (ext = 9.427e+04)
**WARN: (IMPSP-5140):	Global net connect rules have not been created. Added  insts would have no supply connectivity, and would fail DRC.
Type 'man IMPSP-5140' for more detail.
**WARN: (IMPSP-315):	Found 110914 instances insts with no PG Term connections.
Type 'man IMPSP-315' for more detail.
Move report: Detail placement moves 268063 insts, mean move: 2.88 um, max move: 28.38 um 
	Max move on inst (decrypt_inst_loop[7].dr_s_sub_Bytes[24].s/g22064): (87.83, 1383.88) --> (72.50, 1370.83)
	Runtime: CPU: 0:00:18.3 REAL: 0:00:06.0 MEM: 10376.6MB
Summary Report:
Instances move: 268063 (out of 268066 movable)
Instances flipped: 2
Mean displacement: 2.88 um
Max displacement: 28.38 um (Instance: decrypt_inst_loop[7].dr_s_sub_Bytes[24].s/g22064) (87.827, 1383.88) -> (72.5, 1370.83)
	Length: 4 sites, height: 1 rows, site name: gsclib090site, cell type: NAND2XL
Total net bbox length = 6.680e+06 (3.230e+06 3.450e+06) (ext = 9.396e+04)
Runtime: CPU: 0:00:18.5 REAL: 0:00:07.0 MEM: 10376.6MB
*** Finished refinePlace (2:44:16 mem=10376.6M) ***
[NR-eGR] Track table information for default rule: 
[NR-eGR] Metal1 has single uniform track structure
[NR-eGR] Metal2 has single uniform track structure
[NR-eGR] Metal3 has single uniform track structure
[NR-eGR] Metal4 has single uniform track structure
[NR-eGR] Metal5 has single uniform track structure
[NR-eGR] Metal6 has single uniform track structure
[NR-eGR] Metal7 has single uniform track structure
[NR-eGR] Metal8 has single uniform track structure
[NR-eGR] Metal9 has single uniform track structure
[NR-eGR] Read 120 PG shapes
[NR-eGR] Read 0 clock shapes
[NR-eGR] Read 0 other shapes
[NR-eGR] #Routing Blockages  : 0
[NR-eGR] #Instance Blockages : 0
[NR-eGR] #PG Blockages       : 120
[NR-eGR] #Halo Blockages     : 0
[NR-eGR] #Boundary Blockages : 0
[NR-eGR] #Clock Blockages    : 0
[NR-eGR] #Other Blockages    : 0
[NR-eGR] Num Prerouted Nets = 0  Num Prerouted Wires = 0
[NR-eGR] Read 268344 nets ( ignored 0 )
[NR-eGR] There are 1 clock nets ( 0 with NDR ).
[NR-eGR] ============ Routing rule table ============
[NR-eGR] Rule id: 0  Nets: 268344
[NR-eGR] ========================================
[NR-eGR] 
[NR-eGR] Layer group 1: route 268344 net(s) in layer range [2, 9]
[NR-eGR] Early Global Route overflow of layer group 1: 0.00% H + 0.00% V. EstWL: 8.120480e+06um
[NR-eGR] Congestion Analysis By layer: (blocked Gcells are excluded) 
[NR-eGR]                        OverCon           OverCon            
[NR-eGR]                         #Gcell            #Gcell     %Gcell
[NR-eGR]        Layer             (1-2)             (3-4)    OverCon
[NR-eGR] ---------------------------------------------------------------
[NR-eGR]  Metal1 ( 1)         0( 0.00%)         0( 0.00%)   ( 0.00%) 
[NR-eGR]  Metal2 ( 2)       864( 0.23%)         8( 0.00%)   ( 0.24%) 
[NR-eGR]  Metal3 ( 3)       583( 0.16%)         2( 0.00%)   ( 0.16%) 
[NR-eGR]  Metal4 ( 4)        24( 0.01%)         0( 0.00%)   ( 0.01%) 
[NR-eGR]  Metal5 ( 5)        15( 0.00%)         0( 0.00%)   ( 0.00%) 
[NR-eGR]  Metal6 ( 6)         0( 0.00%)         0( 0.00%)   ( 0.00%) 
[NR-eGR]  Metal7 ( 7)         8( 0.00%)         1( 0.00%)   ( 0.00%) 
[NR-eGR]  Metal8 ( 8)         0( 0.00%)         0( 0.00%)   ( 0.00%) 
[NR-eGR]  Metal9 ( 9)         0( 0.00%)         0( 0.00%)   ( 0.00%) 
[NR-eGR] ---------------------------------------------------------------
[NR-eGR]        Total      1494( 0.05%)        11( 0.00%)   ( 0.05%) 
[NR-eGR] 
[NR-eGR] Overflow after Early Global Route 0.00% H + 0.00% V
Early Global Route congestion estimation runtime: 2.01 seconds, mem = 10050.5M
Local HotSpot Analysis: normalized max congestion hotspot area = 0.00, normalized total congestion hotspot area = 0.00 (area is in unit of 4 std-cell row bins)
[NR-eGR]                 Length (um)     Vias 
[NR-eGR] -------------------------------------
[NR-eGR]  Metal1  (1H)             0  1066391 
[NR-eGR]  Metal2  (2V)       2411090  1510196 
[NR-eGR]  Metal3  (3H)       2774776   287605 
[NR-eGR]  Metal4  (4V)       1451837   148683 
[NR-eGR]  Metal5  (5H)       1005977    44885 
[NR-eGR]  Metal6  (6V)        564475     5981 
[NR-eGR]  Metal7  (7H)        244928      313 
[NR-eGR]  Metal8  (8V)         13422      212 
[NR-eGR]  Metal9  (9H)          3755        0 
[NR-eGR] -------------------------------------
[NR-eGR]          Total      8470260  3064266 
[NR-eGR] --------------------------------------------------------------------------
[NR-eGR] Total half perimeter of net bounding box: 6679637um
[NR-eGR] Total length: 8470260um, number of vias: 3064266
[NR-eGR] --------------------------------------------------------------------------
[NR-eGR] Total eGR-routed clock nets wire length: 153214um, number of vias: 85637
[NR-eGR] --------------------------------------------------------------------------
Early Global Route wiring runtime: 1.15 seconds, mem = 10007.5M
0 delay mode for cte disabled.

*** Finished incrementalPlace (cpu=0:48:09, real=0:03:54)***
Start to check current routing status for nets...
All nets are already routed correctly.
End to check current routing status for nets (mem=7697.5M)
Extraction called for design 'secure_boot_top' of instances=349718 and nets=269686 using extraction engine 'preRoute' .
**WARN: (IMPEXT-3530):	The process node is not set. Use the command setDesignMode -process <process node> prior to extraction for maximum accuracy and optimal automatic threshold setting.
Type 'man IMPEXT-3530' for more detail.
PreRoute RC Extraction called for design secure_boot_top.
RC Extraction called in multi-corner(1) mode.
RCMode: PreRoute
      RC Corner Indexes            0   
Capacitance Scaling Factor   : 1.00000 
Resistance Scaling Factor    : 1.00000 
Clock Cap. Scaling Factor    : 1.00000 
Clock Res. Scaling Factor    : 1.00000 
Shrink Factor                : 1.00000
PreRoute extraction is honoring NDR/Shielding/ExtraSpace for clock nets.
Using Quantus QRC technology file ...
Updating RC grid for preRoute extraction ...
Initializing multi-corner resistance tables ...
PreRoute RC Extraction DONE (CPU Time: 0:00:01.0  Real Time: 0:00:01.0  MEM: 7697.457M)
Compute RC Scale Done ...
**optDesign ... cpu = 2:14:54, real = 0:12:45, mem = 4871.6M, totSessionCpu=2:44:43 **
AAE_INFO: opIsDesignInPostRouteState() is 0
#################################################################################
# Design Stage: PreRoute
# Design Name: secure_boot_top
# Design Mode: 90nm
# Analysis Mode: MMMC Non-OCV 
# Parasitics Mode: No SPEF/RCDB 
# Signoff Settings: SI Off 
#################################################################################
Calculate delays in BcWc mode...
Start delay calculation (fullDC) (24 T). (MEM=7911.71)
Total number of fetched objects 268344
End delay calculation. (MEM=9027.63 CPU=0:00:27.1 REAL=0:00:02.0)
End delay calculation (fullDC). (MEM=9027.63 CPU=0:00:33.1 REAL=0:00:03.0)
*** IncrReplace #2 [finish] (place_opt_design #1) : cpu/real = 0:49:08.1/0:04:04.2 (12.1), totSession cpu/real = 2:45:36.2/0:25:14.9 (6.6), mem = 9027.6M
*** Timing NOT met, worst failing slack is -23.788
*** Check timing (0:00:00.1)
Begin: GigaOpt Optimization in WNS mode
Info: 1 clock net  excluded from IPO operation.
*** WnsOpt #1 [begin] (place_opt_design #1) : totSession cpu/real = 2:45:44.3/0:25:17.9 (6.6), mem = 9059.6M
*info: 1 clock net excluded
*info: 1340 no-driver nets excluded.
** GigaOpt Optimizer WNS Slack -23.788 TNS Slack -774417.805 Density 77.52
OptDebug: Start of Optimizer WNS Pass 0:
+----------+-------+-----------+
|Path Group|    WNS|        TNS|
+----------+-------+-----------+
|default   |-23.788|-774417.805|
|reg2reg   |  0.763|      0.000|
|HEPG      |  0.763|      0.000|
|All Paths |-23.788|-774417.805|
+----------+-------+-----------+

Active Path Group: default 
+--------+---------+-----------+-----------+---------+------------+--------+----------+---------+------------------------------+
|  WNS   | All WNS |    TNS    |  All TNS  | Density |    Real    |  Mem   |Worst View|Pathgroup|          End Point           |
+--------+---------+-----------+-----------+---------+------------+--------+----------+---------+------------------------------+
| -23.788|  -23.788|-774417.805|-774417.805|   77.52%|   0:00:00.0| 9664.4M|      best|  default| mem_ctrl/mem_reg[231][4]/SE  |
| -23.717|  -23.717|-772093.562|-772093.562|   77.52%|   0:00:05.0| 9672.4M|      best|  default| mem_ctrl/mem_reg[231][4]/SE  |
| -23.704|  -23.704|-771657.062|-771657.062|   77.52%|   0:00:00.0| 9682.4M|      best|  default| mem_ctrl/mem_reg[231][4]/SE  |
| -23.688|  -23.688|-771126.125|-771126.125|   77.52%|   0:00:00.0| 9706.0M|      best|  default| mem_ctrl/mem_reg[231][4]/SE  |
| -23.672|  -23.672|-770598.375|-770598.375|   77.52%|   0:00:01.0| 9726.1M|      best|  default| mem_ctrl/mem_reg[231][4]/SE  |
| -23.663|  -23.663|-770310.125|-770310.125|   77.52%|   0:00:00.0| 9738.2M|      best|  default| mem_ctrl/mem_reg[231][4]/SE  |
| -23.653|  -23.653|-770298.500|-770298.500|   77.52%|   0:00:00.0| 9749.2M|      best|  default| mem_ctrl/mem_reg[884][3]/SE  |
| -23.644|  -23.644|-770131.062|-770131.062|   77.52%|   0:00:01.0| 9767.4M|      best|  default| mem_ctrl/mem_reg[884][3]/SE  |
| -23.628|  -23.628|-769798.188|-769798.188|   77.52%|   0:00:00.0| 9780.0M|      best|  default| mem_ctrl/mem_reg[884][3]/SE  |
| -23.612|  -23.612|-769283.938|-769283.938|   77.52%|   0:00:01.0| 9801.0M|      best|  default| mem_ctrl/mem_reg[884][3]/SE  |
| -23.598|  -23.598|-769405.250|-769405.250|   77.52%|   0:00:00.0| 9809.6M|      best|  default| mem_ctrl/mem_reg[884][3]/SE  |
| -23.585|  -23.585|-769001.750|-769001.750|   77.52%|   0:00:01.0| 9859.4M|      best|  default| mem_ctrl/mem_reg[884][3]/SE  |
| -23.572|  -23.572|-768402.438|-768402.438|   77.53%|   0:00:00.0| 9864.4M|      best|  default| mem_ctrl/mem_reg[884][3]/SE  |
| -23.559|  -23.559|-767998.500|-767998.500|   77.53%|   0:00:00.0| 9864.4M|      best|  default| mem_ctrl/mem_reg[884][3]/SE  |
| -23.552|  -23.552|-767739.812|-767739.812|   77.53%|   0:00:01.0| 9864.4M|      best|  default| mem_ctrl/mem_reg[884][3]/SE  |
| -23.545|  -23.545|-767533.062|-767533.062|   77.53%|   0:00:00.0| 9864.4M|      best|  default| mem_ctrl/mem_reg[884][3]/SE  |
| -23.529|  -23.529|-767063.500|-767063.500|   77.53%|   0:00:01.0| 9866.4M|      best|  default| mem_ctrl/mem_reg[884][3]/SE  |
| -23.520|  -23.520|-767019.188|-767019.188|   77.53%|   0:00:00.0| 9867.9M|      best|  default| mem_ctrl/mem_reg[2588][2]/SE |
| -23.514|  -23.514|-766864.312|-766864.312|   77.53%|   0:00:00.0| 9867.9M|      best|  default| mem_ctrl/mem_reg[882][3]/SE  |
| -23.515|  -23.515|-766853.875|-766853.875|   77.53%|   0:00:01.0| 9867.9M|      best|  default| mem_ctrl/mem_reg[882][3]/SE  |
| -23.509|  -23.509|-766851.562|-766851.562|   77.53%|   0:00:00.0| 9867.9M|      best|  default| mem_ctrl/mem_reg[935][0]/SE  |
| -23.502|  -23.502|-766631.500|-766631.500|   77.53%|   0:00:00.0| 9867.9M|      best|  default| mem_ctrl/mem_reg[1009][0]/SE |
| -23.494|  -23.494|-766325.125|-766325.125|   77.54%|   0:00:01.0| 9867.9M|      best|  default| mem_ctrl/mem_reg[1009][0]/SE |
| -23.486|  -23.486|-766104.688|-766104.688|   77.54%|   0:00:00.0| 9875.9M|      best|  default| mem_ctrl/mem_reg[906][0]/SE  |
| -23.479|  -23.479|-765896.688|-765896.688|   77.54%|   0:00:01.0| 9875.9M|      best|  default| mem_ctrl/mem_reg[906][0]/SE  |
| -23.458|  -23.458|-765211.812|-765211.812|   77.54%|   0:00:00.0| 9875.9M|      best|  default| mem_ctrl/mem_reg[906][0]/SE  |
| -23.448|  -23.448|-764866.562|-764866.562|   77.54%|   0:00:01.0| 9875.9M|      best|  default| mem_ctrl/mem_reg[906][0]/SE  |
| -23.439|  -23.439|-764565.500|-764565.500|   77.54%|   0:00:00.0| 9875.9M|      best|  default| mem_ctrl/mem_reg[906][0]/SE  |
| -23.432|  -23.432|-764346.062|-764346.062|   77.54%|   0:00:01.0| 9875.9M|      best|  default| mem_ctrl/mem_reg[906][0]/SE  |
| -23.425|  -23.425|-764119.875|-764119.875|   77.54%|   0:00:00.0| 9886.0M|      best|  default| mem_ctrl/mem_reg[906][0]/SE  |
| -23.407|  -23.407|-763532.562|-763532.562|   77.55%|   0:00:00.0| 9886.0M|      best|  default| mem_ctrl/mem_reg[906][0]/SE  |
| -23.398|  -23.398|-763235.125|-763235.125|   77.55%|   0:00:01.0| 9886.0M|      best|  default| mem_ctrl/mem_reg[906][0]/SE  |
| -23.392|  -23.392|-763015.625|-763015.625|   77.55%|   0:00:00.0| 9886.0M|      best|  default| mem_ctrl/mem_reg[906][0]/SE  |
| -23.378|  -23.378|-762563.312|-762563.312|   77.55%|   0:00:01.0| 9886.0M|      best|  default| mem_ctrl/mem_reg[906][0]/SE  |
| -23.367|  -23.367|-762209.375|-762209.375|   77.55%|   0:00:00.0| 9886.0M|      best|  default| mem_ctrl/mem_reg[906][0]/SE  |
| -23.354|  -23.354|-761786.438|-761786.438|   77.55%|   0:00:00.0| 9886.0M|      best|  default| mem_ctrl/mem_reg[906][0]/SE  |
| -23.340|  -23.340|-761340.750|-761340.750|   77.55%|   0:00:00.0| 9886.0M|      best|  default| mem_ctrl/mem_reg[906][0]/SE  |
| -23.329|  -23.329|-760980.188|-760980.188|   77.55%|   0:00:01.0| 9902.0M|      best|  default| mem_ctrl/mem_reg[906][0]/SE  |
| -23.320|  -23.320|-760858.562|-760858.562|   77.55%|   0:00:00.0| 9908.1M|      best|  default| mem_ctrl/mem_reg[2588][2]/SE |
| -23.315|  -23.315|-760802.312|-760802.312|   77.55%|   0:00:01.0| 9917.1M|      best|  default| mem_ctrl/mem_reg[1163][3]/SE |
| -23.311|  -23.311|-760725.312|-760725.312|   77.56%|   0:00:00.0| 9917.1M|      best|  default| mem_ctrl/mem_reg[1018][0]/SE |
| -23.303|  -23.303|-760399.562|-760399.562|   77.56%|   0:00:01.0| 9934.6M|      best|  default| mem_ctrl/mem_reg[1003][0]/SE |
| -23.294|  -23.294|-760122.875|-760122.875|   77.56%|   0:00:00.0| 9934.6M|      best|  default| mem_ctrl/mem_reg[1003][0]/SE |
| -23.287|  -23.287|-759869.312|-759869.312|   77.56%|   0:00:01.0| 9934.6M|      best|  default| mem_ctrl/mem_reg[1003][0]/SE |
| -23.274|  -23.274|-759475.500|-759475.500|   77.56%|   0:00:00.0| 9934.6M|      best|  default| mem_ctrl/mem_reg[1003][0]/SE |
| -23.265|  -23.265|-759157.438|-759157.438|   77.56%|   0:00:01.0| 9934.6M|      best|  default| mem_ctrl/mem_reg[1003][0]/SE |
| -23.257|  -23.257|-758891.375|-758891.375|   77.56%|   0:00:00.0| 9932.6M|      best|  default| mem_ctrl/mem_reg[1003][0]/SE |
| -23.243|  -23.243|-758426.125|-758426.125|   77.56%|   0:00:00.0| 9932.6M|      best|  default| mem_ctrl/mem_reg[1003][0]/SE |
| -23.231|  -23.231|-758058.812|-758058.812|   77.56%|   0:00:01.0| 9932.6M|      best|  default| mem_ctrl/mem_reg[1003][0]/SE |
| -23.224|  -23.224|-757829.312|-757829.312|   77.56%|   0:00:00.0| 9932.6M|      best|  default| mem_ctrl/mem_reg[1003][0]/SE |
| -23.215|  -23.215|-757528.062|-757528.062|   77.56%|   0:00:00.0| 9932.6M|      best|  default| mem_ctrl/mem_reg[1003][0]/SE |
| -23.204|  -23.204|-757164.500|-757164.500|   77.56%|   0:00:01.0| 9932.6M|      best|  default| mem_ctrl/mem_reg[1003][0]/SE |
| -23.197|  -23.197|-756941.188|-756941.188|   77.56%|   0:00:00.0| 9932.6M|      best|  default| mem_ctrl/mem_reg[1003][0]/SE |
| -23.189|  -23.189|-756668.875|-756668.875|   77.56%|   0:00:01.0| 9932.6M|      best|  default| mem_ctrl/mem_reg[1003][0]/SE |
| -23.178|  -23.178|-756295.562|-756295.562|   77.57%|   0:00:00.0| 9932.6M|      best|  default| mem_ctrl/mem_reg[1003][0]/SE |
| -23.169|  -23.169|-756013.625|-756013.625|   77.57%|   0:00:01.0| 9932.6M|      best|  default| mem_ctrl/mem_reg[1003][0]/SE |
| -23.163|  -23.163|-755800.812|-755800.812|   77.57%|   0:00:00.0| 9932.6M|      best|  default| mem_ctrl/mem_reg[1003][0]/SE |
| -23.151|  -23.151|-755414.188|-755414.188|   77.57%|   0:00:01.0| 9932.6M|      best|  default| mem_ctrl/mem_reg[1003][0]/SE |
| -23.138|  -23.138|-754990.938|-754990.938|   77.57%|   0:00:00.0| 9932.6M|      best|  default| mem_ctrl/mem_reg[1003][0]/SE |
| -23.131|  -23.131|-754784.375|-754784.375|   77.57%|   0:00:01.0| 9932.6M|      best|  default| mem_ctrl/mem_reg[1003][0]/SE |
| -23.125|  -23.125|-754581.562|-754581.562|   77.57%|   0:00:00.0| 9932.6M|      best|  default| mem_ctrl/mem_reg[1003][0]/SE |
| -23.116|  -23.116|-754269.875|-754269.875|   77.57%|   0:00:01.0| 9932.6M|      best|  default| mem_ctrl/mem_reg[1003][0]/SE |
| -23.110|  -23.110|-754073.125|-754073.125|   77.57%|   0:00:00.0| 9932.6M|      best|  default| mem_ctrl/mem_reg[1003][0]/SE |
| -23.101|  -23.101|-753801.125|-753801.125|   77.57%|   0:00:01.0| 9932.6M|      best|  default| mem_ctrl/mem_reg[1003][0]/SE |
| -23.091|  -23.091|-753476.688|-753476.688|   77.58%|   0:00:00.0| 9932.6M|      best|  default| mem_ctrl/mem_reg[1003][0]/SE |
| -23.085|  -23.085|-753253.625|-753253.625|   77.58%|   0:00:01.0| 9932.6M|      best|  default| mem_ctrl/mem_reg[1003][0]/SE |
| -23.078|  -23.078|-753041.188|-753041.188|   77.58%|   0:00:00.0| 9932.6M|      best|  default| mem_ctrl/mem_reg[1003][0]/SE |
| -23.068|  -23.068|-752729.312|-752729.312|   77.58%|   0:00:01.0| 9936.4M|      best|  default| mem_ctrl/mem_reg[987][0]/SE  |
| -23.056|  -23.056|-752465.250|-752465.250|   77.58%|   0:00:00.0| 9936.4M|      best|  default| mem_ctrl/mem_reg[1003][0]/SE |
| -23.047|  -23.047|-752084.625|-752084.625|   77.59%|   0:00:01.0| 9936.4M|      best|  default| mem_ctrl/mem_reg[1003][0]/SE |
| -23.038|  -23.038|-751792.562|-751792.562|   77.59%|   0:00:00.0| 9936.4M|      best|  default| mem_ctrl/mem_reg[1003][0]/SE |
| -23.032|  -23.032|-751586.125|-751586.125|   77.59%|   0:00:01.0| 9936.4M|      best|  default| mem_ctrl/mem_reg[1003][0]/SE |
| -23.020|  -23.020|-751192.125|-751192.125|   77.59%|   0:00:00.0| 9936.4M|      best|  default| mem_ctrl/mem_reg[1003][0]/SE |
| -23.014|  -23.014|-750975.500|-750975.500|   77.59%|   0:00:01.0| 9936.4M|      best|  default| mem_ctrl/mem_reg[1003][0]/SE |
| -23.005|  -23.005|-750697.250|-750697.250|   77.59%|   0:00:00.0| 9936.4M|      best|  default| mem_ctrl/mem_reg[1003][0]/SE |
| -22.994|  -22.994|-750326.938|-750326.938|   77.59%|   0:00:01.0| 9936.4M|      best|  default| mem_ctrl/mem_reg[1003][0]/SE |
| -22.985|  -22.985|-750035.375|-750035.375|   77.59%|   0:00:00.0| 9936.4M|      best|  default| mem_ctrl/mem_reg[1003][0]/SE |
| -22.971|  -22.971|-749583.000|-749583.000|   77.60%|   0:00:01.0| 9936.4M|      best|  default| mem_ctrl/mem_reg[1003][0]/SE |
| -22.963|  -22.963|-749330.625|-749330.625|   77.60%|   0:00:00.0| 9936.4M|      best|  default| mem_ctrl/mem_reg[1003][0]/SE |
| -22.957|  -22.957|-749123.312|-749123.312|   77.60%|   0:00:01.0| 9936.4M|      best|  default| mem_ctrl/mem_reg[1003][0]/SE |
| -22.951|  -22.951|-748917.938|-748917.938|   77.60%|   0:00:00.0| 9936.4M|      best|  default| mem_ctrl/mem_reg[1003][0]/SE |
| -22.945|  -22.945|-748740.688|-748740.688|   77.60%|   0:00:01.0| 9936.4M|      best|  default| mem_ctrl/mem_reg[1003][0]/SE |
| -22.940|  -22.940|-748570.250|-748570.250|   77.61%|   0:00:00.0| 9944.4M|      best|  default| mem_ctrl/mem_reg[1003][0]/SE |
| -22.930|  -22.930|-748225.312|-748225.312|   77.61%|   0:00:01.0| 9944.4M|      best|  default| mem_ctrl/mem_reg[1003][0]/SE |
| -22.924|  -22.924|-748039.500|-748039.500|   77.61%|   0:00:01.0| 9944.4M|      best|  default| mem_ctrl/mem_reg[1003][0]/SE |
| -22.917|  -22.917|-747826.562|-747826.562|   77.61%|   0:00:00.0| 9944.4M|      best|  default| mem_ctrl/mem_reg[1003][0]/SE |
| -22.916|  -22.916|-747773.438|-747773.438|   77.61%|   0:00:01.0| 9944.4M|      best|  default| mem_ctrl/mem_reg[1003][0]/SE |
| -22.909|  -22.909|-747531.188|-747531.188|   77.61%|   0:00:00.0| 9944.4M|      best|  default| mem_ctrl/mem_reg[1003][0]/SE |
| -22.904|  -22.904|-747386.625|-747386.625|   77.62%|   0:00:01.0| 9944.4M|      best|  default| mem_ctrl/mem_reg[1003][0]/SE |
| -22.893|  -22.893|-747036.812|-747036.812|   77.62%|   0:00:00.0| 9944.4M|      best|  default| mem_ctrl/mem_reg[1003][0]/SE |
| -22.887|  -22.887|-746835.688|-746835.688|   77.62%|   0:00:01.0| 9944.4M|      best|  default| mem_ctrl/mem_reg[1003][0]/SE |
| -22.881|  -22.881|-746616.062|-746616.062|   77.62%|   0:00:00.0| 9944.4M|      best|  default| mem_ctrl/mem_reg[1003][0]/SE |
| -22.878|  -22.878|-746544.562|-746544.562|   77.63%|   0:00:01.0| 9944.4M|      best|  default| mem_ctrl/mem_reg[1003][0]/SE |
| -22.872|  -22.872|-746344.688|-746344.688|   77.63%|   0:00:00.0| 9944.4M|      best|  default| mem_ctrl/mem_reg[1003][0]/SE |
| -22.866|  -22.866|-746131.312|-746131.312|   77.63%|   0:00:01.0| 9944.4M|      best|  default| mem_ctrl/mem_reg[1003][0]/SE |
| -22.851|  -22.851|-745659.500|-745659.500|   77.63%|   0:00:00.0| 9944.4M|      best|  default| mem_ctrl/mem_reg[1003][0]/SE |
| -22.839|  -22.839|-745243.062|-745243.062|   77.64%|   0:00:01.0| 9944.4M|      best|  default| mem_ctrl/mem_reg[1003][0]/SE |
| -22.829|  -22.829|-744912.625|-744912.625|   77.64%|   0:00:01.0| 9944.4M|      best|  default| mem_ctrl/mem_reg[1003][0]/SE |
| -22.822|  -22.822|-744685.938|-744685.938|   77.64%|   0:00:00.0| 9944.4M|      best|  default| mem_ctrl/mem_reg[1003][0]/SE |
| -22.815|  -22.815|-744460.438|-744460.438|   77.64%|   0:00:01.0| 9944.4M|      best|  default| mem_ctrl/mem_reg[1003][0]/SE |
| -22.813|  -22.813|-744401.375|-744401.375|   77.65%|   0:00:00.0| 9944.4M|      best|  default| mem_ctrl/mem_reg[1003][0]/SE |
| -22.806|  -22.806|-744187.750|-744187.750|   77.65%|   0:00:01.0| 9944.4M|      best|  default| mem_ctrl/mem_reg[1003][0]/SE |
| -22.798|  -22.798|-743903.250|-743903.250|   77.65%|   0:00:00.0| 9944.4M|      best|  default| mem_ctrl/mem_reg[1003][0]/SE |
| -22.790|  -22.790|-743654.125|-743654.125|   77.65%|   0:00:01.0| 9944.4M|      best|  default| mem_ctrl/mem_reg[1003][0]/SE |
| -22.784|  -22.784|-743450.188|-743450.188|   77.65%|   0:00:00.0| 9944.4M|      best|  default| mem_ctrl/mem_reg[1003][0]/SE |
| -22.777|  -22.777|-743208.500|-743208.500|   77.65%|   0:00:01.0| 9944.4M|      best|  default| mem_ctrl/mem_reg[1003][0]/SE |
| -22.770|  -22.770|-742988.688|-742988.688|   77.65%|   0:00:00.0| 9944.4M|      best|  default| mem_ctrl/mem_reg[1003][0]/SE |
| -22.756|  -22.756|-742523.250|-742523.250|   77.66%|   0:00:01.0| 9952.4M|      best|  default| mem_ctrl/mem_reg[1003][0]/SE |
| -22.752|  -22.752|-742408.438|-742408.438|   77.66%|   0:00:00.0| 9952.4M|      best|  default| mem_ctrl/mem_reg[1003][0]/SE |
| -22.747|  -22.747|-742254.438|-742254.438|   77.66%|   0:00:01.0| 9952.4M|      best|  default| mem_ctrl/mem_reg[1003][0]/SE |
| -22.741|  -22.741|-742050.688|-742050.688|   77.66%|   0:00:00.0| 9952.4M|      best|  default| mem_ctrl/mem_reg[1003][0]/SE |
| -22.735|  -22.735|-741844.000|-741844.000|   77.66%|   0:00:01.0| 9952.4M|      best|  default| mem_ctrl/mem_reg[1003][0]/SE |
| -22.727|  -22.727|-741579.125|-741579.125|   77.67%|   0:00:00.0| 9952.4M|      best|  default| mem_ctrl/mem_reg[1003][0]/SE |
| -22.721|  -22.721|-741372.188|-741372.188|   77.67%|   0:00:01.0| 9952.4M|      best|  default| mem_ctrl/mem_reg[1003][0]/SE |
| -22.714|  -22.714|-741162.625|-741162.625|   77.67%|   0:00:01.0| 9952.4M|      best|  default| mem_ctrl/mem_reg[1003][0]/SE |
| -22.707|  -22.707|-740936.875|-740936.875|   77.67%|   0:00:00.0| 9952.4M|      best|  default| mem_ctrl/mem_reg[1003][0]/SE |
| -22.700|  -22.700|-740697.750|-740697.750|   77.68%|   0:00:01.0| 9952.4M|      best|  default| mem_ctrl/mem_reg[1003][0]/SE |
| -22.693|  -22.693|-740471.000|-740471.000|   77.68%|   0:00:00.0| 9952.4M|      best|  default| mem_ctrl/mem_reg[1003][0]/SE |
| -22.688|  -22.688|-740317.500|-740317.500|   77.68%|   0:00:01.0| 9952.4M|      best|  default| mem_ctrl/mem_reg[1003][0]/SE |
| -22.682|  -22.682|-740107.312|-740107.312|   77.68%|   0:00:01.0| 9952.4M|      best|  default| mem_ctrl/mem_reg[1003][0]/SE |
| -22.678|  -22.678|-739985.812|-739985.812|   77.69%|   0:00:00.0| 9952.4M|      best|  default| mem_ctrl/mem_reg[1003][0]/SE |
| -22.673|  -22.673|-739815.812|-739815.812|   77.69%|   0:00:01.0| 9952.4M|      best|  default| mem_ctrl/mem_reg[1003][0]/SE |
| -22.667|  -22.667|-739612.500|-739612.500|   77.69%|   0:00:00.0| 9952.4M|      best|  default| mem_ctrl/mem_reg[1003][0]/SE |
| -22.660|  -22.660|-739398.812|-739398.812|   77.69%|   0:00:01.0| 9952.4M|      best|  default| mem_ctrl/mem_reg[1003][0]/SE |
| -22.653|  -22.653|-739173.438|-739173.438|   77.70%|   0:00:01.0| 9952.4M|      best|  default| mem_ctrl/mem_reg[1003][0]/SE |
| -22.647|  -22.647|-738946.625|-738946.625|   77.70%|   0:00:00.0| 9952.4M|      best|  default| mem_ctrl/mem_reg[1003][0]/SE |
| -22.639|  -22.639|-738684.688|-738684.688|   77.70%|   0:00:01.0| 9952.4M|      best|  default| mem_ctrl/mem_reg[1003][0]/SE |
| -22.634|  -22.634|-738526.938|-738526.938|   77.70%|   0:00:00.0| 9952.4M|      best|  default| mem_ctrl/mem_reg[1003][0]/SE |
| -22.630|  -22.630|-738409.188|-738409.188|   77.71%|   0:00:01.0| 9952.4M|      best|  default| mem_ctrl/mem_reg[1003][0]/SE |
| -22.624|  -22.624|-738196.062|-738196.062|   77.71%|   0:00:00.0| 9952.4M|      best|  default| mem_ctrl/mem_reg[1003][0]/SE |
| -22.618|  -22.618|-738022.188|-738022.188|   77.71%|   0:00:01.0| 9952.4M|      best|  default| mem_ctrl/mem_reg[1003][0]/SE |
| -22.611|  -22.611|-737790.188|-737790.188|   77.71%|   0:00:00.0| 9952.4M|      best|  default| mem_ctrl/mem_reg[1003][0]/SE |
| -22.605|  -22.605|-737583.500|-737583.500|   77.71%|   0:00:01.0| 9952.4M|      best|  default| mem_ctrl/mem_reg[1003][0]/SE |
| -22.598|  -22.598|-737364.250|-737364.250|   77.72%|   0:00:00.0| 9956.4M|      best|  default| mem_ctrl/mem_reg[1003][0]/SE |
| -22.595|  -22.595|-737256.125|-737256.125|   77.72%|   0:00:01.0| 9956.4M|      best|  default| mem_ctrl/mem_reg[1003][0]/SE |
| -22.591|  -22.591|-737124.688|-737124.688|   77.72%|   0:00:00.0| 9956.4M|      best|  default| mem_ctrl/mem_reg[1003][0]/SE |
| -22.589|  -22.589|-737059.500|-737059.500|   77.72%|   0:00:01.0| 9957.4M|      best|  default| mem_ctrl/mem_reg[1003][0]/SE |
| -22.583|  -22.583|-736849.188|-736849.188|   77.73%|   0:00:00.0| 9957.4M|      best|  default| mem_ctrl/mem_reg[1003][0]/SE |
| -22.577|  -22.577|-736662.938|-736662.938|   77.73%|   0:00:01.0| 9957.4M|      best|  default| mem_ctrl/mem_reg[1003][0]/SE |
| -22.565|  -22.565|-736279.500|-736279.500|   77.73%|   0:00:01.0| 9957.4M|      best|  default| mem_ctrl/mem_reg[1003][0]/SE |
| -22.556|  -22.556|-735990.125|-735990.125|   77.74%|   0:00:00.0| 9957.4M|      best|  default| mem_ctrl/mem_reg[1003][0]/SE |
| -22.550|  -22.550|-735773.688|-735773.688|   77.74%|   0:00:01.0| 9957.4M|      best|  default| mem_ctrl/mem_reg[1003][0]/SE |
| -22.544|  -22.544|-735581.062|-735581.062|   77.74%|   0:00:00.0| 9957.4M|      best|  default| mem_ctrl/mem_reg[1003][0]/SE |
| -22.538|  -22.538|-735383.938|-735383.938|   77.74%|   0:00:01.0| 9957.4M|      best|  default| mem_ctrl/mem_reg[1003][0]/SE |
| -22.531|  -22.531|-735151.312|-735151.312|   77.75%|   0:00:01.0| 9957.4M|      best|  default| mem_ctrl/mem_reg[1003][0]/SE |
| -22.521|  -22.521|-734847.000|-734847.000|   77.75%|   0:00:00.0| 9957.4M|      best|  default| mem_ctrl/mem_reg[1003][0]/SE |
| -22.509|  -22.509|-734434.000|-734434.000|   77.75%|   0:00:01.0| 9957.4M|      best|  default| mem_ctrl/mem_reg[1003][0]/SE |
| -22.501|  -22.501|-734187.688|-734187.688|   77.76%|   0:00:01.0| 9957.4M|      best|  default| mem_ctrl/mem_reg[1003][0]/SE |
| -22.493|  -22.493|-733899.438|-733899.438|   77.76%|   0:00:00.0| 9957.4M|      best|  default| mem_ctrl/mem_reg[1003][0]/SE |
| -22.489|  -22.489|-733771.688|-733771.688|   77.76%|   0:00:01.0| 9957.4M|      best|  default| mem_ctrl/mem_reg[1003][0]/SE |
| -22.483|  -22.483|-733568.562|-733568.562|   77.77%|   0:00:00.0| 9957.4M|      best|  default| mem_ctrl/mem_reg[1003][0]/SE |
| -22.477|  -22.477|-733401.000|-733401.000|   77.77%|   0:00:01.0| 9958.4M|      best|  default| mem_ctrl/mem_reg[1003][0]/SE |
| -22.465|  -22.465|-732994.500|-732994.500|   77.77%|   0:00:00.0| 9958.4M|      best|  default| mem_ctrl/mem_reg[1003][0]/SE |
| -22.458|  -22.458|-732765.625|-732765.625|   77.78%|   0:00:01.0| 9958.4M|      best|  default| mem_ctrl/mem_reg[1003][0]/SE |
| -22.447|  -22.447|-732418.625|-732418.625|   77.78%|   0:00:01.0| 9962.5M|      best|  default| mem_ctrl/mem_reg[1003][0]/SE |
| -22.438|  -22.438|-732100.250|-732100.250|   77.78%|   0:00:00.0| 9963.5M|      best|  default| mem_ctrl/mem_reg[1003][0]/SE |
| -22.427|  -22.427|-731766.062|-731766.062|   77.79%|   0:00:01.0| 9963.5M|      best|  default| mem_ctrl/mem_reg[1003][0]/SE |
| -22.425|  -22.425|-731689.688|-731689.688|   77.80%|   0:00:01.0| 9963.5M|      best|  default| mem_ctrl/mem_reg[1003][0]/SE |
| -22.421|  -22.421|-731552.812|-731552.812|   77.80%|   0:00:00.0| 9963.5M|      best|  default| mem_ctrl/mem_reg[1003][0]/SE |
| -22.410|  -22.410|-731208.062|-731208.062|   77.80%|   0:00:01.0| 9963.5M|      best|  default| mem_ctrl/mem_reg[1003][0]/SE |
| -22.404|  -22.404|-730995.250|-730995.250|   77.81%|   0:00:00.0| 9971.5M|      best|  default| mem_ctrl/mem_reg[1003][0]/SE |
| -22.398|  -22.398|-730792.375|-730792.375|   77.81%|   0:00:01.0| 9971.5M|      best|  default| mem_ctrl/mem_reg[1003][0]/SE |
| -22.393|  -22.393|-730644.688|-730644.688|   77.81%|   0:00:01.0| 9971.5M|      best|  default| mem_ctrl/mem_reg[1003][0]/SE |
| -22.386|  -22.386|-730424.812|-730424.812|   77.81%|   0:00:00.0| 9971.5M|      best|  default| mem_ctrl/mem_reg[1003][0]/SE |
| -22.382|  -22.382|-730280.438|-730280.438|   77.82%|   0:00:01.0| 9971.5M|      best|  default| mem_ctrl/mem_reg[1003][0]/SE |
| -22.381|  -22.381|-730244.500|-730244.500|   77.82%|   0:00:00.0| 9971.5M|      best|  default| mem_ctrl/mem_reg[1003][0]/SE |
| -22.374|  -22.374|-730028.000|-730028.000|   77.82%|   0:00:01.0| 9971.5M|      best|  default| mem_ctrl/mem_reg[1003][0]/SE |
| -22.364|  -22.364|-729685.562|-729685.562|   77.83%|   0:00:00.0| 9971.5M|      best|  default| mem_ctrl/mem_reg[1003][0]/SE |
| -22.353|  -22.353|-729334.625|-729334.625|   77.83%|   0:00:01.0| 9971.5M|      best|  default| mem_ctrl/mem_reg[1003][0]/SE |
| -22.350|  -22.350|-729215.938|-729215.938|   77.84%|   0:00:01.0| 9971.5M|      best|  default| mem_ctrl/mem_reg[1003][0]/SE |
| -22.344|  -22.344|-729022.750|-729022.750|   77.84%|   0:00:00.0| 9971.5M|      best|  default| mem_ctrl/mem_reg[1003][0]/SE |
| -22.338|  -22.338|-728819.375|-728819.375|   77.84%|   0:00:01.0| 9971.5M|      best|  default| mem_ctrl/mem_reg[1003][0]/SE |
| -22.332|  -22.332|-728622.812|-728622.812|   77.84%|   0:00:00.0| 9971.5M|      best|  default| mem_ctrl/mem_reg[1003][0]/SE |
| -22.319|  -22.319|-728223.625|-728223.625|   77.84%|   0:00:01.0| 9971.5M|      best|  default| mem_ctrl/mem_reg[1003][0]/SE |
| -22.312|  -22.312|-727990.062|-727990.062|   77.84%|   0:00:01.0| 9971.5M|      best|  default| mem_ctrl/mem_reg[1003][0]/SE |
| -22.306|  -22.306|-727769.438|-727769.438|   77.85%|   0:00:00.0| 9971.5M|      best|  default| mem_ctrl/mem_reg[1003][0]/SE |
| -22.295|  -22.295|-727442.312|-727442.312|   77.85%|   0:00:01.0| 9971.5M|      best|  default| mem_ctrl/mem_reg[1003][0]/SE |
| -22.289|  -22.289|-727239.125|-727239.125|   77.86%|   0:00:00.0| 9971.5M|      best|  default| mem_ctrl/mem_reg[1003][0]/SE |
| -22.280|  -22.280|-726945.250|-726945.250|   77.86%|   0:00:01.0| 9971.5M|      best|  default| mem_ctrl/mem_reg[1003][0]/SE |
| -22.275|  -22.275|-726761.938|-726761.938|   77.86%|   0:00:01.0| 9971.5M|      best|  default| mem_ctrl/mem_reg[1003][0]/SE |
| -22.268|  -22.268|-726544.125|-726544.125|   77.87%|   0:00:00.0| 9971.5M|      best|  default| mem_ctrl/mem_reg[1003][0]/SE |
| -22.262|  -22.262|-726331.125|-726331.125|   77.87%|   0:00:01.0| 9971.5M|      best|  default| mem_ctrl/mem_reg[1003][0]/SE |
| -22.256|  -22.256|-726134.125|-726134.125|   77.87%|   0:00:00.0| 9971.5M|      best|  default| mem_ctrl/mem_reg[1003][0]/SE |
| -22.247|  -22.247|-725866.125|-725866.125|   77.88%|   0:00:01.0| 9971.5M|      best|  default| mem_ctrl/mem_reg[1003][0]/SE |
| -22.241|  -22.241|-725659.562|-725659.562|   77.88%|   0:00:01.0| 9971.5M|      best|  default| mem_ctrl/mem_reg[1003][0]/SE |
| -22.235|  -22.235|-725443.312|-725443.312|   77.89%|   0:00:00.0| 9971.5M|      best|  default| mem_ctrl/mem_reg[1003][0]/SE |
| -22.229|  -22.229|-725253.625|-725253.625|   77.89%|   0:00:01.0| 9971.5M|      best|  default| mem_ctrl/mem_reg[1003][0]/SE |
| -22.222|  -22.222|-725024.312|-725024.312|   77.89%|   0:00:00.0| 9971.5M|      best|  default| mem_ctrl/mem_reg[1003][0]/SE |
| -22.218|  -22.218|-724883.062|-724883.062|   77.89%|   0:00:01.0| 9971.5M|      best|  default| mem_ctrl/mem_reg[1003][0]/SE |
| -22.211|  -22.211|-724672.688|-724672.688|   77.90%|   0:00:00.0| 9971.5M|      best|  default| mem_ctrl/mem_reg[1003][0]/SE |
| -22.203|  -22.203|-724413.812|-724413.812|   77.90%|   0:00:01.0| 9971.5M|      best|  default| mem_ctrl/mem_reg[1003][0]/SE |
| -22.196|  -22.196|-724191.062|-724191.062|   77.90%|   0:00:00.0| 9971.5M|      best|  default| mem_ctrl/mem_reg[1003][0]/SE |
| -22.191|  -22.191|-724020.438|-724020.438|   77.90%|   0:00:01.0| 9971.5M|      best|  default| mem_ctrl/mem_reg[1003][0]/SE |
| -22.185|  -22.185|-723817.750|-723817.750|   77.91%|   0:00:00.0| 9971.5M|      best|  default| mem_ctrl/mem_reg[1003][0]/SE |
| -22.180|  -22.180|-723637.875|-723637.875|   77.91%|   0:00:01.0| 9975.6M|      best|  default| mem_ctrl/mem_reg[1003][0]/SE |
| -22.172|  -22.172|-723401.625|-723401.625|   77.91%|   0:00:01.0| 9976.6M|      best|  default| mem_ctrl/mem_reg[1003][0]/SE |
| -22.166|  -22.166|-723202.562|-723202.562|   77.92%|   0:00:00.0| 9976.6M|      best|  default| mem_ctrl/mem_reg[1003][0]/SE |
| -22.157|  -22.157|-722900.312|-722900.312|   77.93%|   0:00:01.0| 9984.6M|      best|  default| mem_ctrl/mem_reg[1003][0]/SE |
| -22.150|  -22.150|-722687.188|-722687.188|   77.93%|   0:00:00.0| 9984.6M|      best|  default| mem_ctrl/mem_reg[1003][0]/SE |
| -22.143|  -22.143|-722452.688|-722452.688|   77.94%|   0:00:01.0| 9984.6M|      best|  default| mem_ctrl/mem_reg[1003][0]/SE |
| -22.141|  -22.141|-722381.500|-722381.500|   77.94%|   0:00:01.0| 9984.6M|      best|  default| mem_ctrl/mem_reg[1003][0]/SE |
| -22.135|  -22.135|-722172.000|-722172.000|   77.94%|   0:00:00.0| 9984.6M|      best|  default| mem_ctrl/mem_reg[1003][0]/SE |
| -22.126|  -22.126|-721890.188|-721890.188|   77.96%|   0:00:01.0| 9987.1M|      best|  default| mem_ctrl/mem_reg[1003][0]/SE |
| -22.119|  -22.119|-721664.375|-721664.375|   77.96%|   0:00:01.0| 9987.1M|      best|  default| mem_ctrl/mem_reg[1003][0]/SE |
| -22.112|  -22.112|-721422.312|-721422.312|   77.96%|   0:00:00.0| 9987.1M|      best|  default| mem_ctrl/mem_reg[1003][0]/SE |
| -22.108|  -22.108|-721290.438|-721290.438|   77.97%|   0:00:01.0| 9987.1M|      best|  default| mem_ctrl/mem_reg[1003][0]/SE |
| -22.105|  -22.105|-721201.938|-721201.938|   77.97%|   0:00:00.0| 9987.1M|      best|  default| mem_ctrl/mem_reg[1003][0]/SE |
| -22.099|  -22.099|-720998.312|-720998.312|   77.97%|   0:00:01.0| 9987.1M|      best|  default| mem_ctrl/mem_reg[1003][0]/SE |
| -22.096|  -22.096|-720903.250|-720903.250|   77.98%|   0:00:01.0| 9987.1M|      best|  default| mem_ctrl/mem_reg[1003][0]/SE |
| -22.090|  -22.090|-720697.000|-720697.000|   77.98%|   0:00:00.0| 9987.1M|      best|  default| mem_ctrl/mem_reg[1003][0]/SE |
| -22.084|  -22.084|-720496.750|-720496.750|   77.98%|   0:00:01.0| 9987.1M|      best|  default| mem_ctrl/mem_reg[1003][0]/SE |
| -22.080|  -22.080|-720376.688|-720376.688|   77.99%|   0:00:00.0| 9987.1M|      best|  default| mem_ctrl/mem_reg[1003][0]/SE |
| -22.074|  -22.074|-720165.938|-720165.938|   77.99%|   0:00:01.0| 9987.1M|      best|  default| mem_ctrl/mem_reg[1003][0]/SE |
| -22.066|  -22.066|-719909.625|-719909.625|   78.00%|   0:00:00.0| 9987.1M|      best|  default| mem_ctrl/mem_reg[1003][0]/SE |
| -22.057|  -22.057|-719631.125|-719631.125|   78.00%|   0:00:01.0| 9987.1M|      best|  default| mem_ctrl/mem_reg[1003][0]/SE |
| -22.052|  -22.052|-719473.938|-719473.938|   78.01%|   0:00:01.0| 9987.1M|      best|  default| mem_ctrl/mem_reg[1003][0]/SE |
| -22.042|  -22.042|-719129.250|-719129.250|   78.01%|   0:00:00.0| 9987.1M|      best|  default| mem_ctrl/mem_reg[1003][0]/SE |
| -22.041|  -22.041|-719085.250|-719085.250|   78.01%|   0:00:01.0| 9987.1M|      best|  default| mem_ctrl/mem_reg[1003][0]/SE |
| -22.033|  -22.033|-718842.438|-718842.438|   78.01%|   0:00:00.0| 9987.1M|      best|  default| mem_ctrl/mem_reg[1003][0]/SE |
| -22.024|  -22.024|-718546.375|-718546.375|   78.02%|   0:00:01.0| 9987.1M|      best|  default| mem_ctrl/mem_reg[1003][0]/SE |
| -22.018|  -22.018|-718346.250|-718346.250|   78.02%|   0:00:01.0| 9987.1M|      best|  default| mem_ctrl/mem_reg[1003][0]/SE |
| -22.013|  -22.013|-718179.062|-718179.062|   78.03%|   0:00:00.0| 9987.1M|      best|  default| mem_ctrl/mem_reg[1003][0]/SE |
| -22.008|  -22.008|-718018.500|-718018.500|   78.03%|   0:00:01.0| 9987.1M|      best|  default| mem_ctrl/mem_reg[1003][0]/SE |
| -22.006|  -22.006|-717939.688|-717939.688|   78.04%|   0:00:00.0| 9987.1M|      best|  default| mem_ctrl/mem_reg[1003][0]/SE |
| -21.999|  -21.999|-717720.625|-717720.625|   78.04%|   0:00:01.0| 9987.1M|      best|  default| mem_ctrl/mem_reg[1003][0]/SE |
| -21.994|  -21.994|-717576.125|-717576.125|   78.04%|   0:00:01.0| 9995.1M|      best|  default| mem_ctrl/mem_reg[1003][0]/SE |
| -21.988|  -21.988|-717372.938|-717372.938|   78.05%|   0:00:00.0| 9995.1M|      best|  default| mem_ctrl/mem_reg[1003][0]/SE |
| -21.984|  -21.984|-717222.062|-717222.062|   78.05%|   0:00:01.0|10003.1M|      best|  default| mem_ctrl/mem_reg[1003][0]/SE |
| -21.975|  -21.975|-716936.875|-716936.875|   78.06%|   0:00:00.0|10003.1M|      best|  default| mem_ctrl/mem_reg[1003][0]/SE |
| -21.962|  -21.962|-716504.312|-716504.312|   78.06%|   0:00:01.0|10003.1M|      best|  default| mem_ctrl/mem_reg[1003][0]/SE |
| -21.959|  -21.959|-716399.188|-716399.188|   78.07%|   0:00:01.0|10003.1M|      best|  default| mem_ctrl/mem_reg[1003][0]/SE |
| -21.953|  -21.953|-716202.875|-716202.875|   78.08%|   0:00:00.0|10003.1M|      best|  default| mem_ctrl/mem_reg[1003][0]/SE |
| -21.944|  -21.944|-715908.000|-715908.000|   78.08%|   0:00:01.0|10003.1M|      best|  default| mem_ctrl/mem_reg[1003][0]/SE |
| -21.940|  -21.940|-715793.438|-715793.438|   78.09%|   0:00:01.0|10003.1M|      best|  default| mem_ctrl/mem_reg[1003][0]/SE |
| -21.934|  -21.934|-715602.812|-715602.812|   78.09%|   0:00:00.0|10003.1M|      best|  default| mem_ctrl/mem_reg[1003][0]/SE |
| -21.926|  -21.926|-715324.500|-715324.500|   78.09%|   0:00:01.0|10003.1M|      best|  default| mem_ctrl/mem_reg[1003][0]/SE |
| -21.919|  -21.919|-715115.000|-715115.000|   78.10%|   0:00:01.0|10003.1M|      best|  default| mem_ctrl/mem_reg[1003][0]/SE |
| -21.917|  -21.917|-715027.125|-715027.125|   78.10%|   0:00:00.0|10003.1M|      best|  default| mem_ctrl/mem_reg[1003][0]/SE |
| -21.908|  -21.908|-714741.625|-714741.625|   78.11%|   0:00:01.0|10003.1M|      best|  default| mem_ctrl/mem_reg[1003][0]/SE |
| -21.904|  -21.904|-714613.125|-714613.125|   78.12%|   0:00:01.0|10003.1M|      best|  default| mem_ctrl/mem_reg[1003][0]/SE |
| -21.896|  -21.896|-714355.562|-714355.562|   78.12%|   0:00:00.0|10003.1M|      best|  default| mem_ctrl/mem_reg[1003][0]/SE |
| -21.886|  -21.886|-714019.750|-714019.750|   78.12%|   0:00:01.0|10003.1M|      best|  default| mem_ctrl/mem_reg[1003][0]/SE |
| -21.880|  -21.880|-713830.812|-713830.812|   78.13%|   0:00:01.0|10003.1M|      best|  default| mem_ctrl/mem_reg[1003][0]/SE |
| -21.872|  -21.872|-713577.812|-713577.812|   78.14%|   0:00:00.0|10003.1M|      best|  default| mem_ctrl/mem_reg[1003][0]/SE |
| -21.868|  -21.868|-713413.688|-713413.688|   78.14%|   0:00:01.0|10003.1M|      best|  default| mem_ctrl/mem_reg[1003][0]/SE |
| -21.860|  -21.860|-713167.688|-713167.688|   78.15%|   0:00:01.0|10003.1M|      best|  default| mem_ctrl/mem_reg[1003][0]/SE |
| -21.854|  -21.854|-712955.500|-712955.500|   78.15%|   0:00:00.0|10003.1M|      best|  default| mem_ctrl/mem_reg[1003][0]/SE |
| -21.847|  -21.847|-712732.062|-712732.062|   78.16%|   0:00:01.0|10003.1M|      best|  default| mem_ctrl/mem_reg[1003][0]/SE |
| -21.836|  -21.836|-712387.938|-712387.938|   78.16%|   0:00:01.0|10003.1M|      best|  default| mem_ctrl/mem_reg[1003][0]/SE |
| -21.832|  -21.832|-712240.000|-712240.000|   78.17%|   0:00:00.0|10003.1M|      best|  default| mem_ctrl/mem_reg[1003][0]/SE |
| -21.826|  -21.826|-712066.312|-712066.312|   78.18%|   0:00:01.0|10003.1M|      best|  default| mem_ctrl/mem_reg[1003][0]/SE |
| -21.820|  -21.820|-711853.000|-711853.000|   78.19%|   0:00:01.0|10003.1M|      best|  default| mem_ctrl/mem_reg[1003][0]/SE |
| -21.815|  -21.815|-711676.188|-711676.188|   78.19%|   0:00:00.0|10003.1M|      best|  default| mem_ctrl/mem_reg[1003][0]/SE |
| -21.811|  -21.811|-711558.188|-711558.188|   78.19%|   0:00:01.0|10003.1M|      best|  default| mem_ctrl/mem_reg[1003][0]/SE |
| -21.805|  -21.805|-711354.938|-711354.938|   78.20%|   0:00:01.0|10003.1M|      best|  default| mem_ctrl/mem_reg[1003][0]/SE |
| -21.798|  -21.798|-711138.688|-711138.688|   78.20%|   0:00:00.0|10003.1M|      best|  default| mem_ctrl/mem_reg[1003][0]/SE |
| -21.792|  -21.792|-710939.625|-710939.625|   78.21%|   0:00:01.0|10003.1M|      best|  default| mem_ctrl/mem_reg[1003][0]/SE |
| -21.786|  -21.786|-710739.250|-710739.250|   78.22%|   0:00:00.0|10003.1M|      best|  default| mem_ctrl/mem_reg[1003][0]/SE |
| -21.778|  -21.778|-710467.062|-710467.062|   78.22%|   0:00:01.0|10003.1M|      best|  default| mem_ctrl/mem_reg[1003][0]/SE |
| -21.772|  -21.772|-710290.125|-710290.125|   78.23%|   0:00:01.0|10003.1M|      best|  default| mem_ctrl/mem_reg[1003][0]/SE |
| -21.765|  -21.765|-710054.438|-710054.438|   78.23%|   0:00:00.0|10003.1M|      best|  default| mem_ctrl/mem_reg[1003][0]/SE |
| -21.760|  -21.760|-709877.500|-709877.500|   78.23%|   0:00:01.0|10003.1M|      best|  default| mem_ctrl/mem_reg[1003][0]/SE |
| -21.754|  -21.754|-709687.312|-709687.312|   78.24%|   0:00:00.0|10003.1M|      best|  default| mem_ctrl/mem_reg[1003][0]/SE |
| -21.748|  -21.748|-709487.438|-709487.438|   78.25%|   0:00:01.0|10003.1M|      best|  default| mem_ctrl/mem_reg[1003][0]/SE |
| -21.743|  -21.743|-709339.438|-709339.438|   78.25%|   0:00:01.0|10003.1M|      best|  default| mem_ctrl/mem_reg[1003][0]/SE |
| -21.741|  -21.741|-709261.250|-709261.250|   78.25%|   0:00:00.0|10003.1M|      best|  default| mem_ctrl/mem_reg[1003][0]/SE |
| -21.740|  -21.740|-709240.938|-709240.938|   78.26%|   0:00:01.0|10003.1M|      best|  default| mem_ctrl/mem_reg[1003][0]/SE |
| -21.734|  -21.734|-709051.375|-709051.375|   78.26%|   0:00:00.0|10003.1M|      best|  default| mem_ctrl/mem_reg[1003][0]/SE |
| -21.734|  -21.734|-709025.625|-709025.625|   78.27%|   0:00:01.0|10003.1M|      best|  default| mem_ctrl/mem_reg[1003][0]/SE |
| -21.731|  -21.731|-708946.938|-708946.938|   78.27%|   0:00:00.0|10003.1M|      best|  default| mem_ctrl/mem_reg[1003][0]/SE |
| -21.723|  -21.723|-708684.625|-708684.625|   78.27%|   0:00:01.0|10003.1M|      best|  default| mem_ctrl/mem_reg[1003][0]/SE |
| -21.719|  -21.719|-708559.750|-708559.750|   78.28%|   0:00:01.0|10003.1M|      best|  default| mem_ctrl/mem_reg[1003][0]/SE |
| -21.714|  -21.714|-708369.500|-708369.500|   78.28%|   0:00:00.0|10003.1M|      best|  default| mem_ctrl/mem_reg[1003][0]/SE |
| -21.708|  -21.708|-708186.125|-708186.125|   78.29%|   0:00:01.0|10003.1M|      best|  default| mem_ctrl/mem_reg[1003][0]/SE |
| -21.703|  -21.703|-708025.625|-708025.625|   78.29%|   0:00:00.0|10003.1M|      best|  default| mem_ctrl/mem_reg[1003][0]/SE |
| -21.697|  -21.697|-707815.688|-707815.688|   78.30%|   0:00:01.0|10003.1M|      best|  default| mem_ctrl/mem_reg[1003][0]/SE |
| -21.691|  -21.691|-707632.062|-707632.062|   78.30%|   0:00:01.0|10003.1M|      best|  default| mem_ctrl/mem_reg[1003][0]/SE |
| -21.685|  -21.685|-707429.000|-707429.000|   78.31%|   0:00:00.0|10003.1M|      best|  default| mem_ctrl/mem_reg[1003][0]/SE |
| -21.676|  -21.676|-707150.000|-707150.000|   78.31%|   0:00:01.0|10003.1M|      best|  default| mem_ctrl/mem_reg[1003][0]/SE |
| -21.669|  -21.669|-706904.375|-706904.375|   78.32%|   0:00:01.0|10003.1M|      best|  default| mem_ctrl/mem_reg[1003][0]/SE |
| -21.662|  -21.662|-706691.438|-706691.438|   78.33%|   0:00:00.0|10003.1M|      best|  default| mem_ctrl/mem_reg[1003][0]/SE |
| -21.655|  -21.655|-706455.312|-706455.312|   78.33%|   0:00:01.0|10003.1M|      best|  default| mem_ctrl/mem_reg[1003][0]/SE |
| -21.650|  -21.650|-706279.375|-706279.375|   78.34%|   0:00:01.0|10003.1M|      best|  default| mem_ctrl/mem_reg[1003][0]/SE |
| -21.643|  -21.643|-706071.938|-706071.938|   78.35%|   0:00:00.0|10003.1M|      best|  default| mem_ctrl/mem_reg[1003][0]/SE |
| -21.639|  -21.639|-705914.438|-705914.438|   78.36%|   0:00:01.0|10003.1M|      best|  default| mem_ctrl/mem_reg[1003][0]/SE |
| -21.634|  -21.634|-705770.062|-705770.062|   78.36%|   0:00:01.0|10003.1M|      best|  default| mem_ctrl/mem_reg[1003][0]/SE |
| -21.628|  -21.628|-705550.750|-705550.750|   78.36%|   0:00:00.0|10003.1M|      best|  default| mem_ctrl/mem_reg[1003][0]/SE |
| -21.622|  -21.622|-705373.938|-705373.938|   78.37%|   0:00:01.0|10003.1M|      best|  default| mem_ctrl/mem_reg[1003][0]/SE |
| -21.619|  -21.619|-705265.500|-705265.500|   78.38%|   0:00:01.0|10003.1M|      best|  default| mem_ctrl/mem_reg[1003][0]/SE |
| -21.613|  -21.613|-705063.062|-705063.062|   78.38%|   0:00:00.0|10003.1M|      best|  default| mem_ctrl/mem_reg[1003][0]/SE |
| -21.602|  -21.602|-704718.812|-704718.812|   78.39%|   0:00:01.0|10003.1M|      best|  default| mem_ctrl/mem_reg[1003][0]/SE |
| -21.594|  -21.594|-704436.312|-704436.312|   78.40%|   0:00:01.0|10003.1M|      best|  default| mem_ctrl/mem_reg[1003][0]/SE |
| -21.585|  -21.585|-704157.625|-704157.625|   78.41%|   0:00:01.0|10003.1M|      best|  default| mem_ctrl/mem_reg[1003][0]/SE |
| -21.579|  -21.579|-703945.125|-703945.125|   78.42%|   0:00:00.0|10003.1M|      best|  default| mem_ctrl/mem_reg[1003][0]/SE |
| -21.568|  -21.568|-703607.375|-703607.375|   78.42%|   0:00:01.0|10003.1M|      best|  default| mem_ctrl/mem_reg[1003][0]/SE |
| -21.563|  -21.563|-703430.062|-703430.062|   78.43%|   0:00:01.0|10003.1M|      best|  default| mem_ctrl/mem_reg[1003][0]/SE |
| -21.555|  -21.555|-703184.438|-703184.438|   78.43%|   0:00:00.0|10003.1M|      best|  default| mem_ctrl/mem_reg[1003][0]/SE |
| -21.553|  -21.553|-703105.875|-703105.875|   78.44%|   0:00:01.0|10003.1M|      best|  default| mem_ctrl/mem_reg[1003][0]/SE |
| -21.545|  -21.545|-702857.188|-702857.188|   78.44%|   0:00:00.0|10003.1M|      best|  default| mem_ctrl/mem_reg[1003][0]/SE |
| -21.540|  -21.540|-702666.688|-702666.688|   78.45%|   0:00:01.0|10003.1M|      best|  default| mem_ctrl/mem_reg[1003][0]/SE |
| -21.534|  -21.534|-702473.188|-702473.188|   78.46%|   0:00:01.0|10003.1M|      best|  default| mem_ctrl/mem_reg[1003][0]/SE |
| -21.527|  -21.527|-702250.375|-702250.375|   78.46%|   0:00:00.0|10003.1M|      best|  default| mem_ctrl/mem_reg[1003][0]/SE |
| -21.522|  -21.522|-702083.062|-702083.062|   78.47%|   0:00:01.0|10003.1M|      best|  default| mem_ctrl/mem_reg[1003][0]/SE |
| -21.518|  -21.518|-701968.500|-701968.500|   78.47%|   0:00:01.0|10003.1M|      best|  default| mem_ctrl/mem_reg[1003][0]/SE |
| -21.517|  -21.517|-701925.875|-701925.875|   78.48%|   0:00:00.0|10003.1M|      best|  default| mem_ctrl/mem_reg[1003][0]/SE |
| -21.511|  -21.511|-701745.375|-701745.375|   78.48%|   0:00:01.0|10003.1M|      best|  default| mem_ctrl/mem_reg[1003][0]/SE |
| -21.509|  -21.509|-701670.250|-701670.250|   78.48%|   0:00:00.0|10003.1M|      best|  default| mem_ctrl/mem_reg[1003][0]/SE |
| -21.502|  -21.502|-701440.938|-701440.938|   78.48%|   0:00:01.0|10003.1M|      best|  default| mem_ctrl/mem_reg[1003][0]/SE |
| -21.497|  -21.497|-701267.125|-701267.125|   78.50%|   0:00:00.0|10003.1M|      best|  default| mem_ctrl/mem_reg[1003][0]/SE |
| -21.491|  -21.491|-701064.000|-701064.000|   78.50%|   0:00:01.0|10003.1M|      best|  default| mem_ctrl/mem_reg[1003][0]/SE |
| -21.484|  -21.484|-700854.062|-700854.062|   78.50%|   0:00:00.0|10003.1M|      best|  default| mem_ctrl/mem_reg[1003][0]/SE |
| -21.479|  -21.479|-700693.438|-700693.438|   78.51%|   0:00:01.0|10003.1M|      best|  default| mem_ctrl/mem_reg[1003][0]/SE |
| -21.475|  -21.475|-700543.188|-700543.188|   78.51%|   0:00:01.0|10003.1M|      best|  default| mem_ctrl/mem_reg[1003][0]/SE |
| -21.467|  -21.467|-700296.938|-700296.938|   78.51%|   0:00:00.0|10003.1M|      best|  default| mem_ctrl/mem_reg[1003][0]/SE |
| -21.466|  -21.466|-700255.125|-700255.125|   78.52%|   0:00:01.0|10003.1M|      best|  default| mem_ctrl/mem_reg[1003][0]/SE |
| -21.460|  -21.460|-700061.250|-700061.250|   78.53%|   0:00:00.0|10003.1M|      best|  default| mem_ctrl/mem_reg[1003][0]/SE |
| -21.454|  -21.454|-699842.250|-699842.250|   78.54%|   0:00:01.0|10003.1M|      best|  default| mem_ctrl/mem_reg[1003][0]/SE |
| -21.446|  -21.446|-699588.750|-699588.750|   78.54%|   0:00:01.0|10003.1M|      best|  default| mem_ctrl/mem_reg[1003][0]/SE |
| -21.440|  -21.440|-699399.000|-699399.000|   78.55%|   0:00:00.0|10003.1M|      best|  default| mem_ctrl/mem_reg[1003][0]/SE |
| -21.432|  -21.432|-699140.375|-699140.375|   78.56%|   0:00:01.0|10003.1M|      best|  default| mem_ctrl/mem_reg[1003][0]/SE |
| -21.425|  -21.425|-698923.688|-698923.688|   78.56%|   0:00:01.0|10003.1M|      best|  default| mem_ctrl/mem_reg[1003][0]/SE |
| -21.421|  -21.421|-698793.250|-698793.250|   78.57%|   0:00:00.0|10003.1M|      best|  default| mem_ctrl/mem_reg[1003][0]/SE |
| -21.419|  -21.419|-698714.125|-698714.125|   78.57%|   0:00:01.0|10003.1M|      best|  default| mem_ctrl/mem_reg[1003][0]/SE |
| -21.411|  -21.411|-698455.438|-698455.438|   78.58%|   0:00:01.0|10003.1M|      best|  default| mem_ctrl/mem_reg[1003][0]/SE |
| -21.405|  -21.405|-698255.062|-698255.062|   78.58%|   0:00:00.0|10003.1M|      best|  default| mem_ctrl/mem_reg[1003][0]/SE |
| -21.399|  -21.399|-698065.250|-698065.250|   78.59%|   0:00:01.0|10003.1M|      best|  default| mem_ctrl/mem_reg[1003][0]/SE |
| -21.392|  -21.392|-697825.688|-697825.688|   78.60%|   0:00:01.0|10003.1M|      best|  default| mem_ctrl/mem_reg[1003][0]/SE |
| -21.385|  -21.385|-697583.000|-697583.000|   78.60%|   0:00:00.0|10003.1M|      best|  default| mem_ctrl/mem_reg[1003][0]/SE |
| -21.383|  -21.383|-697521.562|-697521.562|   78.61%|   0:00:02.0|10003.1M|      best|  default| mem_ctrl/mem_reg[1003][0]/SE |
| -21.375|  -21.375|-697285.062|-697285.062|   78.62%|   0:00:01.0|10003.1M|      best|  default| mem_ctrl/mem_reg[1003][0]/SE |
| -21.367|  -21.367|-697000.312|-697000.312|   78.62%|   0:00:00.0|10003.1M|      best|  default| mem_ctrl/mem_reg[1003][0]/SE |
| -21.357|  -21.357|-696685.062|-696685.062|   78.63%|   0:00:01.0|10003.1M|      best|  default| mem_ctrl/mem_reg[1003][0]/SE |
| -21.354|  -21.354|-696583.625|-696583.625|   78.64%|   0:00:01.0|10003.1M|      best|  default| mem_ctrl/mem_reg[1003][0]/SE |
| -21.352|  -21.352|-696505.188|-696505.188|   78.64%|   0:00:00.0|10003.1M|      best|  default| mem_ctrl/mem_reg[1003][0]/SE |
| -21.344|  -21.344|-696269.188|-696269.188|   78.65%|   0:00:01.0|10003.1M|      best|  default| mem_ctrl/mem_reg[1003][0]/SE |
| -21.338|  -21.338|-696072.250|-696072.250|   78.65%|   0:00:00.0|10003.1M|      best|  default| mem_ctrl/mem_reg[1003][0]/SE |
| -21.334|  -21.334|-695931.438|-695931.438|   78.66%|   0:00:01.0|10003.1M|      best|  default| mem_ctrl/mem_reg[1003][0]/SE |
| -21.328|  -21.328|-695731.250|-695731.250|   78.66%|   0:00:01.0|10003.1M|      best|  default| mem_ctrl/mem_reg[1003][0]/SE |
| -21.325|  -21.325|-695639.375|-695639.375|   78.67%|   0:00:00.0|10003.1M|      best|  default| mem_ctrl/mem_reg[1003][0]/SE |
| -21.319|  -21.319|-695439.500|-695439.500|   78.67%|   0:00:01.0|10003.1M|      best|  default| mem_ctrl/mem_reg[1003][0]/SE |
| -21.314|  -21.314|-695278.750|-695278.750|   78.68%|   0:00:00.0|10003.1M|      best|  default| mem_ctrl/mem_reg[1003][0]/SE |
| -21.309|  -21.309|-695095.750|-695095.750|   78.68%|   0:00:01.0|10003.1M|      best|  default| mem_ctrl/mem_reg[1003][0]/SE |
| -21.301|  -21.301|-694839.688|-694839.688|   78.69%|   0:00:01.0|10003.1M|      best|  default| mem_ctrl/mem_reg[1003][0]/SE |
| -21.295|  -21.295|-694656.188|-694656.188|   78.69%|   0:00:00.0|10003.1M|      best|  default| mem_ctrl/mem_reg[1003][0]/SE |
| -21.290|  -21.290|-694469.750|-694469.750|   78.70%|   0:00:01.0|10003.1M|      best|  default| mem_ctrl/mem_reg[1003][0]/SE |
| -21.282|  -21.282|-694224.000|-694224.000|   78.70%|   0:00:01.0|10003.1M|      best|  default| mem_ctrl/mem_reg[1003][0]/SE |
| -21.275|  -21.275|-693981.438|-693981.438|   78.71%|   0:00:00.0|10003.1M|      best|  default| mem_ctrl/mem_reg[1003][0]/SE |
| -21.273|  -21.273|-693938.688|-693938.688|   78.72%|   0:00:01.0|10003.1M|      best|  default| mem_ctrl/mem_reg[1003][0]/SE |
| -21.266|  -21.266|-693685.938|-693685.938|   78.72%|   0:00:01.0|10003.1M|      best|  default| mem_ctrl/mem_reg[1003][0]/SE |
| -21.261|  -21.261|-693535.562|-693535.562|   78.73%|   0:00:00.0|10003.1M|      best|  default| mem_ctrl/mem_reg[1003][0]/SE |
| -21.255|  -21.255|-693332.000|-693332.000|   78.73%|   0:00:01.0|10003.1M|      best|  default| mem_ctrl/mem_reg[1003][0]/SE |
| -21.249|  -21.249|-693148.312|-693148.312|   78.73%|   0:00:00.0|10003.1M|      best|  default| mem_ctrl/mem_reg[1003][0]/SE |
| -21.243|  -21.243|-692945.625|-692945.625|   78.74%|   0:00:01.0|10011.1M|      best|  default| mem_ctrl/mem_reg[1003][0]/SE |
| -21.240|  -21.240|-692844.000|-692844.000|   78.76%|   0:00:01.0|10011.1M|      best|  default| mem_ctrl/mem_reg[1003][0]/SE |
| -21.234|  -21.234|-692637.438|-692637.438|   78.76%|   0:00:00.0|10011.1M|      best|  default| mem_ctrl/mem_reg[1003][0]/SE |
| -21.231|  -21.231|-692565.062|-692565.062|   78.77%|   0:00:01.0|10011.1M|      best|  default| mem_ctrl/mem_reg[1003][0]/SE |
| -21.221|  -21.221|-692234.125|-692234.125|   78.77%|   0:00:01.0|10011.1M|      best|  default| mem_ctrl/mem_reg[1003][0]/SE |
| -21.218|  -21.218|-692127.000|-692127.000|   78.78%|   0:00:01.0|10011.1M|      best|  default| mem_ctrl/mem_reg[1003][0]/SE |
| -21.212|  -21.212|-691920.562|-691920.562|   78.78%|   0:00:00.0|10011.1M|      best|  default| mem_ctrl/mem_reg[1003][0]/SE |
| -21.202|  -21.202|-691598.438|-691598.438|   78.79%|   0:00:01.0|10011.1M|      best|  default| mem_ctrl/mem_reg[1003][0]/SE |
| -21.193|  -21.193|-691294.250|-691294.250|   78.80%|   0:00:01.0|10011.1M|      best|  default| mem_ctrl/mem_reg[1003][0]/SE |
| -21.183|  -21.183|-690987.625|-690987.625|   78.81%|   0:00:00.0|10011.1M|      best|  default| mem_ctrl/mem_reg[1003][0]/SE |
| -21.176|  -21.176|-690749.500|-690749.500|   78.82%|   0:00:01.0|10011.1M|      best|  default| mem_ctrl/mem_reg[1003][0]/SE |
| -21.173|  -21.173|-690651.438|-690651.438|   78.83%|   0:00:01.0|10011.1M|      best|  default| mem_ctrl/mem_reg[1003][0]/SE |
| -21.173|  -21.173|-690648.000|-690648.000|   78.83%|   0:00:01.0|10011.1M|      best|  default| mem_ctrl/mem_reg[1003][0]/SE |
| -21.167|  -21.167|-690446.562|-690446.562|   78.83%|   0:00:00.0|10011.1M|      best|  default| mem_ctrl/mem_reg[1003][0]/SE |
| -21.165|  -21.165|-690401.750|-690401.750|   78.85%|   0:00:01.0|10011.1M|      best|  default| mem_ctrl/mem_reg[1003][0]/SE |
| -21.159|  -21.159|-690195.188|-690195.188|   78.85%|   0:00:00.0|10011.1M|      best|  default| mem_ctrl/mem_reg[1003][0]/SE |
| -21.152|  -21.152|-689969.312|-689969.312|   78.86%|   0:00:01.0|10011.1M|      best|  default| mem_ctrl/mem_reg[1003][0]/SE |
| -21.146|  -21.146|-689753.938|-689753.938|   78.86%|   0:00:00.0|10011.1M|      best|  default| mem_ctrl/mem_reg[1003][0]/SE |
| -21.143|  -21.143|-689681.688|-689681.688|   78.88%|   0:00:01.0|10011.1M|      best|  default| mem_ctrl/mem_reg[1003][0]/SE |
| -21.138|  -21.138|-689498.562|-689498.562|   78.88%|   0:00:01.0|10011.1M|      best|  default| mem_ctrl/mem_reg[1003][0]/SE |
| -21.135|  -21.135|-689412.625|-689412.625|   78.89%|   0:00:00.0|10011.1M|      best|  default| mem_ctrl/mem_reg[1003][0]/SE |
| -21.128|  -21.128|-689190.188|-689190.188|   78.89%|   0:00:01.0|10011.1M|      best|  default| mem_ctrl/mem_reg[1003][0]/SE |
| -21.122|  -21.122|-688960.250|-688960.250|   78.90%|   0:00:01.0|10011.1M|      best|  default| mem_ctrl/mem_reg[1003][0]/SE |
| -21.115|  -21.115|-688750.250|-688750.250|   78.91%|   0:00:01.0|10019.1M|      best|  default| mem_ctrl/mem_reg[1003][0]/SE |
| -21.110|  -21.110|-688570.250|-688570.250|   78.92%|   0:00:00.0|10019.1M|      best|  default| mem_ctrl/mem_reg[1003][0]/SE |
| -21.103|  -21.103|-688350.625|-688350.625|   78.94%|   0:00:01.0|10019.1M|      best|  default| mem_ctrl/mem_reg[1003][0]/SE |
| -21.097|  -21.097|-688147.688|-688147.688|   78.94%|   0:00:01.0|10019.1M|      best|  default| mem_ctrl/mem_reg[1003][0]/SE |
| -21.088|  -21.088|-688055.000|-688055.000|   78.95%|   0:00:01.0|10019.1M|      best|  default| mem_ctrl/mem_reg[3027][0]/SE |
| -21.084|  -21.084|-687934.125|-687934.125|   78.96%|   0:00:01.0|10019.1M|      best|  default| mem_ctrl/mem_reg[1145][0]/SE |
| -21.073|  -21.073|-687694.438|-687694.438|   78.97%|   0:00:00.0|10019.1M|      best|  default| mem_ctrl/mem_reg[1061][0]/SE |
| -21.068|  -21.068|-687437.125|-687437.125|   78.98%|   0:00:01.0|10021.0M|      best|  default| mem_ctrl/mem_reg[3011][0]/SE |
| -21.065|  -21.065|-687350.688|-687350.688|   78.99%|   0:00:01.0|10021.0M|      best|  default| mem_ctrl/mem_reg[3011][0]/SE |
| -21.057|  -21.057|-687148.625|-687148.625|   79.00%|   0:00:01.0|10021.0M|      best|  default| mem_ctrl/mem_reg[1081][0]/SE |
| -21.055|  -21.055|-687023.438|-687023.438|   79.01%|   0:00:01.0|10021.0M|      best|  default| mem_ctrl/mem_reg[1081][0]/SE |
| -21.049|  -21.049|-686931.875|-686931.875|   79.02%|   0:00:00.0|10021.0M|      best|  default| mem_ctrl/mem_reg[104][5]/SE  |
| -21.043|  -21.043|-686685.625|-686685.625|   79.02%|   0:00:01.0|10021.0M|      best|  default| mem_ctrl/mem_reg[104][5]/SE  |
| -21.042|  -21.042|-686707.250|-686707.250|   79.03%|   0:00:01.0|10021.0M|      best|  default| mem_ctrl/mem_reg[2949][0]/SE |
| -21.039|  -21.039|-686569.938|-686569.938|   79.03%|   0:00:00.0|10021.0M|      best|  default| mem_ctrl/mem_reg[2949][0]/SE |
| -21.033|  -21.033|-686563.812|-686563.812|   79.04%|   0:00:01.0|10021.0M|      best|  default| mem_ctrl/mem_reg[3058][0]/SE |
| -21.026|  -21.026|-686272.188|-686272.188|   79.05%|   0:00:01.0|10024.1M|      best|  default| mem_ctrl/mem_reg[1201][0]/SE |
| -21.022|  -21.022|-686094.750|-686094.750|   79.06%|   0:00:00.0|10024.1M|      best|  default| mem_ctrl/mem_reg[3143][0]/SE |
| -21.013|  -21.013|-685762.750|-685762.750|   79.07%|   0:00:01.0|10024.1M|      best|  default| mem_ctrl/mem_reg[3132][2]/SE |
| -21.011|  -21.011|-685669.250|-685669.250|   79.08%|   0:00:01.0|10024.1M|      best|  default| mem_ctrl/mem_reg[3123][3]/SE |
| -21.003|  -21.003|-685519.625|-685519.625|   79.09%|   0:00:01.0|10024.1M|      best|  default| mem_ctrl/mem_reg[1144][0]/SE |
| -21.000|  -21.000|-685317.000|-685317.000|   79.10%|   0:00:01.0|10024.1M|      best|  default| mem_ctrl/mem_reg[3157][0]/SE |
| -20.992|  -20.992|-685242.938|-685242.938|   79.11%|   0:00:00.0|10024.1M|      best|  default| mem_ctrl/mem_reg[2371][0]/SE |
| -20.986|  -20.986|-684959.250|-684959.250|   79.12%|   0:00:01.0|10028.3M|      best|  default| mem_ctrl/mem_reg[2612][0]/SE |
| -20.985|  -20.985|-684872.062|-684872.062|   79.13%|   0:00:01.0|10028.3M|      best|  default| mem_ctrl/mem_reg[2584][0]/SE |
| -20.982|  -20.982|-684707.062|-684707.062|   79.14%|   0:00:01.0|10028.3M|      best|  default| mem_ctrl/mem_reg[2584][0]/SE |
| -20.982|  -20.982|-684695.250|-684695.250|   79.14%|   0:00:00.0|10028.3M|      best|  default| mem_ctrl/mem_reg[2584][0]/SE |
| -20.980|  -20.980|-684680.000|-684680.000|   79.14%|   0:00:01.0|10028.3M|      best|  default| mem_ctrl/mem_reg[2590][0]/SE |
| -20.976|  -20.976|-684607.312|-684607.312|   79.14%|   0:00:01.0|10028.3M|      best|  default| mem_ctrl/mem_reg[2583][0]/SE |
| -20.965|  -20.965|-684296.125|-684296.125|   79.16%|   0:00:01.0|10028.3M|      best|  default| mem_ctrl/mem_reg[1144][0]/SE |
| -20.962|  -20.962|-684076.125|-684076.125|   79.18%|   0:00:01.0|10028.3M|      best|  default| mem_ctrl/mem_reg[3078][0]/SE |
| -20.954|  -20.954|-683880.938|-683880.938|   79.19%|   0:00:00.0|10028.3M|      best|  default| mem_ctrl/mem_reg[2674][0]/SE |
| -20.948|  -20.948|-683655.000|-683655.000|   79.21%|   0:00:01.0|10028.3M|      best|  default| mem_ctrl/mem_reg[2926][0]/SE |
| -20.940|  -20.940|-683372.625|-683372.625|   79.22%|   0:00:01.0|10028.3M|      best|  default| mem_ctrl/mem_reg[2678][0]/SE |
| -20.934|  -20.934|-683157.062|-683157.062|   79.23%|   0:00:01.0|10028.3M|      best|  default| mem_ctrl/mem_reg[1081][0]/SE |
| -20.930|  -20.930|-683042.312|-683042.312|   79.24%|   0:00:01.0|10028.3M|      best|  default| mem_ctrl/mem_reg[1081][0]/SE |
| -20.927|  -20.927|-682913.438|-682913.438|   79.25%|   0:00:00.0|10028.3M|      best|  default| mem_ctrl/mem_reg[2920][0]/SE |
| -20.923|  -20.923|-682766.375|-682766.375|   79.26%|   0:00:01.0|10028.3M|      best|  default| mem_ctrl/mem_reg[1074][0]/SE |
| -20.920|  -20.920|-682656.250|-682656.250|   79.26%|   0:00:01.0|10028.3M|      best|  default| mem_ctrl/mem_reg[1074][0]/SE |
| -20.914|  -20.914|-682435.938|-682435.938|   79.27%|   0:00:00.0|10028.3M|      best|  default| mem_ctrl/mem_reg[1074][0]/SE |
| -20.907|  -20.907|-682193.375|-682193.375|   79.28%|   0:00:01.0|10028.3M|      best|  default| mem_ctrl/mem_reg[1074][0]/SE |
| -20.900|  -20.900|-681986.875|-681986.875|   79.29%|   0:00:01.0|10028.3M|      best|  default| mem_ctrl/mem_reg[1074][0]/SE |
| -20.897|  -20.897|-681877.125|-681877.125|   79.30%|   0:00:01.0|10028.3M|      best|  default| mem_ctrl/mem_reg[1074][0]/SE |
| -20.892|  -20.892|-681693.062|-681693.062|   79.30%|   0:00:01.0|10028.3M|      best|  default| mem_ctrl/mem_reg[1074][0]/SE |
| -20.885|  -20.885|-681475.562|-681475.562|   79.31%|   0:00:00.0|10028.3M|      best|  default| mem_ctrl/mem_reg[1074][0]/SE |
| -20.882|  -20.882|-681400.188|-681400.188|   79.32%|   0:00:01.0|10028.3M|      best|  default| mem_ctrl/mem_reg[1074][0]/SE |
| -20.881|  -20.881|-681351.875|-681351.875|   79.33%|   0:00:01.0|10028.3M|      best|  default| mem_ctrl/mem_reg[1074][0]/SE |
| -20.874|  -20.874|-681169.562|-681169.562|   79.33%|   0:00:00.0|10028.3M|      best|  default| mem_ctrl/mem_reg[2921][0]/SE |
| -20.868|  -20.868|-680979.625|-680979.625|   79.34%|   0:00:01.0|10028.3M|      best|  default| mem_ctrl/mem_reg[72][0]/SE   |
| -20.865|  -20.865|-680859.500|-680859.500|   79.35%|   0:00:01.0|10028.3M|      best|  default| mem_ctrl/mem_reg[2414][0]/SE |
| -20.860|  -20.860|-680666.812|-680666.812|   79.35%|   0:00:00.0|10028.3M|      best|  default| mem_ctrl/mem_reg[2414][0]/SE |
| -20.854|  -20.854|-680483.375|-680483.375|   79.36%|   0:00:01.0|10028.3M|      best|  default| mem_ctrl/mem_reg[2414][0]/SE |
| -20.847|  -20.847|-680270.250|-680270.250|   79.36%|   0:00:00.0|10028.3M|      best|  default| mem_ctrl/mem_reg[2414][0]/SE |
| -20.842|  -20.842|-680129.750|-680129.750|   79.37%|   0:00:01.0|10028.3M|      best|  default| mem_ctrl/mem_reg[878][0]/SE  |
| -20.836|  -20.836|-679897.125|-679897.125|   79.38%|   0:00:01.0|10028.3M|      best|  default| mem_ctrl/mem_reg[878][0]/SE  |
| -20.829|  -20.829|-679703.188|-679703.188|   79.39%|   0:00:01.0|10028.3M|      best|  default| mem_ctrl/mem_reg[79][0]/SE   |
| -20.820|  -20.820|-679477.250|-679477.250|   79.40%|   0:00:00.0|10028.3M|      best|  default| mem_ctrl/mem_reg[2414][0]/SE |
| -20.814|  -20.814|-679207.062|-679207.062|   79.41%|   0:00:01.0|10028.3M|      best|  default| mem_ctrl/mem_reg[4036][1]/SE |
| -20.809|  -20.809|-679016.188|-679016.188|   79.42%|   0:00:01.0|10028.3M|      best|  default| mem_ctrl/mem_reg[2344][0]/SE |
| -20.803|  -20.803|-678802.438|-678802.438|   79.43%|   0:00:01.0|10028.3M|      best|  default| mem_ctrl/mem_reg[3752][0]/SE |
| -20.797|  -20.797|-678638.188|-678638.188|   79.44%|   0:00:01.0|10028.3M|      best|  default| mem_ctrl/mem_reg[869][0]/SE  |
| -20.787|  -20.787|-678305.812|-678305.812|   79.53%|   0:00:01.0|10066.5M|      best|  default| mem_ctrl/mem_reg[761][0]/SE  |
| -20.778|  -20.778|-677934.375|-677934.375|   79.53%|   0:00:01.0|10066.5M|      best|  default| mem_ctrl/mem_reg[761][0]/SE  |
| -20.776|  -20.776|-677850.438|-677850.438|   79.53%|   0:00:00.0|10066.5M|      best|  default| mem_ctrl/mem_reg[761][0]/SE  |
| -20.770|  -20.770|-677638.000|-677638.000|   79.53%|   0:00:01.0|10066.5M|      best|  default| mem_ctrl/mem_reg[761][0]/SE  |
| -20.767|  -20.767|-677537.375|-677537.375|   79.54%|   0:00:00.0|10066.5M|      best|  default| mem_ctrl/mem_reg[761][0]/SE  |
| -20.760|  -20.760|-677332.812|-677332.812|   79.54%|   0:00:01.0|10066.5M|      best|  default| mem_ctrl/mem_reg[761][0]/SE  |
| -20.755|  -20.755|-677148.562|-677148.562|   79.55%|   0:00:01.0|10066.5M|      best|  default| mem_ctrl/mem_reg[761][0]/SE  |
| -20.750|  -20.750|-676978.000|-676978.000|   79.55%|   0:00:01.0|10066.5M|      best|  default| mem_ctrl/mem_reg[761][0]/SE  |
| -20.747|  -20.747|-676985.438|-676985.438|   79.56%|   0:00:00.0|10066.5M|      best|  default| mem_ctrl/mem_reg[3682][1]/SE |
| -20.742|  -20.742|-676813.438|-676813.438|   79.56%|   0:00:01.0|10066.5M|      best|  default| mem_ctrl/mem_reg[3682][1]/SE |
| -20.733|  -20.733|-676523.188|-676523.188|   79.57%|   0:00:01.0|10066.5M|      best|  default| mem_ctrl/mem_reg[3682][1]/SE |
| -20.728|  -20.728|-676352.688|-676352.688|   79.57%|   0:00:00.0|10066.5M|      best|  default| mem_ctrl/mem_reg[3682][1]/SE |
| -20.725|  -20.725|-676257.500|-676257.500|   79.58%|   0:00:01.0|10066.5M|      best|  default| mem_ctrl/mem_reg[3682][1]/SE |
| -20.719|  -20.719|-676058.938|-676058.938|   79.59%|   0:00:01.0|10066.5M|      best|  default| mem_ctrl/mem_reg[3682][1]/SE |
| -20.716|  -20.716|-675940.000|-675940.000|   79.60%|   0:00:01.0|10066.5M|      best|  default| mem_ctrl/mem_reg[3682][1]/SE |
| -20.711|  -20.711|-675787.375|-675787.375|   79.60%|   0:00:00.0|10066.5M|      best|  default| mem_ctrl/mem_reg[3682][1]/SE |
| -20.707|  -20.707|-675690.812|-675690.812|   79.61%|   0:00:01.0|10066.5M|      best|  default| mem_ctrl/mem_reg[3156][0]/SE |
| -20.703|  -20.703|-675522.875|-675522.875|   79.62%|   0:00:00.0|10066.5M|      best|  default| mem_ctrl/mem_reg[3156][0]/SE |
| -20.696|  -20.696|-675289.938|-675289.938|   79.63%|   0:00:01.0|10066.5M|      best|  default| mem_ctrl/mem_reg[3156][0]/SE |
| -20.692|  -20.692|-675186.688|-675186.688|   79.65%|   0:00:01.0|10066.5M|      best|  default| mem_ctrl/mem_reg[3672][0]/SE |
| -20.687|  -20.687|-675004.188|-675004.188|   79.65%|   0:00:01.0|10066.5M|      best|  default| mem_ctrl/mem_reg[3672][0]/SE |
| -20.684|  -20.684|-674913.500|-674913.500|   79.66%|   0:00:00.0|10066.5M|      best|  default| mem_ctrl/mem_reg[1348][0]/SE |
| -20.681|  -20.681|-674828.312|-674828.312|   79.67%|   0:00:01.0|10066.5M|      best|  default| mem_ctrl/mem_reg[356][2]/SE  |
| -20.674|  -20.674|-674594.062|-674594.062|   79.67%|   0:00:01.0|10066.5M|      best|  default| mem_ctrl/mem_reg[2344][0]/SE |
| -20.668|  -20.668|-674358.875|-674358.875|   79.68%|   0:00:01.0|10066.5M|      best|  default| mem_ctrl/mem_reg[2344][0]/SE |
| -20.663|  -20.663|-674202.312|-674202.312|   79.70%|   0:00:01.0|10066.5M|      best|  default| mem_ctrl/mem_reg[356][2]/SE  |
| -20.659|  -20.659|-674067.875|-674067.875|   79.71%|   0:00:01.0|10066.5M|      best|  default| mem_ctrl/mem_reg[2921][0]/SE |
| -20.654|  -20.654|-673896.625|-673896.625|   79.71%|   0:00:00.0|10066.5M|      best|  default| mem_ctrl/mem_reg[2920][0]/SE |
| -20.623|  -20.623|-672904.125|-672904.125|   79.72%|   0:00:01.0|10066.5M|      best|  default| mem_ctrl/mem_reg[869][0]/SE  |
| -20.620|  -20.620|-672830.062|-672830.062|   79.73%|   0:00:01.0|10066.5M|      best|  default| mem_ctrl/mem_reg[3112][0]/SE |
| -20.618|  -20.618|-672711.000|-672711.000|   79.74%|   0:00:01.0|10066.5M|      best|  default| mem_ctrl/mem_reg[3112][0]/SE |
| -20.614|  -20.614|-672562.250|-672562.250|   79.74%|   0:00:00.0|10066.5M|      best|  default| mem_ctrl/mem_reg[3112][0]/SE |
| -20.609|  -20.609|-672412.938|-672412.938|   79.75%|   0:00:01.0|10066.5M|      best|  default| mem_ctrl/mem_reg[2344][0]/SE |
| -20.604|  -20.604|-672277.312|-672277.312|   79.76%|   0:00:01.0|10066.5M|      best|  default| mem_ctrl/mem_reg[4036][1]/SE |
| -20.595|  -20.595|-671973.438|-671973.438|   79.77%|   0:00:01.0|10066.5M|      best|  default| mem_ctrl/mem_reg[3112][0]/SE |
| -20.588|  -20.588|-671778.938|-671778.938|   79.78%|   0:00:01.0|10066.5M|      best|  default| mem_ctrl/mem_reg[2920][0]/SE |
| -20.581|  -20.581|-671518.625|-671518.625|   79.79%|   0:00:01.0|10066.5M|      best|  default| mem_ctrl/mem_reg[3656][0]/SE |
| -20.575|  -20.575|-671321.750|-671321.750|   79.80%|   0:00:01.0|10066.5M|      best|  default| mem_ctrl/mem_reg[366][0]/SE  |
| -20.565|  -20.565|-671032.750|-671032.750|   79.81%|   0:00:01.0|10066.5M|      best|  default| mem_ctrl/mem_reg[2344][0]/SE |
| -20.561|  -20.561|-670932.312|-670932.312|   79.83%|   0:00:01.0|10066.5M|      best|  default| mem_ctrl/mem_reg[2048][0]/SE |
| -20.558|  -20.558|-670817.812|-670817.812|   79.83%|   0:00:01.0|10066.5M|      best|  default| mem_ctrl/mem_reg[362][2]/SE  |
| -20.556|  -20.556|-670731.125|-670731.125|   79.84%|   0:00:00.0|10066.5M|      best|  default| mem_ctrl/mem_reg[362][2]/SE  |
| -20.551|  -20.551|-670606.500|-670606.500|   79.85%|   0:00:01.0|10066.5M|      best|  default| mem_ctrl/mem_reg[348][0]/SE  |
| -20.547|  -20.547|-670533.375|-670533.375|   79.85%|   0:00:01.0|10066.5M|      best|  default| mem_ctrl/mem_reg[374][3]/SE  |
| -20.543|  -20.543|-670381.188|-670381.188|   79.86%|   0:00:00.0|10066.5M|      best|  default| mem_ctrl/mem_reg[374][3]/SE  |
| -20.537|  -20.537|-670214.562|-670214.562|   79.87%|   0:00:01.0|10066.5M|      best|  default| mem_ctrl/mem_reg[344][0]/SE  |
| -20.532|  -20.532|-670041.938|-670041.938|   79.88%|   0:00:01.0|10066.5M|      best|  default| mem_ctrl/mem_reg[344][0]/SE  |
| -20.526|  -20.526|-669839.312|-669839.312|   79.89%|   0:00:01.0|10066.5M|      best|  default| mem_ctrl/mem_reg[3080][0]/SE |
| -20.518|  -20.518|-669611.688|-669611.688|   79.90%|   0:00:00.0|10066.5M|      best|  default| mem_ctrl/mem_reg[3080][0]/SE |
| -20.513|  -20.513|-669426.562|-669426.562|   79.91%|   0:00:01.0|10066.5M|      best|  default| mem_ctrl/mem_reg[369][0]/SE  |
| -20.507|  -20.507|-669229.562|-669229.562|   79.91%|   0:00:01.0|10066.5M|      best|  default| mem_ctrl/mem_reg[369][0]/SE  |
| -20.500|  -20.500|-669019.688|-669019.688|   79.92%|   0:00:01.0|10066.5M|      best|  default| mem_ctrl/mem_reg[3816][0]/SE |
| -20.499|  -20.499|-668988.188|-668988.188|   79.94%|   0:00:01.0|10066.5M|      best|  default| mem_ctrl/mem_reg[3960][0]/SE |
| -20.491|  -20.491|-668725.812|-668725.812|   79.94%|   0:00:00.0|10066.5M|      best|  default| mem_ctrl/mem_reg[2048][0]/SE |
| -20.490|  -20.490|-668715.125|-668715.125|   79.95%|   0:00:01.0|10066.5M|      best|  default| mem_ctrl/mem_reg[1942][0]/SE |
| -20.483|  -20.483|-668502.438|-668502.438|   79.96%|   0:00:01.0|10066.5M|      best|  default| mem_ctrl/mem_reg[340][1]/SE  |
| -20.479|  -20.479|-668315.875|-668315.875|   79.97%|   0:00:01.0|10066.5M|      best|  default| mem_ctrl/mem_reg[3292][0]/SE |
| -20.473|  -20.473|-668114.750|-668114.750|   79.98%|   0:00:00.0|10066.5M|      best|  default| mem_ctrl/mem_reg[3292][0]/SE |
| -20.468|  -20.468|-667987.812|-667987.812|   79.99%|   0:00:01.0|10066.5M|      best|  default| mem_ctrl/mem_reg[878][0]/SE  |
| -20.462|  -20.462|-667800.500|-667800.500|   80.00%|   0:00:01.0|10066.5M|      best|  default| mem_ctrl/mem_reg[86][0]/SE   |
| -20.456|  -20.456|-667617.750|-667617.750|   80.01%|   0:00:01.0|10066.5M|      best|  default| mem_ctrl/mem_reg[405][4]/SE  |
| -20.450|  -20.450|-667405.500|-667405.500|   80.02%|   0:00:00.0|10066.5M|      best|  default| mem_ctrl/mem_reg[331][0]/SE  |
| -20.439|  -20.439|-667095.125|-667095.125|   80.03%|   0:00:01.0|10066.5M|      best|  default| mem_ctrl/mem_reg[853][0]/SE  |
| -20.436|  -20.436|-667027.875|-667027.875|   80.05%|   0:00:01.0|10066.5M|      best|  default| mem_ctrl/mem_reg[2361][0]/SE |
| -20.429|  -20.429|-666790.188|-666790.188|   80.05%|   0:00:01.0|10066.5M|      best|  default| mem_ctrl/mem_reg[3656][0]/SE |
| -20.427|  -20.427|-666698.312|-666698.312|   80.06%|   0:00:01.0|10066.5M|      best|  default| mem_ctrl/mem_reg[3656][0]/SE |
| -20.418|  -20.418|-666440.000|-666440.000|   80.07%|   0:00:01.0|10066.5M|      best|  default| mem_ctrl/mem_reg[878][0]/SE  |
| -20.414|  -20.414|-666302.438|-666302.438|   80.08%|   0:00:01.0|10066.5M|      best|  default| mem_ctrl/mem_reg[348][0]/SE  |
| -20.408|  -20.408|-666095.938|-666095.938|   80.09%|   0:00:01.0|10066.5M|      best|  default| mem_ctrl/mem_reg[348][0]/SE  |
| -20.402|  -20.402|-665941.750|-665941.750|   80.11%|   0:00:01.0|10066.5M|      best|  default| mem_ctrl/mem_reg[344][0]/SE  |
| -20.396|  -20.396|-665713.250|-665713.250|   80.12%|   0:00:01.0|10066.5M|      best|  default| mem_ctrl/mem_reg[81][0]/SE   |
| -20.393|  -20.393|-665627.375|-665627.375|   80.13%|   0:00:01.0|10066.5M|      best|  default| mem_ctrl/mem_reg[3292][0]/SE |
| -20.388|  -20.388|-665495.625|-665495.625|   80.14%|   0:00:00.0|10066.5M|      best|  default| mem_ctrl/mem_reg[360][0]/SE  |
| -20.384|  -20.384|-665352.625|-665352.625|   80.15%|   0:00:01.0|10066.5M|      best|  default| mem_ctrl/mem_reg[3624][0]/SE |
| -20.381|  -20.381|-665234.875|-665234.875|   80.16%|   0:00:01.0|10074.5M|      best|  default| mem_ctrl/mem_reg[562][0]/SE  |
| -20.373|  -20.373|-664997.375|-664997.375|   80.17%|   0:00:01.0|10074.5M|      best|  default| mem_ctrl/mem_reg[2048][0]/SE |
| -20.369|  -20.369|-664858.688|-664858.688|   80.18%|   0:00:01.0|10074.5M|      best|  default| mem_ctrl/mem_reg[1348][0]/SE |
| -20.364|  -20.364|-664746.875|-664746.875|   80.19%|   0:00:01.0|10074.5M|      best|  default| mem_ctrl/mem_reg[2328][0]/SE |
| -20.362|  -20.362|-664660.438|-664660.438|   80.21%|   0:00:01.0|10074.5M|      best|  default| mem_ctrl/mem_reg[81][0]/SE   |
| -20.357|  -20.357|-664527.750|-664527.750|   80.21%|   0:00:01.0|10074.5M|      best|  default| mem_ctrl/mem_reg[86][0]/SE   |
| -20.353|  -20.353|-664383.750|-664383.750|   80.22%|   0:00:00.0|10074.5M|      best|  default| mem_ctrl/mem_reg[3848][5]/SE |
| -20.349|  -20.349|-664213.375|-664213.375|   80.23%|   0:00:01.0|10074.5M|      best|  default| mem_ctrl/mem_reg[333][0]/SE  |
| -20.343|  -20.343|-664062.750|-664062.750|   80.25%|   0:00:01.0|10074.5M|      best|  default| mem_ctrl/mem_reg[631][0]/SE  |
| -20.338|  -20.338|-663839.562|-663839.562|   80.26%|   0:00:01.0|10074.5M|      best|  default| mem_ctrl/mem_reg[3816][0]/SE |
| -20.332|  -20.332|-663680.500|-663680.500|   80.27%|   0:00:01.0|10074.5M|      best|  default| mem_ctrl/mem_reg[80][0]/SE   |
| -20.330|  -20.330|-663629.750|-663629.750|   80.29%|   0:00:01.0|10074.5M|      best|  default| mem_ctrl/mem_reg[2893][1]/SE |
| -20.323|  -20.323|-663391.312|-663391.312|   80.30%|   0:00:00.0|10074.5M|      best|  default| mem_ctrl/mem_reg[370][0]/SE  |
| -20.321|  -20.321|-663307.188|-663307.188|   80.31%|   0:00:01.0|10074.5M|      best|  default| mem_ctrl/mem_reg[370][0]/SE  |
| -20.312|  -20.312|-663029.438|-663029.438|   80.31%|   0:00:01.0|10074.5M|      best|  default| mem_ctrl/mem_reg[3640][0]/SE |
| -20.310|  -20.310|-662965.875|-662965.875|   80.32%|   0:00:01.0|10074.5M|      best|  default| mem_ctrl/mem_reg[3912][3]/SE |
| -20.302|  -20.302|-662708.625|-662708.625|   80.33%|   0:00:01.0|10074.5M|      best|  default| mem_ctrl/mem_reg[3912][3]/SE |
| -20.296|  -20.296|-662572.438|-662572.438|   80.34%|   0:00:01.0|10074.5M|      best|  default| mem_ctrl/mem_reg[88][0]/SE   |
| -20.290|  -20.290|-662360.250|-662360.250|   80.35%|   0:00:00.0|10074.5M|      best|  default| mem_ctrl/mem_reg[3367][0]/SE |
| -20.289|  -20.289|-662329.938|-662329.938|   80.36%|   0:00:01.0|10074.5M|      best|  default| mem_ctrl/mem_reg[848][0]/SE  |
| -20.283|  -20.283|-662151.500|-662151.500|   80.37%|   0:00:01.0|10074.5M|      best|  default| mem_ctrl/mem_reg[321][0]/SE  |
| -20.279|  -20.279|-662032.125|-662032.125|   80.38%|   0:00:01.0|10074.5M|      best|  default| mem_ctrl/mem_reg[3864][0]/SE |
| -20.275|  -20.275|-661939.062|-661939.062|   80.39%|   0:00:01.0|10074.5M|      best|  default| mem_ctrl/mem_reg[2048][0]/SE |
| -20.270|  -20.270|-661768.438|-661768.438|   80.40%|   0:00:00.0|10074.5M|      best|  default| mem_ctrl/mem_reg[65][0]/SE   |
| -20.264|  -20.264|-661592.000|-661592.000|   80.42%|   0:00:02.0|10074.5M|      best|  default| mem_ctrl/mem_reg[562][0]/SE  |
| -20.259|  -20.259|-661384.250|-661384.250|   80.43%|   0:00:00.0|10074.5M|      best|  default| mem_ctrl/mem_reg[562][0]/SE  |
| -20.252|  -20.252|-661184.250|-661184.250|   80.43%|   0:00:01.0|10074.5M|      best|  default| mem_ctrl/mem_reg[3784][0]/SE |
| -20.248|  -20.248|-661016.062|-661016.062|   80.45%|   0:00:01.0|10074.5M|      best|  default| mem_ctrl/mem_reg[2899][0]/SE |
| -20.244|  -20.244|-660907.875|-660907.875|   80.46%|   0:00:01.0|10074.5M|      best|  default| mem_ctrl/mem_reg[2048][0]/SE |
| -20.238|  -20.238|-660739.000|-660739.000|   80.46%|   0:00:01.0|10074.5M|      best|  default| mem_ctrl/mem_reg[3576][0]/SE |
| -20.234|  -20.234|-660636.125|-660636.125|   80.49%|   0:00:01.0|10074.5M|      best|  default| mem_ctrl/mem_reg[330][0]/SE  |
| -20.231|  -20.231|-660542.750|-660542.750|   80.49%|   0:00:00.0|10074.5M|      best|  default| mem_ctrl/mem_reg[329][0]/SE  |
| -20.222|  -20.222|-660269.750|-660269.750|   80.50%|   0:00:01.0|10074.5M|      best|  default| mem_ctrl/mem_reg[3896][0]/SE |
| -20.219|  -20.219|-660129.062|-660129.062|   80.51%|   0:00:01.0|10074.5M|      best|  default| mem_ctrl/mem_reg[3896][0]/SE |
| -20.212|  -20.212|-659947.812|-659947.812|   80.52%|   0:00:01.0|10074.5M|      best|  default| mem_ctrl/mem_reg[370][0]/SE  |
| -20.210|  -20.210|-659897.375|-659897.375|   80.53%|   0:00:01.0|10093.6M|      best|  default| mem_ctrl/mem_reg[1105][0]/SE |
| -20.206|  -20.206|-659723.938|-659723.938|   80.54%|   0:00:00.0|10112.7M|      best|  default| mem_ctrl/mem_reg[3112][0]/SE |
| -20.201|  -20.201|-659574.625|-659574.625|   80.55%|   0:00:01.0|10112.7M|      best|  default| mem_ctrl/mem_reg[860][0]/SE  |
| -20.199|  -20.199|-659346.500|-659346.500|   80.56%|   0:00:01.0|10112.7M|      best|  default| mem_ctrl/mem_reg[684][0]/SE  |
| -20.192|  -20.192|-659260.000|-659260.000|   80.56%|   0:00:01.0|10112.7M|      best|  default| mem_ctrl/mem_reg[3736][0]/SE |
| -20.191|  -20.191|-659214.750|-659214.750|   80.57%|   0:00:01.0|10112.7M|      best|  default| mem_ctrl/mem_reg[3736][0]/SE |
| -20.185|  -20.185|-659059.438|-659059.438|   80.58%|   0:00:00.0|10112.7M|      best|  default| mem_ctrl/mem_reg[3576][0]/SE |
| -20.181|  -20.181|-658945.938|-658945.938|   80.59%|   0:00:01.0|10112.7M|      best|  default| mem_ctrl/mem_reg[3864][0]/SE |
| -20.173|  -20.173|-658683.375|-658683.375|   80.60%|   0:00:01.0|10112.7M|      best|  default| mem_ctrl/mem_reg[620][0]/SE  |
| -20.169|  -20.169|-658583.125|-658583.125|   80.62%|   0:00:01.0|10112.7M|      best|  default| mem_ctrl/mem_reg[3784][0]/SE |
| -20.164|  -20.164|-658470.188|-658470.188|   80.63%|   0:00:01.0|10112.7M|      best|  default| mem_ctrl/mem_reg[40][0]/SE   |
| -20.159|  -20.159|-658275.562|-658275.562|   80.64%|   0:00:01.0|10112.7M|      best|  default| mem_ctrl/mem_reg[40][0]/SE   |
| -20.157|  -20.157|-658263.062|-658263.062|   80.65%|   0:00:01.0|10112.7M|      best|  default| mem_ctrl/mem_reg[2756][0]/SE |
| -20.150|  -20.150|-658088.875|-658088.875|   80.66%|   0:00:00.0|10112.7M|      best|  default| mem_ctrl/mem_reg[3864][0]/SE |
| -20.145|  -20.145|-657917.688|-657917.688|   80.67%|   0:00:01.0|10112.7M|      best|  default| mem_ctrl/mem_reg[684][0]/SE  |
| -20.139|  -20.139|-657741.500|-657741.500|   80.68%|   0:00:01.0|10127.7M|      best|  default| mem_ctrl/mem_reg[3512][0]/SE |
| -20.132|  -20.132|-657529.938|-657529.938|   80.69%|   0:00:01.0|10127.7M|      best|  default| mem_ctrl/mem_reg[620][0]/SE  |
| -20.129|  -20.129|-657410.312|-657410.312|   80.70%|   0:00:01.0|10127.7M|      best|  default| mem_ctrl/mem_reg[1548][0]/SE |
| -20.122|  -20.122|-657166.938|-657166.938|   80.71%|   0:00:01.0|10127.7M|      best|  default| mem_ctrl/mem_reg[1548][0]/SE |
| -20.118|  -20.118|-657095.062|-657095.062|   80.72%|   0:00:01.0|10127.7M|      best|  default| mem_ctrl/mem_reg[2756][0]/SE |
| -20.115|  -20.115|-656996.438|-656996.438|   80.73%|   0:00:00.0|10127.7M|      best|  default| mem_ctrl/mem_reg[2756][0]/SE |
| -20.110|  -20.110|-656799.812|-656799.812|   80.73%|   0:00:01.0|10127.7M|      best|  default| mem_ctrl/mem_reg[2756][0]/SE |
| -20.106|  -20.106|-656702.625|-656702.625|   80.75%|   0:00:01.0|10127.7M|      best|  default| mem_ctrl/mem_reg[4072][0]/SE |
| -20.100|  -20.100|-656515.750|-656515.750|   80.76%|   0:00:01.0|10127.7M|      best|  default| mem_ctrl/mem_reg[3896][0]/SE |
| -20.097|  -20.097|-656432.188|-656432.188|   80.78%|   0:00:01.0|10127.7M|      best|  default| mem_ctrl/mem_reg[2048][0]/SE |
| -20.089|  -20.089|-656153.188|-656153.188|   80.79%|   0:00:01.0|10127.7M|      best|  default| mem_ctrl/mem_reg[304][0]/SE  |
| -20.083|  -20.083|-656000.812|-656000.812|   80.81%|   0:00:01.0|10127.7M|      best|  default| mem_ctrl/mem_reg[3166][0]/SE |
| -20.080|  -20.080|-655884.750|-655884.750|   80.82%|   0:00:00.0|10127.7M|      best|  default| mem_ctrl/mem_reg[1704][0]/SE |
| -20.073|  -20.073|-655701.000|-655701.000|   80.82%|   0:00:01.0|10127.7M|      best|  default| mem_ctrl/mem_reg[682][0]/SE  |
| -20.066|  -20.066|-655452.000|-655452.000|   80.85%|   0:00:01.0|10165.9M|      best|  default| mem_ctrl/mem_reg[2048][0]/SE |
| -20.061|  -20.061|-655262.875|-655262.875|   80.86%|   0:00:01.0|10165.9M|      best|  default| mem_ctrl/mem_reg[613][0]/SE  |
| -20.056|  -20.056|-655113.062|-655113.062|   80.87%|   0:00:01.0|10165.9M|      best|  default| mem_ctrl/mem_reg[631][0]/SE  |
| -20.052|  -20.052|-654983.875|-654983.875|   80.88%|   0:00:01.0|10165.9M|      best|  default| mem_ctrl/mem_reg[407][0]/SE  |
| -20.047|  -20.047|-654857.500|-654857.500|   80.90%|   0:00:01.0|10165.9M|      best|  default| mem_ctrl/mem_reg[2940][4]/SE |
| -20.043|  -20.043|-654772.562|-654772.562|   80.91%|   0:00:00.0|10165.9M|      best|  default| mem_ctrl/mem_reg[685][0]/SE  |
| -20.041|  -20.041|-654678.875|-654678.875|   80.92%|   0:00:01.0|10165.9M|      best|  default| mem_ctrl/mem_reg[38][0]/SE   |
| -20.039|  -20.039|-654604.625|-654604.625|   80.93%|   0:00:01.0|10165.9M|      best|  default| mem_ctrl/mem_reg[3683][0]/SE |
| -20.035|  -20.035|-654498.125|-654498.125|   80.94%|   0:00:01.0|10165.9M|      best|  default| mem_ctrl/mem_reg[857][0]/SE  |
| -20.030|  -20.030|-654434.812|-654434.812|   80.95%|   0:00:01.0|10165.9M|      best|  default| mem_ctrl/mem_reg[187][0]/SE  |
| -20.028|  -20.028|-654338.500|-654338.500|   80.97%|   0:00:00.0|10165.9M|      best|  default| mem_ctrl/mem_reg[187][0]/SE  |
| -20.021|  -20.021|-654227.562|-654227.562|   80.98%|   0:00:01.0|10165.9M|      best|  default| mem_ctrl/mem_reg[2635][0]/SE |
| -20.017|  -20.017|-654071.750|-654071.750|   81.01%|   0:00:01.0|10165.9M|      best|  default| mem_ctrl/mem_reg[1534][0]/SE |
| -20.012|  -20.012|-653989.125|-653989.125|   81.02%|   0:00:01.0|10165.9M|      best|  default| mem_ctrl/mem_reg[1197][0]/SE |
| -20.004|  -20.004|-653837.812|-653837.812|   81.04%|   0:00:01.0|10165.9M|      best|  default| mem_ctrl/mem_reg[580][0]/SE  |
| -20.002|  -20.002|-653695.062|-653695.062|   81.07%|   0:00:01.0|10165.9M|      best|  default| mem_ctrl/mem_reg[2668][0]/SE |
| -19.997|  -19.997|-653611.375|-653611.375|   81.08%|   0:00:01.0|10165.9M|      best|  default| mem_ctrl/mem_reg[1104][2]/SE |
| -19.992|  -19.992|-653467.250|-653467.250|   81.11%|   0:00:01.0|10165.9M|      best|  default| mem_ctrl/mem_reg[682][4]/SE  |
| -19.989|  -19.989|-653327.500|-653327.500|   81.12%|   0:00:01.0|10165.9M|      best|  default| mem_ctrl/mem_reg[682][5]/SE  |
| -19.982|  -19.982|-653103.062|-653103.062|   81.14%|   0:00:00.0|10165.9M|      best|  default| mem_ctrl/mem_reg[682][5]/SE  |
| -19.979|  -19.979|-653008.000|-653008.000|   81.15%|   0:00:01.0|10165.9M|      best|  default| mem_ctrl/mem_reg[682][5]/SE  |
| -19.973|  -19.973|-652794.938|-652794.938|   81.15%|   0:00:01.0|10165.9M|      best|  default| mem_ctrl/mem_reg[682][5]/SE  |
| -19.972|  -19.972|-652749.125|-652749.125|   81.16%|   0:00:01.0|10165.9M|      best|  default| mem_ctrl/mem_reg[682][5]/SE  |
| -19.963|  -19.963|-652473.812|-652473.812|   81.16%|   0:00:00.0|10165.9M|      best|  default| mem_ctrl/mem_reg[682][5]/SE  |
| -19.962|  -19.962|-652450.875|-652450.875|   81.17%|   0:00:01.0|10165.9M|      best|  default| mem_ctrl/mem_reg[682][5]/SE  |
| -19.956|  -19.956|-652227.938|-652227.938|   81.17%|   0:00:01.0|10165.9M|      best|  default| mem_ctrl/mem_reg[682][5]/SE  |
| -19.950|  -19.950|-652037.812|-652037.812|   81.18%|   0:00:00.0|10165.9M|      best|  default| mem_ctrl/mem_reg[682][5]/SE  |
| -19.947|  -19.947|-652002.125|-652002.125|   81.19%|   0:00:01.0|10165.9M|      best|  default| mem_ctrl/mem_reg[682][5]/SE  |
| -19.941|  -19.941|-651843.188|-651843.188|   81.20%|   0:00:01.0|10165.9M|      best|  default| mem_ctrl/mem_reg[2750][0]/SE |
| -19.940|  -19.940|-651800.000|-651800.000|   81.22%|   0:00:01.0|10165.9M|      best|  default| mem_ctrl/mem_reg[1113][0]/SE |
| -19.939|  -19.939|-651656.250|-651656.250|   81.23%|   0:00:01.0|10165.9M|      best|  default| mem_ctrl/mem_reg[693][0]/SE  |
| -19.931|  -19.931|-651500.000|-651500.000|   81.23%|   0:00:01.0|10165.9M|      best|  default| mem_ctrl/mem_reg[1596][0]/SE |
| -19.928|  -19.928|-651411.375|-651411.375|   81.25%|   0:00:01.0|10165.9M|      best|  default| mem_ctrl/mem_reg[2966][4]/SE |
| -19.927|  -19.927|-651384.938|-651384.938|   81.27%|   0:00:01.0|10165.9M|      best|  default| mem_ctrl/mem_reg[163][0]/SE  |
| -19.920|  -19.920|-651175.562|-651175.562|   81.27%|   0:00:00.0|10165.9M|      best|  default| mem_ctrl/mem_reg[2273][0]/SE |
| -19.913|  -19.913|-651115.625|-651115.625|   81.31%|   0:00:01.0|10165.9M|      best|  default| mem_ctrl/mem_reg[876][0]/SE  |
| -19.913|  -19.913|-650996.875|-650996.875|   81.37%|   0:00:02.0|10165.9M|      best|  default| mem_ctrl/mem_reg[1002][0]/SE |
| -19.907|  -19.907|-650911.812|-650911.812|   81.37%|   0:00:00.0|10165.9M|      best|  default| mem_ctrl/mem_reg[2920][2]/SE |
| -19.899|  -19.899|-650664.375|-650664.375|   81.40%|   0:00:01.0|10165.9M|      best|  default| mem_ctrl/mem_reg[681][2]/SE  |
| -19.893|  -19.893|-650445.750|-650445.750|   81.43%|   0:00:01.0|10165.9M|      best|  default| mem_ctrl/mem_reg[681][2]/SE  |
| -19.888|  -19.888|-650206.000|-650206.000|   81.44%|   0:00:01.0|10165.9M|      best|  default| mem_ctrl/mem_reg[1773][4]/SE |
| -19.878|  -19.878|-649943.750|-649943.750|   81.46%|   0:00:01.0|10165.9M|      best|  default| mem_ctrl/mem_reg[681][2]/SE  |
| -19.872|  -19.872|-649721.000|-649721.000|   81.49%|   0:00:01.0|10165.9M|      best|  default| mem_ctrl/mem_reg[681][2]/SE  |
| -19.866|  -19.866|-649517.875|-649517.875|   81.50%|   0:00:00.0|10165.9M|      best|  default| mem_ctrl/mem_reg[681][2]/SE  |
| -19.851|  -19.851|-649019.625|-649019.625|   81.53%|   0:00:01.0|10165.9M|      best|  default| mem_ctrl/mem_reg[681][2]/SE  |
| -19.843|  -19.843|-648783.438|-648783.438|   81.54%|   0:00:01.0|10165.9M|      best|  default| mem_ctrl/mem_reg[622][0]/SE  |
| -19.837|  -19.837|-648587.438|-648587.438|   81.55%|   0:00:01.0|10165.9M|      best|  default| mem_ctrl/mem_reg[622][0]/SE  |
| -19.829|  -19.829|-648315.250|-648315.250|   81.56%|   0:00:01.0|10165.9M|      best|  default| mem_ctrl/mem_reg[622][0]/SE  |
| -19.826|  -19.826|-648220.812|-648220.812|   81.58%|   0:00:01.0|10165.9M|      best|  default| mem_ctrl/mem_reg[622][0]/SE  |
| -19.821|  -19.821|-648073.375|-648073.375|   81.58%|   0:00:00.0|10165.9M|      best|  default| mem_ctrl/mem_reg[622][0]/SE  |
| -19.815|  -19.815|-647863.438|-647863.438|   81.59%|   0:00:01.0|10165.9M|      best|  default| mem_ctrl/mem_reg[622][0]/SE  |
| -19.809|  -19.809|-647661.312|-647661.312|   81.60%|   0:00:01.0|10165.9M|      best|  default| mem_ctrl/mem_reg[622][0]/SE  |
| -19.802|  -19.802|-647427.000|-647427.000|   81.61%|   0:00:00.0|10165.9M|      best|  default| mem_ctrl/mem_reg[622][0]/SE  |
| -19.795|  -19.795|-647204.750|-647204.750|   81.61%|   0:00:01.0|10165.9M|      best|  default| mem_ctrl/mem_reg[622][0]/SE  |
| -19.788|  -19.788|-646971.500|-646971.500|   81.62%|   0:00:01.0|10165.9M|      best|  default| mem_ctrl/mem_reg[622][0]/SE  |
| -19.781|  -19.781|-646745.812|-646745.812|   81.63%|   0:00:00.0|10165.9M|      best|  default| mem_ctrl/mem_reg[622][0]/SE  |
| -19.774|  -19.774|-646536.125|-646536.125|   81.65%|   0:00:01.0|10165.9M|      best|  default| mem_ctrl/mem_reg[622][0]/SE  |
| -19.772|  -19.772|-646467.250|-646467.250|   81.65%|   0:00:01.0|10165.9M|      best|  default| mem_ctrl/mem_reg[622][0]/SE  |
| -19.767|  -19.767|-646286.938|-646286.938|   81.66%|   0:00:00.0|10165.9M|      best|  default| mem_ctrl/mem_reg[622][0]/SE  |
| -19.754|  -19.754|-645874.000|-645874.000|   81.66%|   0:00:01.0|10165.9M|      best|  default| mem_ctrl/mem_reg[622][0]/SE  |
| -19.748|  -19.748|-645670.188|-645670.188|   81.68%|   0:00:01.0|10165.9M|      best|  default| mem_ctrl/mem_reg[622][0]/SE  |
| -19.742|  -19.742|-645465.500|-645465.500|   81.69%|   0:00:00.0|10165.9M|      best|  default| mem_ctrl/mem_reg[622][0]/SE  |
| -19.735|  -19.735|-645251.250|-645251.250|   81.70%|   0:00:01.0|10165.9M|      best|  default| mem_ctrl/mem_reg[622][0]/SE  |
| -19.728|  -19.728|-645025.312|-645025.312|   81.71%|   0:00:01.0|10165.9M|      best|  default| mem_ctrl/mem_reg[622][0]/SE  |
| -19.724|  -19.724|-644886.750|-644886.750|   81.72%|   0:00:00.0|10165.9M|      best|  default| mem_ctrl/mem_reg[622][0]/SE  |
| -19.718|  -19.718|-644674.438|-644674.438|   81.72%|   0:00:01.0|10165.9M|      best|  default| mem_ctrl/mem_reg[622][0]/SE  |
| -19.710|  -19.710|-644434.688|-644434.688|   81.73%|   0:00:01.0|10165.9M|      best|  default| mem_ctrl/mem_reg[622][0]/SE  |
| -19.704|  -19.704|-644218.312|-644218.312|   81.75%|   0:00:00.0|10165.9M|      best|  default| mem_ctrl/mem_reg[622][0]/SE  |
| -19.697|  -19.697|-644011.688|-644011.688|   81.75%|   0:00:01.0|10165.9M|      best|  default| mem_ctrl/mem_reg[622][0]/SE  |
| -19.692|  -19.692|-643834.812|-643834.812|   81.76%|   0:00:01.0|10165.9M|      best|  default| mem_ctrl/mem_reg[622][0]/SE  |
| -19.687|  -19.687|-643670.750|-643670.750|   81.76%|   0:00:01.0|10165.9M|      best|  default| mem_ctrl/mem_reg[622][0]/SE  |
| -19.683|  -19.683|-643542.875|-643542.875|   81.77%|   0:00:00.0|10165.9M|      best|  default| mem_ctrl/mem_reg[622][0]/SE  |
| -19.681|  -19.681|-643470.500|-643470.500|   81.77%|   0:00:01.0|10165.9M|      best|  default| mem_ctrl/mem_reg[622][0]/SE  |
| -19.673|  -19.673|-643205.562|-643205.562|   81.78%|   0:00:01.0|10165.9M|      best|  default| mem_ctrl/mem_reg[622][0]/SE  |
| -19.661|  -19.661|-642815.500|-642815.500|   81.79%|   0:00:00.0|10165.9M|      best|  default| mem_ctrl/mem_reg[622][0]/SE  |
| -19.654|  -19.654|-642605.688|-642605.688|   81.81%|   0:00:01.0|10165.9M|      best|  default| mem_ctrl/mem_reg[622][0]/SE  |
| -19.647|  -19.647|-642376.312|-642376.312|   81.82%|   0:00:01.0|10165.9M|      best|  default| mem_ctrl/mem_reg[622][0]/SE  |
| -19.645|  -19.645|-642307.438|-642307.438|   81.83%|   0:00:01.0|10165.9M|      best|  default| mem_ctrl/mem_reg[622][0]/SE  |
| -19.639|  -19.639|-642090.875|-642090.875|   81.84%|   0:00:00.0|10165.9M|      best|  default| mem_ctrl/mem_reg[622][0]/SE  |
| -19.631|  -19.631|-641828.750|-641828.750|   81.85%|   0:00:01.0|10165.9M|      best|  default| mem_ctrl/mem_reg[622][0]/SE  |
| -19.625|  -19.625|-641622.438|-641622.438|   81.87%|   0:00:01.0|10165.9M|      best|  default| mem_ctrl/mem_reg[622][0]/SE  |
| -19.618|  -19.618|-641416.000|-641416.000|   81.87%|   0:00:01.0|10165.9M|      best|  default| mem_ctrl/mem_reg[622][0]/SE  |
| -19.615|  -19.615|-641314.312|-641314.312|   81.89%|   0:00:00.0|10165.9M|      best|  default| mem_ctrl/mem_reg[622][0]/SE  |
| -19.609|  -19.609|-641101.375|-641101.375|   81.89%|   0:00:01.0|10165.9M|      best|  default| mem_ctrl/mem_reg[622][0]/SE  |
| -19.607|  -19.607|-641061.562|-641061.562|   81.91%|   0:00:01.0|10165.9M|      best|  default| mem_ctrl/mem_reg[622][0]/SE  |
| -19.601|  -19.601|-640858.562|-640858.562|   81.91%|   0:00:00.0|10165.9M|      best|  default| mem_ctrl/mem_reg[622][0]/SE  |
| -19.597|  -19.597|-640704.750|-640704.750|   81.93%|   0:00:01.0|10165.9M|      best|  default| mem_ctrl/mem_reg[622][0]/SE  |
| -19.591|  -19.591|-640527.688|-640527.688|   81.94%|   0:00:01.0|10165.9M|      best|  default| mem_ctrl/mem_reg[622][0]/SE  |
| -19.588|  -19.588|-640413.062|-640413.062|   81.94%|   0:00:01.0|10165.9M|      best|  default| mem_ctrl/mem_reg[622][0]/SE  |
| -19.581|  -19.581|-640196.688|-640196.688|   81.95%|   0:00:00.0|10165.9M|      best|  default| mem_ctrl/mem_reg[622][0]/SE  |
| -19.575|  -19.575|-639993.500|-639993.500|   81.95%|   0:00:01.0|10165.9M|      best|  default| mem_ctrl/mem_reg[622][0]/SE  |
| -19.569|  -19.569|-639800.125|-639800.125|   81.97%|   0:00:01.0|10165.9M|      best|  default| mem_ctrl/mem_reg[622][0]/SE  |
| -19.563|  -19.563|-639619.812|-639619.812|   81.98%|   0:00:00.0|10165.9M|      best|  default| mem_ctrl/mem_reg[622][0]/SE  |
| -19.557|  -19.557|-639406.750|-639406.750|   81.99%|   0:00:01.0|10165.9M|      best|  default| mem_ctrl/mem_reg[622][0]/SE  |
| -19.554|  -19.554|-639298.625|-639298.625|   82.00%|   0:00:01.0|10165.9M|      best|  default| mem_ctrl/mem_reg[622][0]/SE  |
| -19.549|  -19.549|-639154.375|-639154.375|   82.01%|   0:00:00.0|10165.9M|      best|  default| mem_ctrl/mem_reg[622][0]/SE  |
| -19.545|  -19.545|-639016.688|-639016.688|   82.01%|   0:00:01.0|10165.9M|      best|  default| mem_ctrl/mem_reg[622][0]/SE  |
| -19.539|  -19.539|-638805.812|-638805.812|   82.03%|   0:00:01.0|10165.9M|      best|  default| mem_ctrl/mem_reg[622][0]/SE  |
| -19.534|  -19.534|-638646.375|-638646.375|   82.05%|   0:00:01.0|10165.9M|      best|  default| mem_ctrl/mem_reg[622][0]/SE  |
| -19.532|  -19.532|-638590.688|-638590.688|   82.06%|   0:00:00.0|10165.9M|      best|  default| mem_ctrl/mem_reg[622][0]/SE  |
| -19.529|  -19.529|-638479.250|-638479.250|   82.06%|   0:00:01.0|10165.9M|      best|  default| mem_ctrl/mem_reg[622][0]/SE  |
| -19.523|  -19.523|-638282.625|-638282.625|   82.07%|   0:00:01.0|10165.9M|      best|  default| mem_ctrl/mem_reg[622][0]/SE  |
| -19.517|  -19.517|-638112.188|-638112.188|   82.09%|   0:00:00.0|10165.9M|      best|  default| mem_ctrl/mem_reg[622][0]/SE  |
| -19.513|  -19.513|-637981.062|-637981.062|   82.09%|   0:00:01.0|10165.9M|      best|  default| mem_ctrl/mem_reg[622][0]/SE  |
| -19.510|  -19.510|-637856.500|-637856.500|   82.10%|   0:00:01.0|10165.9M|      best|  default| mem_ctrl/mem_reg[622][0]/SE  |
| -19.507|  -19.507|-637781.125|-637781.125|   82.12%|   0:00:01.0|10165.9M|      best|  default| mem_ctrl/mem_reg[622][0]/SE  |
| -19.501|  -19.501|-637574.625|-637574.625|   82.12%|   0:00:00.0|10165.9M|      best|  default| mem_ctrl/mem_reg[622][0]/SE  |
| -19.498|  -19.498|-637479.562|-637479.562|   82.15%|   0:00:01.0|10165.9M|      best|  default| mem_ctrl/mem_reg[622][0]/SE  |
| -19.492|  -19.492|-637273.062|-637273.062|   82.15%|   0:00:01.0|10165.9M|      best|  default| mem_ctrl/mem_reg[622][0]/SE  |
| -19.485|  -19.485|-637056.750|-637056.750|   82.16%|   0:00:00.0|10165.9M|      best|  default| mem_ctrl/mem_reg[622][0]/SE  |
| -19.481|  -19.481|-636905.812|-636905.812|   82.17%|   0:00:01.0|10165.9M|      best|  default| mem_ctrl/mem_reg[622][0]/SE  |
| -19.479|  -19.479|-636866.625|-636866.625|   82.18%|   0:00:01.0|10165.9M|      best|  default| mem_ctrl/mem_reg[622][0]/SE  |
| -19.473|  -19.473|-636656.875|-636656.875|   82.18%|   0:00:00.0|10165.9M|      best|  default| mem_ctrl/mem_reg[622][0]/SE  |
| -19.464|  -19.464|-636352.062|-636352.062|   82.19%|   0:00:01.0|10165.9M|      best|  default| mem_ctrl/mem_reg[622][0]/SE  |
| -19.461|  -19.461|-636263.562|-636263.562|   82.22%|   0:00:01.0|10165.9M|      best|  default| mem_ctrl/mem_reg[622][0]/SE  |
| -19.454|  -19.454|-636047.250|-636047.250|   82.23%|   0:00:01.0|10165.9M|      best|  default| mem_ctrl/mem_reg[622][0]/SE  |
| -19.443|  -19.443|-635686.688|-635686.688|   82.23%|   0:00:01.0|10165.9M|      best|  default| mem_ctrl/mem_reg[622][0]/SE  |
| -19.437|  -19.437|-635467.062|-635467.062|   82.25%|   0:00:00.0|10165.9M|      best|  default| mem_ctrl/mem_reg[622][0]/SE  |
| -19.430|  -19.430|-635244.188|-635244.188|   82.26%|   0:00:01.0|10165.9M|      best|  default| mem_ctrl/mem_reg[622][0]/SE  |
| -19.426|  -19.426|-635113.125|-635113.125|   82.29%|   0:00:01.0|10165.9M|      best|  default| mem_ctrl/mem_reg[622][0]/SE  |
| -19.425|  -19.425|-635111.375|-635111.375|   82.31%|   0:00:01.0|10165.9M|      best|  default| mem_ctrl/mem_reg[124][1]/SE  |
| -19.418|  -19.418|-634892.750|-634892.750|   82.32%|   0:00:01.0|10165.9M|      best|  default| mem_ctrl/mem_reg[124][1]/SE  |
| -19.410|  -19.410|-634641.250|-634641.250|   82.35%|   0:00:01.0|10165.9M|      best|  default| mem_ctrl/mem_reg[622][0]/SE  |
| -19.404|  -19.404|-634447.250|-634447.250|   82.37%|   0:00:01.0|10165.9M|      best|  default| mem_ctrl/mem_reg[622][0]/SE  |
| -19.401|  -19.401|-634331.625|-634331.625|   82.39%|   0:00:01.0|10165.9M|      best|  default| mem_ctrl/mem_reg[622][0]/SE  |
| -19.393|  -19.393|-634069.062|-634069.062|   82.40%|   0:00:00.0|10165.9M|      best|  default| mem_ctrl/mem_reg[622][0]/SE  |
| -19.388|  -19.388|-633905.188|-633905.188|   82.41%|   0:00:01.0|10165.9M|      best|  default| mem_ctrl/mem_reg[622][0]/SE  |
| -19.382|  -19.382|-633711.875|-633711.875|   82.42%|   0:00:01.0|10165.9M|      best|  default| mem_ctrl/mem_reg[622][0]/SE  |
| -19.381|  -19.381|-633688.938|-633688.938|   82.45%|   0:00:01.0|10165.9M|      best|  default| mem_ctrl/mem_reg[622][0]/SE  |
| -19.379|  -19.379|-633626.688|-633626.688|   82.45%|   0:00:00.0|10165.9M|      best|  default| mem_ctrl/mem_reg[622][0]/SE  |
| -19.370|  -19.370|-633318.562|-633318.562|   82.45%|   0:00:01.0|10165.9M|      best|  default| mem_ctrl/mem_reg[622][0]/SE  |
| -19.363|  -19.363|-633092.375|-633092.375|   82.47%|   0:00:01.0|10165.9M|      best|  default| mem_ctrl/mem_reg[622][0]/SE  |
| -19.359|  -19.359|-632951.438|-632951.438|   82.48%|   0:00:01.0|10165.9M|      best|  default| mem_ctrl/mem_reg[622][0]/SE  |
| -19.354|  -19.354|-632785.250|-632785.250|   82.51%|   0:00:01.0|10165.9M|      best|  default| mem_ctrl/mem_reg[622][0]/SE  |
| -19.347|  -19.347|-632554.875|-632554.875|   82.51%|   0:00:00.0|10165.9M|      best|  default| mem_ctrl/mem_reg[622][0]/SE  |
| -19.340|  -19.340|-632325.312|-632325.312|   82.54%|   0:00:01.0|10165.9M|      best|  default| mem_ctrl/mem_reg[622][0]/SE  |
| -19.335|  -19.335|-632174.688|-632174.688|   82.56%|   0:00:01.0|10165.9M|      best|  default| mem_ctrl/mem_reg[622][0]/SE  |
| -19.331|  -19.331|-632043.500|-632043.500|   82.56%|   0:00:01.0|10165.9M|      best|  default| mem_ctrl/mem_reg[622][0]/SE  |
| -19.330|  -19.330|-632007.562|-632007.562|   82.57%|   0:00:00.0|10165.9M|      best|  default| mem_ctrl/mem_reg[622][0]/SE  |
| -19.323|  -19.323|-631771.438|-631771.438|   82.57%|   0:00:01.0|10165.9M|      best|  default| mem_ctrl/mem_reg[622][0]/SE  |
| -19.318|  -19.318|-631601.250|-631601.250|   82.60%|   0:00:01.0|10165.9M|      best|  default| mem_ctrl/mem_reg[622][0]/SE  |
| -19.306|  -19.306|-631230.875|-631230.875|   82.62%|   0:00:00.0|10165.9M|      best|  default| mem_ctrl/mem_reg[622][0]/SE  |
| -19.297|  -19.297|-630922.688|-630922.688|   82.64%|   0:00:01.0|10165.9M|      best|  default| mem_ctrl/mem_reg[622][0]/SE  |
| -19.291|  -19.291|-630729.375|-630729.375|   82.65%|   0:00:01.0|10165.9M|      best|  default| mem_ctrl/mem_reg[622][0]/SE  |
| -19.289|  -19.289|-630667.062|-630667.062|   82.66%|   0:00:01.0|10165.9M|      best|  default| mem_ctrl/mem_reg[622][0]/SE  |
| -19.282|  -19.282|-630440.938|-630440.938|   82.66%|   0:00:00.0|10165.9M|      best|  default| mem_ctrl/mem_reg[622][0]/SE  |
| -19.277|  -19.277|-630254.062|-630254.062|   82.67%|   0:00:01.0|10165.9M|      best|  default| mem_ctrl/mem_reg[622][0]/SE  |
| -19.271|  -19.271|-630077.125|-630077.125|   82.68%|   0:00:01.0|10165.9M|      best|  default| mem_ctrl/mem_reg[622][0]/SE  |
| -19.265|  -19.265|-629867.375|-629867.375|   82.69%|   0:00:00.0|10165.9M|      best|  default| mem_ctrl/mem_reg[622][0]/SE  |
| -19.258|  -19.258|-629644.312|-629644.312|   82.71%|   0:00:01.0|10165.9M|      best|  default| mem_ctrl/mem_reg[622][0]/SE  |
| -19.251|  -19.251|-629418.125|-629418.125|   82.72%|   0:00:01.0|10165.9M|      best|  default| mem_ctrl/mem_reg[622][0]/SE  |
| -19.248|  -19.248|-629319.812|-629319.812|   82.74%|   0:00:01.0|10165.9M|      best|  default| mem_ctrl/mem_reg[622][0]/SE  |
| -19.241|  -19.241|-629100.250|-629100.250|   82.74%|   0:00:00.0|10165.9M|      best|  default| mem_ctrl/mem_reg[622][0]/SE  |
| -19.235|  -19.235|-628903.562|-628903.562|   82.76%|   0:00:01.0|10165.9M|      best|  default| mem_ctrl/mem_reg[622][0]/SE  |
| -19.228|  -19.228|-628651.188|-628651.188|   82.76%|   0:00:01.0|10165.9M|      best|  default| mem_ctrl/mem_reg[622][0]/SE  |
| -19.224|  -19.224|-628526.625|-628526.625|   82.78%|   0:00:01.0|10165.9M|      best|  default| mem_ctrl/mem_reg[622][0]/SE  |
| -19.217|  -19.217|-628316.875|-628316.875|   82.79%|   0:00:01.0|10165.9M|      best|  default| mem_ctrl/mem_reg[622][0]/SE  |
| -19.211|  -19.211|-628094.062|-628094.062|   82.81%|   0:00:01.0|10165.9M|      best|  default| mem_ctrl/mem_reg[622][0]/SE  |
| -19.207|  -19.207|-627966.188|-627966.188|   82.82%|   0:00:00.0|10165.9M|      best|  default| mem_ctrl/mem_reg[622][0]/SE  |
| -19.202|  -19.202|-627812.125|-627812.125|   82.83%|   0:00:01.0|10165.9M|      best|  default| mem_ctrl/mem_reg[622][0]/SE  |
| -19.197|  -19.197|-627641.750|-627641.750|   82.84%|   0:00:01.0|10165.9M|      best|  default| mem_ctrl/mem_reg[622][0]/SE  |
| -19.190|  -19.190|-627428.812|-627428.812|   82.85%|   0:00:00.0|10165.9M|      best|  default| mem_ctrl/mem_reg[622][0]/SE  |
| -19.183|  -19.183|-627199.375|-627199.375|   82.86%|   0:00:01.0|10165.9M|      best|  default| mem_ctrl/mem_reg[622][0]/SE  |
| -19.176|  -19.176|-626950.312|-626950.312|   82.89%|   0:00:01.0|10165.9M|      best|  default| mem_ctrl/mem_reg[622][0]/SE  |
| -19.170|  -19.170|-626750.375|-626750.375|   82.90%|   0:00:01.0|10165.9M|      best|  default| mem_ctrl/mem_reg[622][0]/SE  |
| -19.165|  -19.165|-626599.500|-626599.500|   82.91%|   0:00:01.0|10165.9M|      best|  default| mem_ctrl/mem_reg[622][0]/SE  |
| -19.158|  -19.158|-626376.688|-626376.688|   82.93%|   0:00:00.0|10165.9M|      best|  default| mem_ctrl/mem_reg[622][0]/SE  |
| -19.152|  -19.152|-626170.188|-626170.188|   82.95%|   0:00:01.0|10165.9M|      best|  default| mem_ctrl/mem_reg[622][0]/SE  |
| -19.146|  -19.146|-625989.875|-625989.875|   82.96%|   0:00:01.0|10165.9M|      best|  default| mem_ctrl/mem_reg[622][0]/SE  |
| -19.141|  -19.141|-625809.688|-625809.688|   82.98%|   0:00:01.0|10165.9M|      best|  default| mem_ctrl/mem_reg[622][0]/SE  |
| -19.134|  -19.134|-625596.500|-625596.500|   83.00%|   0:00:01.0|10165.9M|      best|  default| mem_ctrl/mem_reg[622][0]/SE  |
| -19.128|  -19.128|-625386.750|-625386.750|   83.01%|   0:00:00.0|10165.9M|      best|  default| mem_ctrl/mem_reg[622][0]/SE  |
| -19.127|  -19.127|-625350.750|-625350.750|   83.03%|   0:00:01.0|10165.9M|      best|  default| mem_ctrl/mem_reg[622][0]/SE  |
| -19.121|  -19.121|-625144.250|-625144.250|   83.04%|   0:00:01.0|10165.9M|      best|  default| mem_ctrl/mem_reg[622][0]/SE  |
| -19.116|  -19.116|-625003.250|-625003.250|   83.05%|   0:00:00.0|10165.9M|      best|  default| mem_ctrl/mem_reg[622][0]/SE  |
| -19.106|  -19.106|-624678.812|-624678.812|   83.06%|   0:00:01.0|10165.9M|      best|  default| mem_ctrl/mem_reg[622][0]/SE  |
| -19.100|  -19.100|-624475.625|-624475.625|   83.08%|   0:00:01.0|10165.9M|      best|  default| mem_ctrl/mem_reg[622][0]/SE  |
| -19.099|  -19.099|-624433.000|-624433.000|   83.09%|   0:00:01.0|10165.9M|      best|  default| mem_ctrl/mem_reg[622][0]/SE  |
| -19.099|  -19.099|-624422.062|-624422.062|   83.09%|   0:00:00.0|10165.9M|      best|  default| mem_ctrl/mem_reg[622][0]/SE  |
| -19.092|  -19.092|-624220.000|-624220.000|   83.09%|   0:00:01.0|10165.9M|      best|  default| mem_ctrl/mem_reg[622][0]/SE  |
| -19.085|  -19.085|-623980.625|-623980.625|   83.12%|   0:00:01.0|10165.9M|      best|  default| mem_ctrl/mem_reg[622][0]/SE  |
| -19.077|  -19.077|-623704.938|-623704.938|   83.13%|   0:00:00.0|10165.9M|      best|  default| mem_ctrl/mem_reg[622][0]/SE  |
| -19.070|  -19.070|-623498.812|-623498.812|   83.16%|   0:00:01.0|10165.9M|      best|  default| mem_ctrl/mem_reg[622][0]/SE  |
| -19.064|  -19.064|-623279.188|-623279.188|   83.17%|   0:00:02.0|10165.9M|      best|  default| mem_ctrl/mem_reg[622][0]/SE  |
| -19.058|  -19.058|-623092.375|-623092.375|   83.20%|   0:00:01.0|10165.9M|      best|  default| mem_ctrl/mem_reg[622][0]/SE  |
| -19.052|  -19.052|-622882.625|-622882.625|   83.20%|   0:00:00.0|10165.9M|      best|  default| mem_ctrl/mem_reg[622][0]/SE  |
| -19.045|  -19.045|-622649.875|-622649.875|   83.21%|   0:00:01.0|10165.9M|      best|  default| mem_ctrl/mem_reg[622][0]/SE  |
| -19.038|  -19.038|-622443.438|-622443.438|   83.23%|   0:00:01.0|10165.9M|      best|  default| mem_ctrl/mem_reg[622][0]/SE  |
| -19.031|  -19.031|-622223.812|-622223.812|   83.23%|   0:00:01.0|10165.9M|      best|  default| mem_ctrl/mem_reg[622][0]/SE  |
| -19.026|  -19.026|-622050.125|-622050.125|   83.26%|   0:00:01.0|10165.9M|      best|  default| mem_ctrl/mem_reg[622][0]/SE  |
| -19.019|  -19.019|-621827.250|-621827.250|   83.27%|   0:00:00.0|10165.9M|      best|  default| mem_ctrl/mem_reg[622][0]/SE  |
| -19.011|  -19.011|-621561.750|-621561.750|   83.29%|   0:00:01.0|10165.9M|      best|  default| mem_ctrl/mem_reg[622][0]/SE  |
| -19.007|  -19.007|-621420.875|-621420.875|   83.30%|   0:00:01.0|10165.9M|      best|  default| mem_ctrl/mem_reg[622][0]/SE  |
| -19.000|  -19.000|-621188.062|-621188.062|   83.31%|   0:00:01.0|10165.9M|      best|  default| mem_ctrl/mem_reg[622][0]/SE  |
| -18.996|  -18.996|-621050.438|-621050.438|   83.32%|   0:00:00.0|10165.9M|      best|  default| mem_ctrl/mem_reg[622][0]/SE  |
| -18.989|  -18.989|-620840.688|-620840.688|   83.33%|   0:00:01.0|10165.9M|      best|  default| mem_ctrl/mem_reg[622][0]/SE  |
| -18.984|  -18.984|-620673.562|-620673.562|   83.35%|   0:00:01.0|10165.9M|      best|  default| mem_ctrl/mem_reg[622][0]/SE  |
| -18.978|  -18.978|-620470.312|-620470.312|   83.36%|   0:00:00.0|10165.9M|      best|  default| mem_ctrl/mem_reg[622][0]/SE  |
| -18.972|  -18.972|-620264.812|-620264.812|   83.38%|   0:00:01.0|10165.9M|      best|  default| mem_ctrl/mem_reg[622][0]/SE  |
| -18.965|  -18.965|-620027.500|-620027.500|   83.39%|   0:00:01.0|10165.9M|      best|  default| mem_ctrl/mem_reg[622][0]/SE  |
| -18.961|  -18.961|-619909.812|-619909.812|   83.41%|   0:00:00.0|10165.9M|      best|  default| mem_ctrl/mem_reg[622][0]/SE  |
| -18.954|  -18.954|-619671.375|-619671.375|   83.41%|   0:00:01.0|10165.9M|      best|  default| mem_ctrl/mem_reg[622][0]/SE  |
| -18.949|  -18.949|-619519.875|-619519.875|   83.43%|   0:00:01.0|10165.9M|      best|  default| mem_ctrl/mem_reg[622][0]/SE  |
| -18.942|  -18.942|-619277.312|-619277.312|   83.45%|   0:00:01.0|10165.9M|      best|  default| mem_ctrl/mem_reg[622][0]/SE  |
| -18.935|  -18.935|-619054.375|-619054.375|   83.46%|   0:00:01.0|10165.9M|      best|  default| mem_ctrl/mem_reg[622][0]/SE  |
| -18.929|  -18.929|-618864.375|-618864.375|   83.49%|   0:00:01.0|10165.9M|      best|  default| mem_ctrl/mem_reg[622][0]/SE  |
| -18.923|  -18.923|-618657.875|-618657.875|   83.49%|   0:00:00.0|10165.9M|      best|  default| mem_ctrl/mem_reg[622][0]/SE  |
| -18.917|  -18.917|-618477.562|-618477.562|   83.51%|   0:00:01.0|10165.9M|      best|  default| mem_ctrl/mem_reg[622][0]/SE  |
| -18.911|  -18.911|-618264.625|-618264.625|   83.52%|   0:00:01.0|10165.9M|      best|  default| mem_ctrl/mem_reg[622][0]/SE  |
| -18.908|  -18.908|-618169.438|-618169.438|   83.55%|   0:00:01.0|10165.9M|      best|  default| mem_ctrl/mem_reg[622][0]/SE  |
| -18.901|  -18.901|-617959.750|-617959.750|   83.56%|   0:00:00.0|10165.9M|      best|  default| mem_ctrl/mem_reg[622][0]/SE  |
| -18.895|  -18.895|-617763.125|-617763.125|   83.58%|   0:00:01.0|10165.9M|      best|  default| mem_ctrl/mem_reg[622][0]/SE  |
| -18.894|  -18.894|-617730.250|-617730.250|   83.58%|   0:00:01.0|10165.9M|      best|  default| mem_ctrl/mem_reg[622][0]/SE  |
| -18.888|  -18.888|-617530.375|-617530.375|   83.59%|   0:00:00.0|10165.9M|      best|  default| mem_ctrl/mem_reg[622][0]/SE  |
| -18.882|  -18.882|-617320.500|-617320.500|   83.61%|   0:00:01.0|10165.9M|      best|  default| mem_ctrl/mem_reg[622][0]/SE  |
| -18.876|  -18.876|-617114.062|-617114.062|   83.62%|   0:00:01.0|10165.9M|      best|  default| mem_ctrl/mem_reg[622][0]/SE  |
| -18.867|  -18.867|-616825.562|-616825.562|   83.64%|   0:00:01.0|10165.9M|      best|  default| mem_ctrl/mem_reg[622][0]/SE  |
| -18.863|  -18.863|-616701.062|-616701.062|   83.66%|   0:00:01.0|10165.9M|      best|  default| mem_ctrl/mem_reg[622][0]/SE  |
| -18.858|  -18.858|-616537.188|-616537.188|   83.67%|   0:00:00.0|10165.9M|      best|  default| mem_ctrl/mem_reg[622][0]/SE  |
| -18.853|  -18.853|-616376.562|-616376.562|   83.69%|   0:00:01.0|10165.9M|      best|  default| mem_ctrl/mem_reg[622][0]/SE  |
| -18.847|  -18.847|-616183.250|-616183.250|   83.70%|   0:00:01.0|10165.9M|      best|  default| mem_ctrl/mem_reg[622][0]/SE  |
| -18.841|  -18.841|-615970.250|-615970.250|   83.71%|   0:00:01.0|10165.9M|      best|  default| mem_ctrl/mem_reg[622][0]/SE  |
| -18.834|  -18.834|-615747.375|-615747.375|   83.72%|   0:00:00.0|10165.9M|      best|  default| mem_ctrl/mem_reg[622][0]/SE  |
| -18.825|  -18.825|-615458.875|-615458.875|   83.76%|   0:00:01.0|10165.9M|      best|  default| mem_ctrl/mem_reg[622][0]/SE  |
| -18.820|  -18.820|-615278.562|-615278.562|   83.77%|   0:00:02.0|10165.9M|      best|  default| mem_ctrl/mem_reg[622][0]/SE  |
| -18.816|  -18.816|-615177.062|-615177.062|   83.79%|   0:00:00.0|10165.9M|      best|  default| mem_ctrl/mem_reg[622][0]/SE  |
| -18.811|  -18.811|-614990.125|-614990.125|   83.81%|   0:00:01.0|10165.9M|      best|  default| mem_ctrl/mem_reg[622][0]/SE  |
| -18.808|  -18.808|-614888.500|-614888.500|   83.81%|   0:00:01.0|10165.9M|      best|  default| mem_ctrl/mem_reg[622][0]/SE  |
| -18.802|  -18.802|-614685.312|-614685.312|   83.82%|   0:00:01.0|10165.9M|      best|  default| mem_ctrl/mem_reg[622][0]/SE  |
| -18.794|  -18.794|-614449.375|-614449.375|   83.84%|   0:00:01.0|10165.9M|      best|  default| mem_ctrl/mem_reg[622][0]/SE  |
| -18.790|  -18.790|-614314.938|-614314.938|   83.85%|   0:00:00.0|10165.9M|      best|  default| mem_ctrl/mem_reg[622][0]/SE  |
| -18.784|  -18.784|-614121.688|-614121.688|   83.86%|   0:00:01.0|10165.9M|      best|  default| mem_ctrl/mem_reg[622][0]/SE  |
| -18.784|  -18.784|-614118.375|-614118.375|   83.88%|   0:00:01.0|10165.9M|      best|  default| mem_ctrl/mem_reg[622][0]/SE  |
| -18.778|  -18.778|-613911.812|-613911.812|   83.88%|   0:00:00.0|10165.9M|      best|  default| mem_ctrl/mem_reg[622][0]/SE  |
| -18.774|  -18.774|-613777.438|-613777.438|   83.89%|   0:00:01.0|10165.9M|      best|  default| mem_ctrl/mem_reg[622][0]/SE  |
| -18.769|  -18.769|-613607.000|-613607.000|   83.90%|   0:00:01.0|10165.9M|      best|  default| mem_ctrl/mem_reg[622][0]/SE  |
| -18.764|  -18.764|-613469.375|-613469.375|   83.92%|   0:00:01.0|10165.9M|      best|  default| mem_ctrl/mem_reg[622][0]/SE  |
| -18.759|  -18.759|-613302.188|-613302.188|   83.93%|   0:00:00.0|10165.9M|      best|  default| mem_ctrl/mem_reg[622][0]/SE  |
| -18.754|  -18.754|-613115.375|-613115.375|   83.94%|   0:00:01.0|10165.9M|      best|  default| mem_ctrl/mem_reg[622][0]/SE  |
| -18.752|  -18.752|-613072.812|-613072.812|   83.96%|   0:00:01.0|10165.9M|      best|  default| mem_ctrl/mem_reg[622][0]/SE  |
| -18.746|  -18.746|-612876.188|-612876.188|   83.97%|   0:00:00.0|10165.9M|      best|  default| mem_ctrl/mem_reg[622][0]/SE  |
| -18.738|  -18.738|-612607.375|-612607.375|   83.98%|   0:00:01.0|10165.9M|      best|  default| mem_ctrl/mem_reg[622][0]/SE  |
| -18.732|  -18.732|-612407.375|-612407.375|   83.99%|   0:00:01.0|10165.9M|      best|  default| mem_ctrl/mem_reg[622][0]/SE  |
| -18.726|  -18.726|-612197.625|-612197.625|   84.00%|   0:00:00.0|10165.9M|      best|  default| mem_ctrl/mem_reg[622][0]/SE  |
| -18.718|  -18.718|-611955.125|-611955.125|   84.02%|   0:00:01.0|10165.9M|      best|  default| mem_ctrl/mem_reg[622][0]/SE  |
| -18.713|  -18.713|-611778.125|-611778.125|   84.03%|   0:00:01.0|10165.9M|      best|  default| mem_ctrl/mem_reg[622][0]/SE  |
| -18.710|  -18.710|-611686.312|-611686.312|   84.04%|   0:00:01.0|10165.9M|      best|  default| mem_ctrl/mem_reg[622][0]/SE  |
| -18.704|  -18.704|-611496.250|-611496.250|   84.05%|   0:00:01.0|10165.9M|      best|  default| mem_ctrl/mem_reg[622][0]/SE  |
| -18.701|  -18.701|-611401.188|-611401.188|   84.08%|   0:00:00.0|10165.9M|      best|  default| mem_ctrl/mem_reg[622][0]/SE  |
| -18.697|  -18.697|-611253.750|-611253.750|   84.08%|   0:00:01.0|10165.9M|      best|  default| mem_ctrl/mem_reg[622][0]/SE  |
| -18.695|  -18.695|-611204.625|-611204.625|   84.09%|   0:00:01.0|10165.9M|      best|  default| mem_ctrl/mem_reg[622][0]/SE  |
| -18.690|  -18.690|-611030.875|-611030.875|   84.10%|   0:00:01.0|10165.9M|      best|  default| mem_ctrl/mem_reg[622][0]/SE  |
| -18.688|  -18.688|-610971.875|-610971.875|   84.11%|   0:00:00.0|10165.9M|      best|  default| mem_ctrl/mem_reg[622][0]/SE  |
| -18.685|  -18.685|-610867.000|-610867.000|   84.12%|   0:00:01.0|10165.9M|      best|  default| mem_ctrl/mem_reg[622][0]/SE  |
| -18.679|  -18.679|-610663.812|-610663.812|   84.12%|   0:00:00.0|10165.9M|      best|  default| mem_ctrl/mem_reg[622][0]/SE  |
| -18.679|  -18.679|-610657.250|-610657.250|   84.15%|   0:00:01.0|10165.9M|      best|  default| mem_ctrl/mem_reg[622][0]/SE  |
| -18.671|  -18.671|-610424.500|-610424.500|   84.15%|   0:00:01.0|10165.9M|      best|  default| mem_ctrl/mem_reg[622][0]/SE  |
| -18.664|  -18.664|-610175.375|-610175.375|   84.17%|   0:00:01.0|10165.9M|      best|  default| mem_ctrl/mem_reg[622][0]/SE  |
| -18.657|  -18.657|-609962.312|-609962.312|   84.17%|   0:00:00.0|10165.9M|      best|  default| mem_ctrl/mem_reg[622][0]/SE  |
| -18.654|  -18.654|-609850.875|-609850.875|   84.18%|   0:00:01.0|10165.9M|      best|  default| mem_ctrl/mem_reg[622][0]/SE  |
| -18.653|  -18.653|-609811.562|-609811.562|   84.19%|   0:00:01.0|10165.9M|      best|  default| mem_ctrl/mem_reg[622][0]/SE  |
| -18.648|  -18.648|-609657.562|-609657.562|   84.20%|   0:00:00.0|10165.9M|      best|  default| mem_ctrl/mem_reg[622][0]/SE  |
| -18.641|  -18.641|-609434.688|-609434.688|   84.21%|   0:00:01.0|10165.9M|      best|  default| mem_ctrl/mem_reg[622][0]/SE  |
| -18.639|  -18.639|-609356.000|-609356.000|   84.23%|   0:00:01.0|10165.9M|      best|  default| mem_ctrl/mem_reg[622][0]/SE  |
| -18.634|  -18.634|-609201.938|-609201.938|   84.23%|   0:00:00.0|10165.9M|      best|  default| mem_ctrl/mem_reg[622][0]/SE  |
| -18.628|  -18.628|-608992.250|-608992.250|   84.24%|   0:00:01.0|10165.9M|      best|  default| mem_ctrl/mem_reg[622][0]/SE  |
| -18.622|  -18.622|-608789.000|-608789.000|   84.26%|   0:00:01.0|10165.9M|      best|  default| mem_ctrl/mem_reg[622][0]/SE  |
| -18.615|  -18.615|-608579.375|-608579.375|   84.26%|   0:00:01.0|10165.9M|      best|  default| mem_ctrl/mem_reg[622][0]/SE  |
| -18.608|  -18.608|-608330.062|-608330.062|   84.27%|   0:00:00.0|10165.9M|      best|  default| mem_ctrl/mem_reg[622][0]/SE  |
| -18.603|  -18.603|-608172.812|-608172.812|   84.29%|   0:00:01.0|10165.9M|      best|  default| mem_ctrl/mem_reg[622][0]/SE  |
| -18.592|  -18.592|-607831.938|-607831.938|   84.30%|   0:00:01.0|10165.9M|      best|  default| mem_ctrl/mem_reg[622][0]/SE  |
| -18.590|  -18.590|-607749.938|-607749.938|   84.32%|   0:00:01.0|10165.9M|      best|  default| mem_ctrl/mem_reg[622][0]/SE  |
| -18.583|  -18.583|-607540.250|-607540.250|   84.32%|   0:00:01.0|10165.9M|      best|  default| mem_ctrl/mem_reg[622][0]/SE  |
| -18.582|  -18.582|-607477.938|-607477.938|   84.34%|   0:00:00.0|10165.9M|      best|  default| mem_ctrl/mem_reg[622][0]/SE  |
| -18.576|  -18.576|-607278.000|-607278.000|   84.35%|   0:00:01.0|10165.9M|      best|  default| mem_ctrl/mem_reg[622][0]/SE  |
| -18.575|  -18.575|-607258.375|-607258.375|   84.36%|   0:00:01.0|10165.9M|      best|  default| mem_ctrl/mem_reg[622][0]/SE  |
| -18.569|  -18.569|-607055.125|-607055.125|   84.36%|   0:00:00.0|10165.9M|      best|  default| mem_ctrl/mem_reg[622][0]/SE  |
| -18.560|  -18.560|-606783.125|-606783.125|   84.37%|   0:00:01.0|10165.9M|      best|  default| mem_ctrl/mem_reg[622][0]/SE  |
| -18.556|  -18.556|-606645.562|-606645.562|   84.37%|   0:00:01.0|10165.9M|      best|  default| mem_ctrl/mem_reg[622][0]/SE  |
| -18.555|  -18.555|-606596.250|-606596.250|   84.39%|   0:00:00.0|10165.9M|      best|  default| mem_ctrl/mem_reg[622][0]/SE  |
| -18.549|  -18.549|-606416.000|-606416.000|   84.39%|   0:00:01.0|10165.9M|      best|  default| mem_ctrl/mem_reg[622][0]/SE  |
| -18.548|  -18.548|-606370.250|-606370.250|   84.41%|   0:00:01.0|10165.9M|      best|  default| mem_ctrl/mem_reg[622][0]/SE  |
| -18.545|  -18.545|-606288.125|-606288.125|   84.41%|   0:00:00.0|10165.9M|      best|  default| mem_ctrl/mem_reg[622][0]/SE  |
| -18.540|  -18.540|-606127.562|-606127.562|   84.42%|   0:00:01.0|10165.9M|      best|  default| mem_ctrl/mem_reg[622][0]/SE  |
| -18.538|  -18.538|-606039.000|-606039.000|   84.45%|   0:00:01.0|10165.9M|      best|  default| mem_ctrl/mem_reg[622][0]/SE  |
| -18.533|  -18.533|-605881.688|-605881.688|   84.45%|   0:00:00.0|10165.9M|      best|  default| mem_ctrl/mem_reg[622][0]/SE  |
| -18.526|  -18.526|-605668.688|-605668.688|   84.46%|   0:00:01.0|10165.9M|      best|  default| mem_ctrl/mem_reg[622][0]/SE  |
| -18.523|  -18.523|-605550.688|-605550.688|   84.49%|   0:00:01.0|10165.9M|      best|  default| mem_ctrl/mem_reg[622][0]/SE  |
| -18.519|  -18.519|-605426.125|-605426.125|   84.49%|   0:00:01.0|10165.9M|      best|  default| mem_ctrl/mem_reg[622][0]/SE  |
| -18.515|  -18.515|-605304.875|-605304.875|   84.50%|   0:00:00.0|10165.9M|      best|  default| mem_ctrl/mem_reg[622][0]/SE  |
| -18.511|  -18.511|-605160.625|-605160.625|   84.51%|   0:00:01.0|10165.9M|      best|  default| mem_ctrl/mem_reg[622][0]/SE  |
| -18.507|  -18.507|-605039.375|-605039.375|   84.52%|   0:00:01.0|10165.9M|      best|  default| mem_ctrl/mem_reg[622][0]/SE  |
| -18.505|  -18.505|-604973.875|-604973.875|   84.52%|   0:00:00.0|10165.9M|      best|  default| mem_ctrl/mem_reg[622][0]/SE  |
| -18.499|  -18.499|-604764.062|-604764.062|   84.52%|   0:00:01.0|10165.9M|      best|  default| mem_ctrl/mem_reg[622][0]/SE  |
| -18.497|  -18.497|-604708.375|-604708.375|   84.55%|   0:00:01.0|10165.9M|      best|  default| mem_ctrl/mem_reg[622][0]/SE  |
| -18.490|  -18.490|-604459.250|-604459.250|   84.55%|   0:00:00.0|10165.9M|      best|  default| mem_ctrl/mem_reg[622][0]/SE  |
| -18.484|  -18.484|-604269.125|-604269.125|   84.56%|   0:00:01.0|10165.9M|      best|  default| mem_ctrl/mem_reg[622][0]/SE  |
| -18.477|  -18.477|-604059.375|-604059.375|   84.57%|   0:00:01.0|10165.9M|      best|  default| mem_ctrl/mem_reg[622][0]/SE  |
| -18.474|  -18.474|-603951.188|-603951.188|   84.59%|   0:00:01.0|10165.9M|      best|  default| mem_ctrl/mem_reg[622][0]/SE  |
| -18.469|  -18.469|-603777.500|-603777.500|   84.59%|   0:00:00.0|10165.9M|      best|  default| mem_ctrl/mem_reg[622][0]/SE  |
| -18.463|  -18.463|-603594.000|-603594.000|   84.61%|   0:00:01.0|10165.9M|      best|  default| mem_ctrl/mem_reg[622][0]/SE  |
| -18.459|  -18.459|-603462.812|-603462.812|   84.61%|   0:00:01.0|10165.9M|      best|  default| mem_ctrl/mem_reg[622][0]/SE  |
| -18.456|  -18.456|-603364.500|-603364.500|   84.62%|   0:00:01.0|10165.9M|      best|  default| mem_ctrl/mem_reg[622][0]/SE  |
| -18.449|  -18.449|-603125.438|-603125.438|   84.62%|   0:00:00.0|10165.9M|      best|  default| mem_ctrl/mem_reg[622][0]/SE  |
| -18.445|  -18.445|-603017.062|-603017.062|   84.64%|   0:00:01.0|10165.9M|      best|  default| mem_ctrl/mem_reg[622][0]/SE  |
| -18.441|  -18.441|-602879.562|-602879.562|   84.64%|   0:00:01.0|10165.9M|      best|  default| mem_ctrl/mem_reg[622][0]/SE  |
| -18.436|  -18.436|-602718.938|-602718.938|   84.65%|   0:00:01.0|10165.9M|      best|  default| mem_ctrl/mem_reg[622][0]/SE  |
| -18.432|  -18.432|-602584.625|-602584.625|   84.66%|   0:00:00.0|10165.9M|      best|  default| mem_ctrl/mem_reg[622][0]/SE  |
| -18.426|  -18.426|-602368.250|-602368.250|   84.67%|   0:00:01.0|10165.9M|      best|  default| mem_ctrl/mem_reg[622][0]/SE  |
| -18.422|  -18.422|-602256.812|-602256.812|   84.69%|   0:00:02.0|10165.9M|      best|  default| mem_ctrl/mem_reg[622][0]/SE  |
| -18.417|  -18.417|-602079.875|-602079.875|   84.69%|   0:00:01.0|10165.9M|      best|  default| mem_ctrl/mem_reg[622][0]/SE  |
| -18.410|  -18.410|-601866.875|-601866.875|   84.70%|   0:00:00.0|10165.9M|      best|  default| mem_ctrl/mem_reg[622][0]/SE  |
| -18.410|  -18.410|-601863.625|-601863.625|   84.72%|   0:00:01.0|10165.9M|      best|  default| mem_ctrl/mem_reg[622][0]/SE  |
| -18.404|  -18.404|-601650.438|-601650.438|   84.72%|   0:00:01.0|10165.9M|      best|  default| mem_ctrl/mem_reg[622][0]/SE  |
| -18.400|  -18.400|-601535.688|-601535.688|   84.74%|   0:00:01.0|10165.9M|      best|  default| mem_ctrl/mem_reg[622][0]/SE  |
| -18.395|  -18.395|-601352.125|-601352.125|   84.75%|   0:00:01.0|10165.9M|      best|  default| mem_ctrl/mem_reg[622][0]/SE  |
| -18.388|  -18.388|-601174.938|-601174.938|   84.76%|   0:00:00.0|10165.9M|      best|  default| mem_ctrl/mem_reg[165][0]/SE  |
| -18.383|  -18.383|-600982.875|-600982.875|   84.78%|   0:00:02.0|10165.9M|      best|  default| mem_ctrl/mem_reg[165][0]/SE  |
| -18.377|  -18.377|-600813.625|-600813.625|   84.80%|   0:00:01.0|10165.9M|      best|  default| mem_ctrl/mem_reg[673][6]/SE  |
| -18.371|  -18.371|-600600.750|-600600.750|   84.81%|   0:00:01.0|10185.0M|      best|  default| mem_ctrl/mem_reg[673][6]/SE  |
| -18.364|  -18.364|-600425.750|-600425.750|   84.83%|   0:00:01.0|10185.0M|      best|  default| mem_ctrl/mem_reg[617][4]/SE  |
| -18.363|  -18.363|-600358.500|-600358.500|   84.85%|   0:00:01.0|10343.2M|      best|  default| mem_ctrl/mem_reg[684][7]/SE  |
| -18.358|  -18.358|-600210.875|-600210.875|   84.85%|   0:00:01.0|10343.2M|      best|  default| mem_ctrl/mem_reg[684][7]/SE  |
| -18.353|  -18.353|-600017.250|-600017.250|   84.86%|   0:00:01.0|10343.2M|      best|  default| mem_ctrl/mem_reg[684][7]/SE  |
| -18.346|  -18.346|-599797.625|-599797.625|   84.88%|   0:00:01.0|10343.2M|      best|  default| mem_ctrl/mem_reg[609][7]/SE  |
| -18.342|  -18.342|-599666.500|-599666.500|   84.89%|   0:00:01.0|10343.2M|      best|  default| mem_ctrl/mem_reg[684][7]/SE  |
| -18.339|  -18.339|-599594.375|-599594.375|   84.90%|   0:00:01.0|10343.2M|      best|  default| mem_ctrl/mem_reg[684][7]/SE  |
| -18.334|  -18.334|-599430.562|-599430.562|   84.90%|   0:00:01.0|10343.2M|      best|  default| mem_ctrl/mem_reg[684][7]/SE  |
| -18.333|  -18.333|-599374.875|-599374.875|   84.92%|   0:00:01.0|10343.2M|      best|  default| mem_ctrl/mem_reg[684][7]/SE  |
| -18.328|  -18.328|-599217.438|-599217.438|   84.92%|   0:00:00.0|10343.2M|      best|  default| mem_ctrl/mem_reg[684][7]/SE  |
| -18.323|  -18.323|-599037.250|-599037.250|   84.94%|   0:00:02.0|10343.2M|      best|  default| mem_ctrl/mem_reg[684][7]/SE  |
| -18.321|  -18.321|-598991.312|-598991.312|   84.94%|   0:00:01.0|10343.2M|      best|  default| mem_ctrl/mem_reg[684][7]/SE  |
| -18.314|  -18.314|-598775.000|-598775.000|   84.95%|   0:00:00.0|10343.2M|      best|  default| mem_ctrl/mem_reg[684][7]/SE  |
| -18.309|  -18.309|-598591.438|-598591.438|   84.96%|   0:00:01.0|10343.2M|      best|  default| mem_ctrl/mem_reg[684][7]/SE  |
| -18.307|  -18.307|-598519.438|-598519.438|   84.97%|   0:00:01.0|10343.2M|      best|  default| mem_ctrl/mem_reg[684][7]/SE  |
| -18.305|  -18.305|-598457.062|-598457.062|   84.98%|   0:00:01.0|10343.2M|      best|  default| mem_ctrl/mem_reg[684][7]/SE  |
| -18.301|  -18.301|-598325.938|-598325.938|   84.98%|   0:00:01.0|10343.2M|      best|  default| mem_ctrl/mem_reg[684][7]/SE  |
| -18.299|  -18.299|-598253.875|-598253.875|   84.98%|   0:00:01.0|10343.2M|      best|  default| mem_ctrl/mem_reg[684][7]/SE  |
| -18.295|  -18.295|-598129.312|-598129.312|   84.99%|   0:00:01.0|10343.2M|      best|  default| mem_ctrl/mem_reg[684][7]/SE  |
| -18.292|  -18.292|-598030.875|-598030.875|   85.00%|   0:00:01.0|10343.2M|      best|  default| mem_ctrl/mem_reg[684][7]/SE  |
| -18.287|  -18.287|-597863.812|-597863.812|   85.00%|   0:00:01.0|10343.2M|      best|  default| mem_ctrl/mem_reg[684][7]/SE  |
| -18.283|  -18.283|-597749.188|-597749.188|   85.02%|   0:00:01.0|10343.2M|      best|  default| mem_ctrl/mem_reg[684][7]/SE  |
| -18.278|  -18.278|-597578.625|-597578.625|   85.03%|   0:00:01.0|10343.2M|      best|  default| mem_ctrl/mem_reg[684][7]/SE  |
| -18.274|  -18.274|-597444.250|-597444.250|   85.03%|   0:00:00.0|10343.2M|      best|  default| mem_ctrl/mem_reg[684][7]/SE  |
| -18.273|  -18.273|-597424.500|-597424.500|   85.05%|   0:00:02.0|10343.2M|      best|  default| mem_ctrl/mem_reg[684][7]/SE  |
| -18.268|  -18.268|-597237.812|-597237.812|   85.05%|   0:00:00.0|10343.2M|      best|  default| mem_ctrl/mem_reg[684][7]/SE  |
| -18.266|  -18.266|-597198.500|-597198.500|   85.07%|   0:00:01.0|10343.2M|      best|  default| mem_ctrl/mem_reg[684][7]/SE  |
| -18.263|  -18.263|-597070.688|-597070.688|   85.08%|   0:00:01.0|10343.2M|      best|  default| mem_ctrl/mem_reg[684][7]/SE  |
| -18.260|  -18.260|-596985.375|-596985.375|   85.09%|   0:00:01.0|10343.2M|      best|  default| mem_ctrl/mem_reg[684][7]/SE  |
| -18.256|  -18.256|-596867.438|-596867.438|   85.09%|   0:00:01.0|10343.2M|      best|  default| mem_ctrl/mem_reg[684][7]/SE  |
| -18.252|  -18.252|-596739.750|-596739.750|   85.10%|   0:00:01.0|10343.2M|      best|  default| mem_ctrl/mem_reg[684][7]/SE  |
| -18.248|  -18.248|-596582.375|-596582.375|   85.12%|   0:00:01.0|10343.2M|      best|  default| mem_ctrl/mem_reg[684][7]/SE  |
| -18.243|  -18.243|-596421.812|-596421.812|   85.14%|   0:00:02.0|10343.2M|      best|  default| mem_ctrl/mem_reg[684][7]/SE  |
| -18.238|  -18.238|-596254.625|-596254.625|   85.15%|   0:00:01.0|10343.2M|      best|  default| mem_ctrl/mem_reg[684][7]/SE  |
| -18.233|  -18.233|-596097.312|-596097.312|   85.16%|   0:00:01.0|10343.2M|      best|  default| mem_ctrl/mem_reg[684][7]/SE  |
| -18.232|  -18.232|-596061.250|-596061.250|   85.17%|   0:00:01.0|10343.2M|      best|  default| mem_ctrl/mem_reg[684][7]/SE  |
| -18.227|  -18.227|-595920.438|-595920.438|   85.17%|   0:00:01.0|10343.2M|      best|  default| mem_ctrl/mem_reg[684][7]/SE  |
| -18.225|  -18.225|-595838.312|-595838.312|   85.18%|   0:00:01.0|10343.2M|      best|  default| mem_ctrl/mem_reg[684][7]/SE  |
| -18.221|  -18.221|-595720.250|-595720.250|   85.18%|   0:00:01.0|10343.2M|      best|  default| mem_ctrl/mem_reg[684][7]/SE  |
| -18.220|  -18.220|-595684.438|-595684.438|   85.19%|   0:00:01.0|10343.2M|      best|  default| mem_ctrl/mem_reg[684][7]/SE  |
| -18.215|  -18.215|-595526.875|-595526.875|   85.19%|   0:00:00.0|10343.2M|      best|  default| mem_ctrl/mem_reg[684][7]/SE  |
| -18.214|  -18.214|-595481.125|-595481.125|   85.20%|   0:00:01.0|10343.2M|      best|  default| mem_ctrl/mem_reg[684][7]/SE  |
| -18.209|  -18.209|-595333.562|-595333.562|   85.20%|   0:00:01.0|10343.2M|      best|  default| mem_ctrl/mem_reg[684][7]/SE  |
| -18.205|  -18.205|-595192.562|-595192.562|   85.21%|   0:00:01.0|10343.2M|      best|  default| mem_ctrl/mem_reg[684][7]/SE  |
| -18.204|  -18.204|-595153.312|-595153.312|   85.22%|   0:00:01.0|10343.2M|      best|  default| mem_ctrl/mem_reg[684][7]/SE  |
| -18.200|  -18.200|-595009.125|-595009.125|   85.23%|   0:00:01.0|10343.2M|      best|  default| mem_ctrl/mem_reg[684][7]/SE  |
| -18.199|  -18.199|-594995.938|-594995.938|   85.23%|   0:00:01.0|10343.2M|      best|  default| mem_ctrl/mem_reg[684][7]/SE  |
| -18.194|  -18.194|-594822.250|-594822.250|   85.24%|   0:00:01.0|10343.2M|      best|  default| mem_ctrl/mem_reg[684][7]/SE  |
| -18.189|  -18.189|-594658.375|-594658.375|   85.25%|   0:00:01.0|10343.2M|      best|  default| mem_ctrl/mem_reg[684][7]/SE  |
| -18.187|  -18.187|-594599.375|-594599.375|   85.26%|   0:00:01.0|10343.2M|      best|  default| mem_ctrl/mem_reg[684][7]/SE  |
| -18.183|  -18.183|-594478.250|-594478.250|   85.26%|   0:00:01.0|10343.2M|      best|  default| mem_ctrl/mem_reg[684][7]/SE  |
| -18.179|  -18.179|-594327.500|-594327.500|   85.28%|   0:00:01.0|10343.2M|      best|  default| mem_ctrl/mem_reg[684][7]/SE  |
| -18.175|  -18.175|-594206.188|-594206.188|   85.29%|   0:00:01.0|10343.2M|      best|  default| mem_ctrl/mem_reg[684][7]/SE  |
| -18.171|  -18.171|-594084.875|-594084.875|   85.30%|   0:00:01.0|10343.2M|      best|  default| mem_ctrl/mem_reg[684][7]/SE  |
| -18.171|  -18.171|-594078.438|-594078.438|   85.31%|   0:00:01.0|10343.2M|      best|  default| mem_ctrl/mem_reg[684][7]/SE  |
| -18.169|  -18.169|-593999.562|-593999.562|   85.32%|   0:00:01.0|10343.2M|      best|  default| mem_ctrl/mem_reg[684][7]/SE  |
| -18.165|  -18.165|-593865.312|-593865.312|   85.32%|   0:00:01.0|10343.2M|      best|  default| mem_ctrl/mem_reg[684][7]/SE  |
| -18.162|  -18.162|-593776.812|-593776.812|   85.34%|   0:00:01.0|10343.2M|      best|  default| mem_ctrl/mem_reg[684][7]/SE  |
| -18.157|  -18.157|-593612.875|-593612.875|   85.34%|   0:00:01.0|10343.2M|      best|  default| mem_ctrl/mem_reg[684][7]/SE  |
| -18.152|  -18.152|-593455.688|-593455.688|   85.35%|   0:00:01.0|10343.2M|      best|  default| mem_ctrl/mem_reg[684][7]/SE  |
| -18.148|  -18.148|-593321.375|-593321.375|   85.37%|   0:00:02.0|10343.2M|      best|  default| mem_ctrl/mem_reg[684][7]/SE  |
| -18.146|  -18.146|-593262.375|-593262.375|   85.37%|   0:00:01.0|10343.2M|      best|  default| mem_ctrl/mem_reg[684][7]/SE  |
| -18.142|  -18.142|-593111.438|-593111.438|   85.38%|   0:00:01.0|10343.2M|      best|  default| mem_ctrl/mem_reg[684][7]/SE  |
| -18.135|  -18.135|-592872.562|-592872.562|   85.41%|   0:00:02.0|10343.2M|      best|  default| mem_ctrl/mem_reg[684][7]/SE  |
| -18.125|  -18.125|-592570.438|-592570.438|   85.44%|   0:00:02.0|10343.2M|      best|  default| mem_ctrl/mem_reg[684][7]/SE  |
| -18.121|  -18.121|-592442.562|-592442.562|   85.48%|   0:00:02.0|10343.2M|      best|  default| mem_ctrl/mem_reg[684][7]/SE  |
| -18.117|  -18.117|-592308.188|-592308.188|   85.49%|   0:00:02.0|10343.2M|      best|  default| mem_ctrl/mem_reg[684][7]/SE  |
| -18.112|  -18.112|-592134.562|-592134.562|   85.50%|   0:00:01.0|10343.2M|      best|  default| mem_ctrl/mem_reg[684][7]/SE  |
| -18.106|  -18.106|-591947.750|-591947.750|   85.52%|   0:00:01.0|10343.2M|      best|  default| mem_ctrl/mem_reg[684][7]/SE  |
| -18.099|  -18.099|-591705.688|-591705.688|   85.54%|   0:00:02.0|10343.2M|      best|  default| mem_ctrl/mem_reg[684][7]/SE  |
| -18.092|  -18.092|-591482.250|-591482.250|   85.65%|   0:00:04.0|10343.2M|      best|  default| mem_ctrl/mem_reg[684][7]/SE  |
| -18.082|  -18.082|-591141.562|-591141.562|   85.66%|   0:00:02.0|10495.8M|      best|  default| mem_ctrl/mem_reg[684][7]/SE  |
| -18.072|  -18.072|-590828.625|-590828.625|   85.71%|   0:00:02.0|10495.8M|      best|  default| mem_ctrl/mem_reg[684][7]/SE  |
| -18.065|  -18.065|-590586.188|-590586.188|   85.77%|   0:00:03.0|10495.8M|      best|  default| mem_ctrl/mem_reg[684][7]/SE  |
| -18.058|  -18.058|-590366.375|-590366.375|   85.81%|   0:00:03.0|10495.8M|      best|  default| mem_ctrl/mem_reg[684][7]/SE  |
| -18.051|  -18.051|-590120.688|-590120.688|   85.84%|   0:00:01.0|10495.8M|      best|  default| mem_ctrl/mem_reg[684][7]/SE  |
| -18.047|  -18.047|-589999.375|-589999.375|   85.88%|   0:00:02.0|10495.8M|      best|  default| mem_ctrl/mem_reg[684][7]/SE  |
| -18.045|  -18.045|-589923.938|-589923.938|   85.91%|   0:00:02.0|10495.8M|      best|  default| mem_ctrl/mem_reg[684][7]/SE  |
| -18.038|  -18.038|-589717.500|-589717.500|   85.92%|   0:00:01.0|10495.8M|      best|  default| mem_ctrl/mem_reg[684][7]/SE  |
| -18.029|  -18.029|-589402.875|-589402.875|   85.96%|   0:00:02.0|10495.8M|      best|  default| mem_ctrl/mem_reg[684][7]/SE  |
| -18.026|  -18.026|-589304.438|-589304.438|   85.99%|   0:00:01.0|10495.8M|      best|  default| mem_ctrl/mem_reg[684][7]/SE  |
| -18.019|  -18.019|-589094.750|-589094.750|   86.00%|   0:00:01.0|10495.8M|      best|  default| mem_ctrl/mem_reg[684][7]/SE  |
| -18.016|  -18.016|-588989.812|-588989.812|   86.05%|   0:00:02.0|10495.8M|      best|  default| mem_ctrl/mem_reg[684][7]/SE  |
| -18.010|  -18.010|-588783.312|-588783.312|   86.06%|   0:00:01.0|10495.8M|      best|  default| mem_ctrl/mem_reg[684][7]/SE  |
| -18.003|  -18.003|-588553.938|-588553.938|   86.07%|   0:00:02.0|10495.8M|      best|  default| mem_ctrl/mem_reg[684][7]/SE  |
| -17.998|  -17.998|-588383.500|-588383.500|   86.09%|   0:00:01.0|10495.8M|      best|  default| mem_ctrl/mem_reg[684][7]/SE  |
| -17.992|  -17.992|-588200.062|-588200.062|   86.12%|   0:00:01.0|10495.8M|      best|  default| mem_ctrl/mem_reg[684][7]/SE  |
| -17.986|  -17.986|-587993.438|-587993.438|   86.18%|   0:00:03.0|10495.8M|      best|  default| mem_ctrl/mem_reg[684][7]/SE  |
| -17.983|  -17.983|-587898.312|-587898.312|   86.19%|   0:00:01.0|10495.8M|      best|  default| mem_ctrl/mem_reg[684][7]/SE  |
| -17.977|  -17.977|-587691.938|-587691.938|   86.19%|   0:00:00.0|10495.8M|      best|  default| mem_ctrl/mem_reg[684][7]/SE  |
| -17.973|  -17.973|-587583.875|-587583.875|   86.23%|   0:00:02.0|10495.8M|      best|  default| mem_ctrl/mem_reg[684][7]/SE  |
| -17.968|  -17.968|-587413.438|-587413.438|   86.24%|   0:00:01.0|10495.8M|      best|  default| mem_ctrl/mem_reg[684][7]/SE  |
| -17.962|  -17.962|-587210.062|-587210.062|   86.26%|   0:00:02.0|10495.8M|      best|  default| mem_ctrl/mem_reg[684][7]/SE  |
| -17.956|  -17.956|-587006.750|-587006.750|   86.29%|   0:00:01.0|10495.8M|      best|  default| mem_ctrl/mem_reg[684][7]/SE  |
| -17.949|  -17.949|-586803.625|-586803.625|   86.30%|   0:00:02.0|10495.8M|      best|  default| mem_ctrl/mem_reg[684][7]/SE  |
| -17.942|  -17.942|-586554.500|-586554.500|   86.33%|   0:00:01.0|10495.8M|      best|  default| mem_ctrl/mem_reg[684][7]/SE  |
| -17.936|  -17.936|-586364.438|-586364.438|   86.35%|   0:00:01.0|10495.8M|      best|  default| mem_ctrl/mem_reg[684][7]/SE  |
| -17.929|  -17.929|-586122.250|-586122.250|   86.37%|   0:00:02.0|10495.8M|      best|  default| mem_ctrl/mem_reg[684][7]/SE  |
| -17.921|  -17.921|-585882.625|-585882.625|   86.41%|   0:00:02.0|10495.8M|      best|  default| mem_ctrl/mem_reg[684][7]/SE  |
| -17.919|  -17.919|-585800.688|-585800.688|   86.44%|   0:00:02.0|10495.8M|      best|  default| mem_ctrl/mem_reg[684][7]/SE  |
| -17.913|  -17.913|-585594.312|-585594.312|   86.44%|   0:00:00.0|10495.8M|      best|  default| mem_ctrl/mem_reg[684][7]/SE  |
| -17.910|  -17.910|-585499.125|-585499.125|   86.48%|   0:00:03.0|10495.8M|      best|  default| mem_ctrl/mem_reg[684][7]/SE  |
| -17.903|  -17.903|-585273.000|-585273.000|   86.49%|   0:00:00.0|10495.8M|      best|  default| mem_ctrl/mem_reg[684][7]/SE  |
| -17.900|  -17.900|-585187.812|-585187.812|   86.51%|   0:00:02.0|10495.8M|      best|  default| mem_ctrl/mem_reg[684][7]/SE  |
| -17.896|  -17.896|-585040.250|-585040.250|   86.52%|   0:00:00.0|10495.8M|      best|  default| mem_ctrl/mem_reg[684][7]/SE  |
| -17.890|  -17.890|-584869.938|-584869.938|   86.53%|   0:00:02.0|10495.8M|      best|  default| mem_ctrl/mem_reg[684][7]/SE  |
| -17.890|  -17.890|-584840.312|-584840.312|   86.57%|   0:00:01.0|10495.8M|      best|  default| mem_ctrl/mem_reg[684][7]/SE  |
| -17.883|  -17.883|-584633.938|-584633.938|   86.57%|   0:00:01.0|10495.8M|      best|  default| mem_ctrl/mem_reg[684][7]/SE  |
| -17.876|  -17.876|-584410.938|-584410.938|   86.59%|   0:00:01.0|10495.8M|      best|  default| mem_ctrl/mem_reg[684][7]/SE  |
| -17.870|  -17.870|-584198.250|-584198.250|   86.61%|   0:00:02.0|10495.8M|      best|  default| mem_ctrl/mem_reg[684][7]/SE  |
| -17.863|  -17.863|-583981.938|-583981.938|   86.63%|   0:00:01.0|10495.8M|      best|  default| mem_ctrl/mem_reg[684][7]/SE  |
| -17.856|  -17.856|-583729.500|-583729.500|   86.69%|   0:00:02.0|10495.8M|      best|  default| mem_ctrl/mem_reg[684][7]/SE  |
| -17.852|  -17.852|-583598.125|-583598.125|   86.71%|   0:00:01.0|10495.8M|      best|  default| mem_ctrl/mem_reg[684][7]/SE  |
| -17.846|  -17.846|-583395.000|-583395.000|   86.72%|   0:00:01.0|10495.8M|      best|  default| mem_ctrl/mem_reg[684][7]/SE  |
| -17.838|  -17.838|-583145.812|-583145.812|   86.76%|   0:00:02.0|10495.8M|      best|  default| mem_ctrl/mem_reg[684][7]/SE  |
| -17.835|  -17.835|-583037.750|-583037.750|   86.77%|   0:00:01.0|10495.8M|      best|  default| mem_ctrl/mem_reg[684][7]/SE  |
| -17.830|  -17.830|-582886.938|-582886.938|   86.78%|   0:00:01.0|10495.8M|      best|  default| mem_ctrl/mem_reg[684][7]/SE  |
| -17.824|  -17.824|-582680.438|-582680.438|   86.80%|   0:00:02.0|10495.8M|      best|  default| mem_ctrl/mem_reg[684][7]/SE  |
| -17.819|  -17.819|-582519.812|-582519.812|   86.84%|   0:00:02.0|10495.8M|      best|  default| mem_ctrl/mem_reg[684][7]/SE  |
| -17.819|  -17.819|-582519.802|-582519.802|   86.84%|   0:00:00.0|10495.8M|      best|  default| mem_ctrl/mem_reg[684][7]/SE  |
+--------+---------+-----------+-----------+---------+------------+--------+----------+---------+------------------------------+

*** Finish Core Optimize Step (cpu=2:45:22 real=0:12:52 mem=10495.8M) ***

*** Finished Optimize Step Cumulative (cpu=2:45:22 real=0:12:52 mem=10495.8M) ***
OptDebug: End of Optimizer WNS Pass 0:
+----------+-------+-----------+
|Path Group|    WNS|        TNS|
+----------+-------+-----------+
|default   |-17.819|-582519.802|
|reg2reg   |  0.763|      0.000|
|HEPG      |  0.763|      0.000|
|All Paths |-17.819|-582519.802|
+----------+-------+-----------+

** GigaOpt Optimizer WNS Slack -17.819 TNS Slack -582519.802 Density 86.84
Begin: Area Reclaim Optimization
*** AreaOpt #2 [begin] (WnsOpt #1 / place_opt_design #1) : totSession cpu/real = 5:31:11.7/0:38:14.5 (8.7), mem = 10495.8M
Reclaim Optimization WNS Slack -17.819  TNS Slack -582519.802 Density 86.84
+---------+---------+--------+-----------+------------+--------+
| Density | Commits |  WNS   |    TNS    |    Real    |  Mem   |
+---------+---------+--------+-----------+------------+--------+
|   86.84%|        -| -17.819|-582519.802|   0:00:00.0|10495.8M|
|   86.84%|        0| -17.819|-582519.812|   0:00:00.0|10495.8M|
|   86.80%|      810| -17.819|-582520.812|   0:00:02.0|10495.8M|
|   86.80%|       15| -17.819|-582520.875|   0:00:00.0|10495.8M|
|   86.80%|        0| -17.819|-582520.875|   0:00:00.0|10495.8M|
+---------+---------+--------+-----------+------------+--------+
Reclaim Optimization End WNS Slack -17.819  TNS Slack -582520.862 Density 86.80
Bottom Preferred Layer:
+---------------+------------+----------+
|     Layer     |   OPT_LA   |   Rule   |
+---------------+------------+----------+
| Metal8 (z=8)  |         85 | default  |
+---------------+------------+----------+
Via Pillar Rule:
    None

Number of times islegalLocAvaiable called = 2358 skipped = 0, called in commitmove = 825, skipped in commitmove = 0
End: Core Area Reclaim Optimization (cpu = 0:00:13.2) (real = 0:00:03.0) **
*** AreaOpt #2 [finish] (WnsOpt #1 / place_opt_design #1) : cpu/real = 0:00:13.2/0:00:03.5 (3.8), totSession cpu/real = 5:31:24.9/0:38:18.0 (8.7), mem = 10495.8M
End: Area Reclaim Optimization (cpu=0:00:13, real=0:00:03, mem=10097.80M, totSessionCpu=5:31:25).
*** Starting refinePlace (5:31:26 mem=10094.8M) ***
Total net bbox length = 7.010e+06 (3.423e+06 3.587e+06) (ext = 8.527e+04)
**WARN: (IMPSP-5140):	Global net connect rules have not been created. Added  insts would have no supply connectivity, and would fail DRC.
Type 'man IMPSP-5140' for more detail.
**WARN: (IMPSP-315):	Found 134723 instances insts with no PG Term connections.
Type 'man IMPSP-315' for more detail.

Starting Small incrNP...

Move report: incrNP moves 241824 insts, mean move: 23.28 um, max move: 440.22 um 
	Max move on inst (mem_ctrl/FE_RC_1440_0): (653.95, 371.20) --> (268.54, 426.01)
Finished incrNP (cpu=0:02:27, real=0:00:10.0, mem=10504.3M)
End of Small incrNP (cpu=0:02:27, real=0:00:10.0)
Move report: Detail placement moves 201860 insts, mean move: 2.62 um, max move: 122.67 um 
	Max move on inst (decrypt_inst_loop[7].dr_s_sub_Bytes[120].s/g22081): (410.35, 1563.97) --> (475.60, 1506.55)
	Runtime: CPU: 0:00:02.1 REAL: 0:00:02.0 MEM: 10504.3MB
Summary Report:
Instances move: 250832 (out of 284407 movable)
Instances flipped: 415
Mean displacement: 23.29 um
Max displacement: 437.90 um (Instance: mem_ctrl/FE_RC_1440_0) (653.95, 371.2) -> (268.25, 423.4)
	Length: 3 sites, height: 1 rows, site name: gsclib090site, cell type: CLKINVX1
Total net bbox length = 7.107e+06 (3.663e+06 3.445e+06) (ext = 9.562e+04)
Runtime: CPU: 0:02:29 REAL: 0:00:12.0 MEM: 10504.3MB
*** Finished refinePlace (5:33:55 mem=10504.3M) ***
*** maximum move = 437.90 um ***
*** Finished re-routing un-routed nets (10134.3M) ***

*** Finish Physical Update (cpu=0:08:33 real=0:00:37.0 mem=10148.3M) ***
** GigaOpt Optimizer WNS Slack -20.226 TNS Slack -660772.794 Density 86.80
OptDebug: Start of Optimizer WNS Pass 1:
+----------+-------+-----------+
|Path Group|    WNS|        TNS|
+----------+-------+-----------+
|default   |-20.226|-660772.794|
|reg2reg   |  0.763|      0.000|
|HEPG      |  0.763|      0.000|
|All Paths |-20.226|-660772.794|
+----------+-------+-----------+

Active Path Group: default 
+--------+---------+-----------+-----------+---------+------------+--------+----------+---------+------------------------------+
|  WNS   | All WNS |    TNS    |  All TNS  | Density |    Real    |  Mem   |Worst View|Pathgroup|          End Point           |
+--------+---------+-----------+-----------+---------+------------+--------+----------+---------+------------------------------+
| -20.226|  -20.226|-660772.794|-660772.794|   86.80%|   0:00:00.0|10148.3M|      best|  default| mem_ctrl/mem_reg[2589][2]/SE |
| -20.154|  -20.154|-658429.312|-658429.312|   86.80%|   0:00:05.0|10148.3M|      best|  default| mem_ctrl/mem_reg[2589][2]/SE |
| -20.021|  -20.021|-654070.125|-654070.125|   86.80%|   0:00:00.0|10148.3M|      best|  default| mem_ctrl/mem_reg[2589][2]/SE |
| -19.953|  -19.953|-651841.312|-651841.312|   86.80%|   0:00:00.0|10148.3M|      best|  default| mem_ctrl/mem_reg[2589][2]/SE |
| -19.907|  -19.907|-650333.562|-650333.562|   86.80%|   0:00:01.0|10148.3M|      best|  default| mem_ctrl/mem_reg[2589][2]/SE |
| -19.875|  -19.875|-649265.062|-649265.062|   86.80%|   0:00:00.0|10148.3M|      best|  default| mem_ctrl/mem_reg[2589][2]/SE |
| -19.850|  -19.850|-648445.750|-648445.750|   86.81%|   0:00:01.0|10148.3M|      best|  default| mem_ctrl/mem_reg[2589][2]/SE |
| -19.837|  -19.837|-648036.000|-648036.000|   86.81%|   0:00:00.0|10148.3M|      best|  default| mem_ctrl/mem_reg[2589][2]/SE |
| -19.822|  -19.822|-647578.500|-647578.500|   86.81%|   0:00:00.0|10148.3M|      best|  default| mem_ctrl/mem_reg[2850][3]/SE |
| -19.811|  -19.811|-647260.312|-647260.312|   86.81%|   0:00:01.0|10167.3M|      best|  default| mem_ctrl/mem_reg[110][0]/SE  |
| -19.796|  -19.796|-646768.688|-646768.688|   86.81%|   0:00:00.0|10167.3M|      best|  default| mem_ctrl/mem_reg[110][0]/SE  |
| -19.780|  -19.780|-646244.250|-646244.250|   86.81%|   0:00:01.0|10167.3M|      best|  default| mem_ctrl/mem_reg[110][0]/SE  |
| -19.768|  -19.768|-645841.125|-645841.125|   86.81%|   0:00:00.0|10167.3M|      best|  default| mem_ctrl/mem_reg[110][0]/SE  |
| -19.760|  -19.760|-645585.438|-645585.438|   86.81%|   0:00:01.0|10167.3M|      best|  default| mem_ctrl/mem_reg[110][0]/SE  |
| -19.737|  -19.737|-644825.062|-644825.062|   86.81%|   0:00:00.0|10167.3M|      best|  default| mem_ctrl/mem_reg[110][0]/SE  |
| -19.719|  -19.719|-644235.062|-644235.062|   86.81%|   0:00:00.0|10167.3M|      best|  default| mem_ctrl/mem_reg[110][0]/SE  |
| -19.707|  -19.707|-643814.062|-643814.062|   86.81%|   0:00:01.0|10167.3M|      best|  default| mem_ctrl/mem_reg[110][0]/SE  |
| -19.684|  -19.684|-643079.938|-643079.938|   86.81%|   0:00:00.0|10167.3M|      best|  default| mem_ctrl/mem_reg[110][0]/SE  |
| -19.671|  -19.671|-642663.688|-642663.688|   86.81%|   0:00:01.0|10167.3M|      best|  default| mem_ctrl/mem_reg[110][0]/SE  |
| -19.664|  -19.664|-642427.750|-642427.750|   86.81%|   0:00:00.0|10167.3M|      best|  default| mem_ctrl/mem_reg[110][0]/SE  |
| -19.658|  -19.658|-642217.875|-642217.875|   86.81%|   0:00:01.0|10167.3M|      best|  default| mem_ctrl/mem_reg[110][0]/SE  |
| -19.644|  -19.644|-641755.750|-641755.750|   86.82%|   0:00:00.0|10167.3M|      best|  default| mem_ctrl/mem_reg[110][0]/SE  |
| -19.626|  -19.626|-641172.312|-641172.312|   86.82%|   0:00:00.0|10167.3M|      best|  default| mem_ctrl/mem_reg[110][0]/SE  |
| -19.612|  -19.612|-640726.625|-640726.625|   86.82%|   0:00:01.0|10167.3M|      best|  default| mem_ctrl/mem_reg[110][0]/SE  |
| -19.586|  -19.586|-639864.562|-639864.562|   86.82%|   0:00:00.0|10167.3M|      best|  default| mem_ctrl/mem_reg[110][0]/SE  |
| -19.579|  -19.579|-639638.438|-639638.438|   86.82%|   0:00:01.0|10167.3M|      best|  default| mem_ctrl/mem_reg[110][0]/SE  |
| -19.566|  -19.566|-639215.625|-639215.625|   86.82%|   0:00:00.0|10167.3M|      best|  default| mem_ctrl/mem_reg[110][0]/SE  |
| -19.560|  -19.560|-639002.500|-639002.500|   86.82%|   0:00:00.0|10167.3M|      best|  default| mem_ctrl/mem_reg[110][0]/SE  |
| -19.554|  -19.554|-638818.938|-638818.938|   86.82%|   0:00:01.0|10167.3M|      best|  default| mem_ctrl/mem_reg[110][0]/SE  |
| -19.547|  -19.547|-638576.438|-638576.438|   86.82%|   0:00:00.0|10167.3M|      best|  default| mem_ctrl/mem_reg[110][0]/SE  |
| -19.538|  -19.538|-638284.750|-638284.750|   86.82%|   0:00:01.0|10167.3M|      best|  default| mem_ctrl/mem_reg[110][0]/SE  |
| -19.529|  -19.529|-637989.750|-637989.750|   86.83%|   0:00:00.0|10167.3M|      best|  default| mem_ctrl/mem_reg[110][0]/SE  |
| -19.507|  -19.507|-637288.375|-637288.375|   86.83%|   0:00:01.0|10167.3M|      best|  default| mem_ctrl/mem_reg[110][0]/SE  |
| -19.488|  -19.488|-636659.062|-636659.062|   86.83%|   0:00:00.0|10167.3M|      best|  default| mem_ctrl/mem_reg[110][0]/SE  |
| -19.475|  -19.475|-636229.625|-636229.625|   86.83%|   0:00:01.0|10167.3M|      best|  default| mem_ctrl/mem_reg[110][0]/SE  |
| -19.464|  -19.464|-635875.688|-635875.688|   86.83%|   0:00:00.0|10167.3M|      best|  default| mem_ctrl/mem_reg[110][0]/SE  |
| -19.445|  -19.445|-635252.375|-635252.375|   86.84%|   0:00:01.0|10167.3M|      best|  default| mem_ctrl/mem_reg[110][0]/SE  |
| -19.434|  -19.434|-634868.938|-634868.938|   86.84%|   0:00:00.0|10167.3M|      best|  default| mem_ctrl/mem_reg[110][0]/SE  |
| -19.419|  -19.419|-634400.188|-634400.188|   86.84%|   0:00:01.0|10167.3M|      best|  default| mem_ctrl/mem_reg[110][0]/SE  |
| -19.413|  -19.413|-634197.000|-634197.000|   86.84%|   0:00:00.0|10167.3M|      best|  default| mem_ctrl/mem_reg[110][0]/SE  |
| -19.402|  -19.402|-633842.500|-633842.500|   86.84%|   0:00:00.0|10167.3M|      best|  default| mem_ctrl/mem_reg[110][0]/SE  |
| -19.392|  -19.392|-633491.812|-633491.812|   86.84%|   0:00:01.0|10167.3M|      best|  default| mem_ctrl/mem_reg[110][0]/SE  |
| -19.382|  -19.382|-633180.438|-633180.438|   86.85%|   0:00:00.0|10167.3M|      best|  default| mem_ctrl/mem_reg[110][0]/SE  |
| -19.376|  -19.376|-632980.000|-632980.000|   86.85%|   0:00:01.0|10167.3M|      best|  default| mem_ctrl/mem_reg[110][0]/SE  |
| -19.360|  -19.360|-632465.000|-632465.000|   86.85%|   0:00:00.0|10167.3M|      best|  default| mem_ctrl/mem_reg[110][0]/SE  |
| -19.352|  -19.352|-632196.062|-632196.062|   86.85%|   0:00:01.0|10167.3M|      best|  default| mem_ctrl/mem_reg[110][0]/SE  |
| -19.343|  -19.343|-631878.125|-631878.125|   86.86%|   0:00:00.0|10167.3M|      best|  default| mem_ctrl/mem_reg[110][0]/SE  |
| -19.337|  -19.337|-631697.875|-631697.875|   86.86%|   0:00:01.0|10167.3M|      best|  default| mem_ctrl/mem_reg[110][0]/SE  |
| -19.326|  -19.326|-631353.688|-631353.688|   86.86%|   0:00:00.0|10167.3M|      best|  default| mem_ctrl/mem_reg[110][0]/SE  |
| -19.319|  -19.319|-631121.062|-631121.062|   86.86%|   0:00:01.0|10167.3M|      best|  default| mem_ctrl/mem_reg[110][0]/SE  |
| -19.313|  -19.313|-630917.812|-630917.812|   86.87%|   0:00:00.0|10167.3M|      best|  default| mem_ctrl/mem_reg[110][0]/SE  |
| -19.307|  -19.307|-630704.812|-630704.812|   86.87%|   0:00:01.0|10167.3M|      best|  default| mem_ctrl/mem_reg[110][0]/SE  |
| -19.297|  -19.297|-630383.562|-630383.562|   86.87%|   0:00:00.0|10167.3M|      best|  default| mem_ctrl/mem_reg[110][0]/SE  |
| -19.288|  -19.288|-630085.375|-630085.375|   86.88%|   0:00:01.0|10167.3M|      best|  default| mem_ctrl/mem_reg[110][0]/SE  |
| -19.281|  -19.281|-629878.938|-629878.938|   86.88%|   0:00:00.0|10167.3M|      best|  default| mem_ctrl/mem_reg[110][0]/SE  |
| -19.272|  -19.272|-629577.375|-629577.375|   86.88%|   0:00:01.0|10167.3M|      best|  default| mem_ctrl/mem_reg[110][0]/SE  |
| -19.265|  -19.265|-629325.062|-629325.062|   86.89%|   0:00:00.0|10167.3M|      best|  default| mem_ctrl/mem_reg[110][0]/SE  |
| -19.259|  -19.259|-629154.625|-629154.625|   86.89%|   0:00:01.0|10167.3M|      best|  default| mem_ctrl/mem_reg[110][0]/SE  |
| -19.250|  -19.250|-628833.375|-628833.375|   86.89%|   0:00:00.0|10167.3M|      best|  default| mem_ctrl/mem_reg[110][0]/SE  |
| -19.243|  -19.243|-628610.500|-628610.500|   86.89%|   0:00:01.0|10167.3M|      best|  default| mem_ctrl/mem_reg[110][0]/SE  |
| -19.236|  -19.236|-628387.562|-628387.562|   86.89%|   0:00:00.0|10167.3M|      best|  default| mem_ctrl/mem_reg[110][0]/SE  |
| -19.228|  -19.228|-628128.688|-628128.688|   86.90%|   0:00:01.0|10167.3M|      best|  default| mem_ctrl/mem_reg[110][0]/SE  |
| -19.221|  -19.221|-627905.812|-627905.812|   86.90%|   0:00:00.0|10167.3M|      best|  default| mem_ctrl/mem_reg[110][0]/SE  |
| -19.215|  -19.215|-627696.000|-627696.000|   86.90%|   0:00:01.0|10167.3M|      best|  default| mem_ctrl/mem_reg[110][0]/SE  |
| -19.207|  -19.207|-627433.812|-627433.812|   86.91%|   0:00:00.0|10167.3M|      best|  default| mem_ctrl/mem_reg[110][0]/SE  |
| -19.200|  -19.200|-627201.125|-627201.125|   86.91%|   0:00:00.0|10167.3M|      best|  default| mem_ctrl/mem_reg[110][0]/SE  |
| -19.189|  -19.189|-626840.562|-626840.562|   86.91%|   0:00:01.0|10167.3M|      best|  default| mem_ctrl/mem_reg[110][0]/SE  |
| -19.181|  -19.181|-626591.562|-626591.562|   86.92%|   0:00:01.0|10167.3M|      best|  default| mem_ctrl/mem_reg[110][0]/SE  |
| -19.170|  -19.170|-626221.125|-626221.125|   86.92%|   0:00:00.0|10167.3M|      best|  default| mem_ctrl/mem_reg[110][0]/SE  |
| -19.161|  -19.161|-625926.125|-625926.125|   86.92%|   0:00:01.0|10167.3M|      best|  default| mem_ctrl/mem_reg[110][0]/SE  |
| -19.159|  -19.159|-625870.375|-625870.375|   86.93%|   0:00:00.0|10167.3M|      best|  default| mem_ctrl/mem_reg[110][0]/SE  |
| -19.151|  -19.151|-625614.812|-625614.812|   86.93%|   0:00:01.0|10167.3M|      best|  default| mem_ctrl/mem_reg[110][0]/SE  |
| -19.145|  -19.145|-625405.000|-625405.000|   86.93%|   0:00:00.0|10167.3M|      best|  default| mem_ctrl/mem_reg[110][0]/SE  |
| -19.137|  -19.137|-625139.500|-625139.500|   86.94%|   0:00:01.0|10167.3M|      best|  default| mem_ctrl/mem_reg[110][0]/SE  |
| -19.124|  -19.124|-624723.250|-624723.250|   86.94%|   0:00:00.0|10167.3M|      best|  default| mem_ctrl/mem_reg[110][0]/SE  |
| -19.115|  -19.115|-624438.000|-624438.000|   86.95%|   0:00:01.0|10167.3M|      best|  default| mem_ctrl/mem_reg[110][0]/SE  |
| -19.107|  -19.107|-624159.438|-624159.438|   86.95%|   0:00:01.0|10167.3M|      best|  default| mem_ctrl/mem_reg[110][0]/SE  |
| -19.095|  -19.095|-623772.688|-623772.688|   86.96%|   0:00:00.0|10167.3M|      best|  default| mem_ctrl/mem_reg[110][0]/SE  |
| -19.088|  -19.088|-623546.500|-623546.500|   86.96%|   0:00:01.0|10167.3M|      best|  default| mem_ctrl/mem_reg[110][0]/SE  |
| -19.081|  -19.081|-623303.938|-623303.938|   86.96%|   0:00:00.0|10167.3M|      best|  default| mem_ctrl/mem_reg[110][0]/SE  |
| -19.072|  -19.072|-623002.438|-623002.438|   86.97%|   0:00:01.0|10167.3M|      best|  default| mem_ctrl/mem_reg[110][0]/SE  |
| -19.036|  -19.036|-621835.688|-621835.688|   86.98%|   0:00:00.0|10167.3M|      best|  default| mem_ctrl/mem_reg[110][0]/SE  |
| -19.029|  -19.029|-621616.062|-621616.062|   86.98%|   0:00:01.0|10167.3M|      best|  default| mem_ctrl/mem_reg[110][0]/SE  |
| -19.018|  -19.018|-621259.125|-621259.125|   86.98%|   0:00:00.0|10167.3M|      best|  default| mem_ctrl/mem_reg[110][0]/SE  |
| -19.010|  -19.010|-620967.062|-620967.062|   86.98%|   0:00:01.0|10167.3M|      best|  default| mem_ctrl/mem_reg[110][0]/SE  |
| -19.003|  -19.003|-620750.875|-620750.875|   86.98%|   0:00:01.0|10167.3M|      best|  default| mem_ctrl/mem_reg[110][0]/SE  |
| -19.002|  -19.002|-620704.875|-620704.875|   86.98%|   0:00:00.0|10167.3M|      best|  default| mem_ctrl/mem_reg[110][0]/SE  |
| -18.995|  -18.995|-620491.812|-620491.812|   86.99%|   0:00:00.0|10167.3M|      best|  default| mem_ctrl/mem_reg[110][0]/SE  |
| -18.989|  -18.989|-620282.062|-620282.062|   86.99%|   0:00:01.0|10167.3M|      best|  default| mem_ctrl/mem_reg[110][0]/SE  |
| -18.979|  -18.979|-619960.938|-619960.938|   87.00%|   0:00:00.0|10167.3M|      best|  default| mem_ctrl/mem_reg[110][0]/SE  |
| -18.976|  -18.976|-619865.812|-619865.812|   87.00%|   0:00:01.0|10167.3M|      best|  default| mem_ctrl/mem_reg[110][0]/SE  |
| -18.969|  -18.969|-619633.125|-619633.125|   87.00%|   0:00:00.0|10167.3M|      best|  default| mem_ctrl/mem_reg[110][0]/SE  |
| -18.961|  -18.961|-619370.875|-619370.875|   87.01%|   0:00:01.0|10167.3M|      best|  default| mem_ctrl/mem_reg[110][0]/SE  |
| -18.954|  -18.954|-619138.188|-619138.188|   87.01%|   0:00:00.0|10167.3M|      best|  default| mem_ctrl/mem_reg[110][0]/SE  |
| -18.948|  -18.948|-618935.000|-618935.000|   87.01%|   0:00:01.0|10167.3M|      best|  default| mem_ctrl/mem_reg[110][0]/SE  |
| -18.941|  -18.941|-618725.250|-618725.250|   87.02%|   0:00:00.0|10167.3M|      best|  default| mem_ctrl/mem_reg[110][0]/SE  |
| -18.935|  -18.935|-618518.812|-618518.812|   87.02%|   0:00:01.0|10167.3M|      best|  default| mem_ctrl/mem_reg[110][0]/SE  |
| -18.922|  -18.922|-618095.875|-618095.875|   87.03%|   0:00:00.0|10167.3M|      best|  default| mem_ctrl/mem_reg[110][0]/SE  |
| -18.915|  -18.915|-617879.562|-617879.562|   87.03%|   0:00:01.0|10167.3M|      best|  default| mem_ctrl/mem_reg[110][0]/SE  |
| -18.904|  -18.904|-617512.688|-617512.688|   87.04%|   0:00:01.0|10167.3M|      best|  default| mem_ctrl/mem_reg[110][0]/SE  |
| -18.892|  -18.892|-617129.125|-617129.125|   87.05%|   0:00:00.0|10167.3M|      best|  default| mem_ctrl/mem_reg[110][0]/SE  |
| -18.884|  -18.884|-616844.000|-616844.000|   87.05%|   0:00:01.0|10167.3M|      best|  default| mem_ctrl/mem_reg[110][0]/SE  |
| -18.877|  -18.877|-616617.938|-616617.938|   87.06%|   0:00:00.0|10167.3M|      best|  default| mem_ctrl/mem_reg[110][0]/SE  |
| -18.866|  -18.866|-616263.875|-616263.875|   87.06%|   0:00:01.0|10167.3M|      best|  default| mem_ctrl/mem_reg[110][0]/SE  |
| -18.858|  -18.858|-615985.312|-615985.312|   87.06%|   0:00:00.0|10167.3M|      best|  default| mem_ctrl/mem_reg[110][0]/SE  |
| -18.844|  -18.844|-615526.312|-615526.312|   87.06%|   0:00:01.0|10167.3M|      best|  default| mem_ctrl/mem_reg[110][0]/SE  |
| -18.831|  -18.831|-615126.562|-615126.562|   87.08%|   0:00:01.0|10167.3M|      best|  default| mem_ctrl/mem_reg[110][0]/SE  |
| -18.820|  -18.820|-614765.938|-614765.938|   87.09%|   0:00:00.0|10167.3M|      best|  default| mem_ctrl/mem_reg[110][0]/SE  |
| -18.813|  -18.813|-614513.625|-614513.625|   87.09%|   0:00:01.0|10167.3M|      best|  default| mem_ctrl/mem_reg[110][0]/SE  |
| -18.805|  -18.805|-614244.938|-614244.938|   87.10%|   0:00:01.0|10167.3M|      best|  default| mem_ctrl/mem_reg[110][0]/SE  |
| -18.797|  -18.797|-614005.625|-614005.625|   87.10%|   0:00:00.0|10167.3M|      best|  default| mem_ctrl/mem_reg[110][0]/SE  |
| -18.788|  -18.788|-613690.812|-613690.812|   87.11%|   0:00:01.0|10167.3M|      best|  default| mem_ctrl/mem_reg[110][0]/SE  |
| -18.779|  -18.779|-613422.062|-613422.062|   87.11%|   0:00:01.0|10167.3M|      best|  default| mem_ctrl/mem_reg[110][0]/SE  |
| -18.774|  -18.774|-613228.812|-613228.812|   87.11%|   0:00:00.0|10167.3M|      best|  default| mem_ctrl/mem_reg[110][0]/SE  |
| -18.767|  -18.767|-612999.312|-612999.312|   87.12%|   0:00:01.0|10167.3M|      best|  default| mem_ctrl/mem_reg[110][0]/SE  |
| -18.758|  -18.758|-612730.562|-612730.562|   87.12%|   0:00:00.0|10167.3M|      best|  default| mem_ctrl/mem_reg[110][0]/SE  |
| -18.750|  -18.750|-612442.188|-612442.188|   87.12%|   0:00:01.0|10167.3M|      best|  default| mem_ctrl/mem_reg[110][0]/SE  |
| -18.739|  -18.739|-612111.000|-612111.000|   87.13%|   0:00:00.0|10167.3M|      best|  default| mem_ctrl/mem_reg[110][0]/SE  |
| -18.731|  -18.731|-611822.562|-611822.562|   87.13%|   0:00:01.0|10167.3M|      best|  default| mem_ctrl/mem_reg[110][0]/SE  |
| -18.722|  -18.722|-611540.875|-611540.875|   87.14%|   0:00:01.0|10167.3M|      best|  default| mem_ctrl/mem_reg[110][0]/SE  |
| -18.715|  -18.715|-611321.250|-611321.250|   87.14%|   0:00:00.0|10167.3M|      best|  default| mem_ctrl/mem_reg[110][0]/SE  |
| -18.707|  -18.707|-611055.875|-611055.875|   87.14%|   0:00:01.0|10167.3M|      best|  default| mem_ctrl/mem_reg[110][0]/SE  |
| -18.700|  -18.700|-610813.625|-610813.625|   87.15%|   0:00:00.0|10167.3M|      best|  default| mem_ctrl/mem_reg[110][0]/SE  |
| -18.698|  -18.698|-610767.750|-610767.750|   87.16%|   0:00:01.0|10167.3M|      best|  default| mem_ctrl/mem_reg[110][0]/SE  |
| -18.692|  -18.692|-610561.312|-610561.312|   87.16%|   0:00:01.0|10167.3M|      best|  default| mem_ctrl/mem_reg[110][0]/SE  |
| -18.683|  -18.683|-610259.812|-610259.812|   87.16%|   0:00:00.0|10167.3M|      best|  default| mem_ctrl/mem_reg[110][0]/SE  |
| -18.678|  -18.678|-610115.562|-610115.562|   87.17%|   0:00:01.0|10167.3M|      best|  default| mem_ctrl/mem_reg[110][0]/SE  |
| -18.671|  -18.671|-609873.000|-609873.000|   87.17%|   0:00:00.0|10167.3M|      best|  default| mem_ctrl/mem_reg[110][0]/SE  |
| -18.662|  -18.662|-609584.500|-609584.500|   87.18%|   0:00:01.0|10167.3M|      best|  default| mem_ctrl/mem_reg[110][0]/SE  |
| -18.657|  -18.657|-609423.875|-609423.875|   87.18%|   0:00:01.0|10167.3M|      best|  default| mem_ctrl/mem_reg[110][0]/SE  |
| -18.651|  -18.651|-609210.938|-609210.938|   87.18%|   0:00:00.0|10167.3M|      best|  default| mem_ctrl/mem_reg[110][0]/SE  |
| -18.646|  -18.646|-609037.188|-609037.188|   87.19%|   0:00:01.0|10167.3M|      best|  default| mem_ctrl/mem_reg[110][0]/SE  |
| -18.635|  -18.635|-608706.125|-608706.125|   87.19%|   0:00:00.0|10167.3M|      best|  default| mem_ctrl/mem_reg[110][0]/SE  |
| -18.630|  -18.630|-608516.062|-608516.062|   87.20%|   0:00:01.0|10167.3M|      best|  default| mem_ctrl/mem_reg[110][0]/SE  |
| -18.622|  -18.622|-608276.875|-608276.875|   87.20%|   0:00:01.0|10167.3M|      best|  default| mem_ctrl/mem_reg[110][0]/SE  |
| -18.612|  -18.612|-607933.000|-607933.000|   87.21%|   0:00:00.0|10167.3M|      best|  default| mem_ctrl/mem_reg[110][0]/SE  |
| -18.603|  -18.603|-607644.188|-607644.188|   87.22%|   0:00:01.0|10167.3M|      best|  default| mem_ctrl/mem_reg[110][0]/SE  |
| -18.592|  -18.592|-607286.625|-607286.625|   87.22%|   0:00:01.0|10167.3M|      best|  default| mem_ctrl/mem_reg[110][0]/SE  |
| -18.585|  -18.585|-607037.562|-607037.562|   87.23%|   0:00:00.0|10167.3M|      best|  default| mem_ctrl/mem_reg[110][0]/SE  |
| -18.581|  -18.581|-606912.812|-606912.812|   87.24%|   0:00:01.0|10167.3M|      best|  default| mem_ctrl/mem_reg[110][0]/SE  |
| -18.576|  -18.576|-606739.125|-606739.125|   87.24%|   0:00:01.0|10167.3M|      best|  default| mem_ctrl/mem_reg[110][0]/SE  |
| -18.573|  -18.573|-606657.125|-606657.125|   87.25%|   0:00:00.0|10167.3M|      best|  default| mem_ctrl/mem_reg[110][0]/SE  |
| -18.564|  -18.564|-606352.562|-606352.562|   87.25%|   0:00:01.0|10167.3M|      best|  default| mem_ctrl/mem_reg[110][0]/SE  |
| -18.557|  -18.557|-606126.562|-606126.562|   87.25%|   0:00:00.0|10167.3M|      best|  default| mem_ctrl/mem_reg[110][0]/SE  |
| -18.549|  -18.549|-605871.000|-605871.000|   87.26%|   0:00:01.0|10167.3M|      best|  default| mem_ctrl/mem_reg[110][0]/SE  |
| -18.534|  -18.534|-605383.062|-605383.062|   87.26%|   0:00:01.0|10167.3M|      best|  default| mem_ctrl/mem_reg[110][0]/SE  |
| -18.533|  -18.533|-605353.312|-605353.312|   87.27%|   0:00:00.0|10167.3M|      best|  default| mem_ctrl/mem_reg[110][0]/SE  |
| -18.533|  -18.533|-605347.125|-605347.125|   87.27%|   0:00:01.0|10167.3M|      best|  default| mem_ctrl/mem_reg[110][0]/SE  |
| -18.525|  -18.525|-605088.875|-605088.875|   87.27%|   0:00:00.0|10167.3M|      best|  default| mem_ctrl/mem_reg[110][0]/SE  |
| -18.521|  -18.521|-604939.750|-604939.750|   87.28%|   0:00:01.0|10167.3M|      best|  default| mem_ctrl/mem_reg[110][0]/SE  |
| -18.512|  -18.512|-604661.500|-604661.500|   87.28%|   0:00:00.0|10167.3M|      best|  default| mem_ctrl/mem_reg[110][0]/SE  |
| -18.503|  -18.503|-604372.812|-604372.812|   87.29%|   0:00:01.0|10167.3M|      best|  default| mem_ctrl/mem_reg[110][0]/SE  |
| -18.500|  -18.500|-604248.312|-604248.312|   87.29%|   0:00:01.0|10167.3M|      best|  default| mem_ctrl/mem_reg[110][0]/SE  |
| -18.496|  -18.496|-604117.062|-604117.062|   87.29%|   0:00:00.0|10167.3M|      best|  default| mem_ctrl/mem_reg[110][0]/SE  |
| -18.485|  -18.485|-603769.562|-603769.562|   87.30%|   0:00:01.0|10167.3M|      best|  default| mem_ctrl/mem_reg[110][0]/SE  |
| -18.476|  -18.476|-603494.375|-603494.375|   87.31%|   0:00:01.0|10167.3M|      best|  default| mem_ctrl/mem_reg[110][0]/SE  |
| -18.468|  -18.468|-603229.125|-603229.125|   87.31%|   0:00:00.0|10167.3M|      best|  default| mem_ctrl/mem_reg[110][0]/SE  |
| -18.466|  -18.466|-603153.375|-603153.375|   87.33%|   0:00:01.0|10167.3M|      best|  default| mem_ctrl/mem_reg[110][0]/SE  |
| -18.462|  -18.462|-603012.562|-603012.562|   87.33%|   0:00:01.0|10167.3M|      best|  default| mem_ctrl/mem_reg[110][0]/SE  |
| -18.456|  -18.456|-602809.562|-602809.562|   87.33%|   0:00:00.0|10167.3M|      best|  default| mem_ctrl/mem_reg[110][0]/SE  |
| -18.449|  -18.449|-602583.562|-602583.562|   87.34%|   0:00:01.0|10167.3M|      best|  default| mem_ctrl/mem_reg[110][0]/SE  |
| -18.447|  -18.447|-602511.375|-602511.375|   87.34%|   0:00:00.0|10167.3M|      best|  default| mem_ctrl/mem_reg[110][0]/SE  |
| -18.439|  -18.439|-602268.938|-602268.938|   87.34%|   0:00:01.0|10167.3M|      best|  default| mem_ctrl/mem_reg[110][0]/SE  |
| -18.434|  -18.434|-602095.562|-602095.562|   87.35%|   0:00:01.0|10167.3M|      best|  default| mem_ctrl/mem_reg[110][0]/SE  |
| -18.429|  -18.429|-601928.812|-601928.812|   87.36%|   0:00:00.0|10167.3M|      best|  default| mem_ctrl/mem_reg[110][0]/SE  |
| -18.424|  -18.424|-601783.625|-601783.625|   87.37%|   0:00:01.0|10167.3M|      best|  default| mem_ctrl/mem_reg[110][0]/SE  |
| -18.419|  -18.419|-601603.438|-601603.438|   87.37%|   0:00:00.0|10167.3M|      best|  default| mem_ctrl/mem_reg[110][0]/SE  |
| -18.417|  -18.417|-601534.250|-601534.250|   87.38%|   0:00:01.0|10167.3M|      best|  default| mem_ctrl/mem_reg[110][0]/SE  |
| -18.410|  -18.410|-601331.250|-601331.250|   87.38%|   0:00:00.0|10167.3M|      best|  default| mem_ctrl/mem_reg[110][0]/SE  |
| -18.404|  -18.404|-601115.000|-601115.000|   87.40%|   0:00:01.0|10167.3M|      best|  default| mem_ctrl/mem_reg[110][0]/SE  |
| -18.396|  -18.396|-600859.312|-600859.312|   87.40%|   0:00:01.0|10167.3M|      best|  default| mem_ctrl/mem_reg[110][0]/SE  |
| -18.386|  -18.386|-600636.938|-600636.938|   87.41%|   0:00:01.0|10167.3M|      best|  default| mem_ctrl/mem_reg[126][1]/SE  |
| -18.382|  -18.382|-600471.562|-600471.562|   87.42%|   0:00:00.0|10167.3M|      best|  default| mem_ctrl/mem_reg[126][1]/SE  |
| -18.381|  -18.381|-600442.062|-600442.062|   87.42%|   0:00:01.0|10167.3M|      best|  default| mem_ctrl/mem_reg[126][1]/SE  |
| -18.374|  -18.374|-600235.562|-600235.562|   87.42%|   0:00:00.0|10167.3M|      best|  default| mem_ctrl/mem_reg[126][1]/SE  |
| -18.373|  -18.373|-600196.375|-600196.375|   87.44%|   0:00:01.0|10167.3M|      best|  default| mem_ctrl/mem_reg[126][1]/SE  |
| -18.370|  -18.370|-600084.812|-600084.812|   87.44%|   0:00:00.0|10167.3M|      best|  default| mem_ctrl/mem_reg[126][1]/SE  |
| -18.363|  -18.363|-599861.938|-599861.938|   87.44%|   0:00:01.0|10167.3M|      best|  default| mem_ctrl/mem_reg[126][1]/SE  |
| -18.357|  -18.357|-599681.750|-599681.750|   87.45%|   0:00:01.0|10167.3M|      best|  default| mem_ctrl/mem_reg[126][1]/SE  |
| -18.351|  -18.351|-599488.312|-599488.312|   87.46%|   0:00:00.0|10167.3M|      best|  default| mem_ctrl/mem_reg[126][1]/SE  |
| -18.345|  -18.345|-599262.312|-599262.312|   87.47%|   0:00:01.0|10205.5M|      best|  default| mem_ctrl/mem_reg[126][1]/SE  |
| -18.339|  -18.339|-599078.875|-599078.875|   87.47%|   0:00:01.0|10205.5M|      best|  default| mem_ctrl/mem_reg[126][1]/SE  |
| -18.333|  -18.333|-598885.812|-598885.812|   87.48%|   0:00:00.0|10205.5M|      best|  default| mem_ctrl/mem_reg[126][1]/SE  |
| -18.328|  -18.328|-598728.188|-598728.188|   87.49%|   0:00:01.0|10205.5M|      best|  default| mem_ctrl/mem_reg[126][1]/SE  |
| -18.324|  -18.324|-598577.500|-598577.500|   87.49%|   0:00:01.0|10205.5M|      best|  default| mem_ctrl/mem_reg[126][1]/SE  |
| -18.321|  -18.321|-598502.375|-598502.375|   87.50%|   0:00:00.0|10205.5M|      best|  default| mem_ctrl/mem_reg[126][1]/SE  |
| -18.315|  -18.315|-598292.500|-598292.500|   87.50%|   0:00:01.0|10205.5M|      best|  default| mem_ctrl/mem_reg[126][1]/SE  |
| -18.312|  -18.312|-598210.562|-598210.562|   87.51%|   0:00:01.0|10205.5M|      best|  default| mem_ctrl/mem_reg[126][1]/SE  |
| -18.305|  -18.305|-597974.688|-597974.688|   87.52%|   0:00:00.0|10205.5M|      best|  default| mem_ctrl/mem_reg[126][1]/SE  |
| -18.299|  -18.299|-597752.000|-597752.000|   87.53%|   0:00:01.0|10205.5M|      best|  default| mem_ctrl/mem_reg[126][1]/SE  |
| -18.294|  -18.294|-597613.750|-597613.750|   87.54%|   0:00:01.0|10205.5M|      best|  default| mem_ctrl/mem_reg[126][1]/SE  |
| -18.289|  -18.289|-597430.250|-597430.250|   87.55%|   0:00:01.0|10205.5M|      best|  default| mem_ctrl/mem_reg[126][1]/SE  |
| -18.283|  -18.283|-597217.875|-597217.875|   87.56%|   0:00:01.0|10205.5M|      best|  default| mem_ctrl/mem_reg[1751][1]/SE |
| -18.275|  -18.275|-597178.125|-597178.125|   87.57%|   0:00:00.0|10205.5M|      best|  default| mem_ctrl/mem_reg[801][0]/SE  |
| -18.274|  -18.274|-597138.688|-597138.688|   87.57%|   0:00:01.0|10205.5M|      best|  default| mem_ctrl/mem_reg[801][0]/SE  |
| -18.272|  -18.272|-597053.500|-597053.500|   87.57%|   0:00:00.0|10205.5M|      best|  default| mem_ctrl/mem_reg[801][0]/SE  |
| -18.267|  -18.267|-596899.438|-596899.438|   87.58%|   0:00:01.0|10205.5M|      best|  default| mem_ctrl/mem_reg[801][0]/SE  |
| -18.260|  -18.260|-596679.750|-596679.750|   87.58%|   0:00:01.0|10205.5M|      best|  default| mem_ctrl/mem_reg[801][0]/SE  |
| -18.254|  -18.254|-596481.750|-596481.750|   87.59%|   0:00:00.0|10205.5M|      best|  default| mem_ctrl/mem_reg[871][0]/SE  |
| -18.252|  -18.252|-596403.875|-596403.875|   87.60%|   0:00:01.0|10205.5M|      best|  default| mem_ctrl/mem_reg[871][0]/SE  |
| -18.246|  -18.246|-596260.625|-596260.625|   87.60%|   0:00:01.0|10205.5M|      best|  default| mem_ctrl/mem_reg[2941][5]/SE |
| -18.240|  -18.240|-596057.375|-596057.375|   87.61%|   0:00:01.0|10205.5M|      best|  default| mem_ctrl/mem_reg[2941][5]/SE |
| -18.235|  -18.235|-595893.000|-595893.000|   87.63%|   0:00:00.0|10224.6M|      best|  default| mem_ctrl/mem_reg[2941][5]/SE |
| -18.226|  -18.226|-595655.750|-595655.750|   87.63%|   0:00:01.0|10224.6M|      best|  default| mem_ctrl/mem_reg[2850][3]/SE |
| -18.221|  -18.221|-595497.000|-595497.000|   87.65%|   0:00:01.0|10224.6M|      best|  default| mem_ctrl/mem_reg[877][0]/SE  |
| -18.216|  -18.216|-595379.000|-595379.000|   87.66%|   0:00:01.0|10224.6M|      best|  default| mem_ctrl/mem_reg[870][0]/SE  |
| -18.210|  -18.210|-595171.125|-595171.125|   87.67%|   0:00:01.0|10365.1M|      best|  default| mem_ctrl/mem_reg[2500][0]/SE |
| -18.204|  -18.204|-595017.375|-595017.375|   87.69%|   0:00:01.0|10365.1M|      best|  default| mem_ctrl/mem_reg[1097][0]/SE |
| -18.198|  -18.198|-594834.125|-594834.125|   87.70%|   0:00:01.0|10365.1M|      best|  default| mem_ctrl/mem_reg[391][2]/SE  |
| -18.190|  -18.190|-594578.688|-594578.688|   87.72%|   0:00:01.0|10365.1M|      best|  default| mem_ctrl/mem_reg[1260][0]/SE |
| -18.183|  -18.183|-594349.188|-594349.188|   87.73%|   0:00:01.0|10365.1M|      best|  default| mem_ctrl/mem_reg[1260][0]/SE |
| -18.179|  -18.179|-594229.688|-594229.688|   87.75%|   0:00:01.0|10365.1M|      best|  default| mem_ctrl/mem_reg[2478][0]/SE |
| -18.172|  -18.172|-594017.500|-594017.500|   87.76%|   0:00:01.0|10365.1M|      best|  default| mem_ctrl/mem_reg[2496][0]/SE |
| -18.169|  -18.169|-593834.438|-593834.438|   87.78%|   0:00:01.0|10365.1M|      best|  default| mem_ctrl/mem_reg[1495][5]/SE |
| -18.164|  -18.164|-593695.375|-593695.375|   87.79%|   0:00:01.0|10365.1M|      best|  default| mem_ctrl/mem_reg[870][0]/SE  |
| -18.162|  -18.162|-593628.688|-593628.688|   87.79%|   0:00:01.0|10365.1M|      best|  default| mem_ctrl/mem_reg[1252][0]/SE |
| -18.151|  -18.151|-593293.438|-593293.438|   87.80%|   0:00:00.0|10365.1M|      best|  default| mem_ctrl/mem_reg[2334][0]/SE |
| -18.146|  -18.146|-593077.000|-593077.000|   87.82%|   0:00:02.0|10365.1M|      best|  default| mem_ctrl/mem_reg[3127][0]/SE |
| -18.140|  -18.140|-592939.500|-592939.500|   87.84%|   0:00:01.0|10365.1M|      best|  default| mem_ctrl/mem_reg[1278][0]/SE |
| -18.135|  -18.135|-592769.938|-592769.938|   87.85%|   0:00:01.0|10365.1M|      best|  default| mem_ctrl/mem_reg[846][0]/SE  |
| -18.128|  -18.128|-592536.438|-592536.438|   87.87%|   0:00:01.0|10365.1M|      best|  default| mem_ctrl/mem_reg[846][0]/SE  |
| -18.124|  -18.124|-592421.750|-592421.750|   87.90%|   0:00:01.0|10365.1M|      best|  default| mem_ctrl/mem_reg[2057][0]/SE |
| -18.118|  -18.118|-592247.062|-592247.062|   87.91%|   0:00:01.0|10365.1M|      best|  default| mem_ctrl/mem_reg[898][0]/SE  |
| -18.114|  -18.114|-592113.375|-592113.375|   87.92%|   0:00:01.0|10363.1M|      best|  default| mem_ctrl/mem_reg[179][0]/SE  |
| -18.112|  -18.112|-591933.562|-591933.562|   87.93%|   0:00:02.0|10363.1M|      best|  default| mem_ctrl/mem_reg[1199][3]/SE |
| -18.112|  -18.112|-591843.750|-591843.750|   87.94%|   0:00:01.0|10363.1M|      best|  default| mem_ctrl/mem_reg[1199][3]/SE |
| -18.106|  -18.106|-591794.625|-591794.625|   87.95%|   0:00:01.0|10363.1M|      best|  default| mem_ctrl/mem_reg[1199][2]/SE |
| -18.105|  -18.105|-591731.125|-591731.125|   87.96%|   0:00:01.0|10363.1M|      best|  default| mem_ctrl/mem_reg[1199][2]/SE |
| -18.102|  -18.102|-591570.938|-591570.938|   87.96%|   0:00:01.0|10363.1M|      best|  default| mem_ctrl/mem_reg[1263][0]/SE |
| -18.096|  -18.096|-591473.375|-591473.375|   87.97%|   0:00:00.0|10363.1M|      best|  default| mem_ctrl/mem_reg[3228][0]/SE |
| -18.090|  -18.090|-591302.250|-591302.250|   87.99%|   0:00:01.0|10363.1M|      best|  default| mem_ctrl/mem_reg[3900][0]/SE |
| -18.085|  -18.085|-591141.688|-591141.688|   88.00%|   0:00:01.0|10363.1M|      best|  default| mem_ctrl/mem_reg[3676][0]/SE |
| -18.080|  -18.080|-590928.188|-590928.188|   88.01%|   0:00:01.0|10363.1M|      best|  default| mem_ctrl/mem_reg[1194][0]/SE |
| -18.073|  -18.073|-590770.562|-590770.562|   88.02%|   0:00:01.0|10363.1M|      best|  default| mem_ctrl/mem_reg[1194][0]/SE |
| -18.066|  -18.066|-590526.188|-590526.188|   88.05%|   0:00:01.0|10363.1M|      best|  default| mem_ctrl/mem_reg[114][1]/SE  |
| -18.059|  -18.059|-590246.250|-590246.250|   88.07%|   0:00:01.0|10363.1M|      best|  default| mem_ctrl/mem_reg[124][1]/SE  |
| -18.055|  -18.055|-590109.000|-590109.000|   88.09%|   0:00:01.0|10363.1M|      best|  default| mem_ctrl/mem_reg[124][1]/SE  |
| -18.051|  -18.051|-589988.750|-589988.750|   88.10%|   0:00:01.0|10363.1M|      best|  default| mem_ctrl/mem_reg[124][1]/SE  |
| -18.045|  -18.045|-589867.125|-589867.125|   88.11%|   0:00:01.0|10363.1M|      best|  default| mem_ctrl/mem_reg[126][1]/SE  |
| -18.039|  -18.039|-589633.750|-589633.750|   88.13%|   0:00:01.0|10363.1M|      best|  default| mem_ctrl/mem_reg[124][1]/SE  |
| -18.031|  -18.031|-589367.688|-589367.688|   88.15%|   0:00:01.0|10363.1M|      best|  default| mem_ctrl/mem_reg[124][1]/SE  |
| -18.026|  -18.026|-589220.625|-589220.625|   88.17%|   0:00:01.0|10363.1M|      best|  default| mem_ctrl/mem_reg[124][1]/SE  |
| -18.022|  -18.022|-589090.438|-589090.438|   88.17%|   0:00:01.0|10363.1M|      best|  default| mem_ctrl/mem_reg[124][1]/SE  |
| -18.019|  -18.019|-588979.500|-588979.500|   88.19%|   0:00:01.0|10363.1M|      best|  default| mem_ctrl/mem_reg[124][1]/SE  |
| -18.013|  -18.013|-588777.500|-588777.500|   88.19%|   0:00:01.0|10363.1M|      best|  default| mem_ctrl/mem_reg[124][1]/SE  |
| -18.006|  -18.006|-588546.125|-588546.125|   88.21%|   0:00:01.0|10363.1M|      best|  default| mem_ctrl/mem_reg[124][1]/SE  |
| -18.004|  -18.004|-588495.750|-588495.750|   88.23%|   0:00:01.0|10363.1M|      best|  default| mem_ctrl/mem_reg[124][1]/SE  |
| -18.000|  -18.000|-588352.438|-588352.438|   88.23%|   0:00:01.0|10363.1M|      best|  default| mem_ctrl/mem_reg[124][1]/SE  |
| -17.995|  -17.995|-588191.062|-588191.062|   88.24%|   0:00:01.0|10363.1M|      best|  default| mem_ctrl/mem_reg[124][1]/SE  |
| -17.993|  -17.993|-588111.250|-588111.250|   88.26%|   0:00:00.0|10363.1M|      best|  default| mem_ctrl/mem_reg[124][1]/SE  |
| -17.989|  -17.989|-588006.812|-588006.812|   88.27%|   0:00:01.0|10363.1M|      best|  default| mem_ctrl/mem_reg[124][1]/SE  |
| -17.983|  -17.983|-587794.250|-587794.250|   88.28%|   0:00:02.0|10363.1M|      best|  default| mem_ctrl/mem_reg[124][1]/SE  |
| -17.976|  -17.976|-587586.062|-587586.062|   88.30%|   0:00:01.0|10363.1M|      best|  default| mem_ctrl/mem_reg[124][1]/SE  |
| -17.971|  -17.971|-587405.938|-587405.938|   88.32%|   0:00:01.0|10363.1M|      best|  default| mem_ctrl/mem_reg[124][1]/SE  |
| -17.964|  -17.964|-587174.938|-587174.938|   88.35%|   0:00:01.0|10363.1M|      best|  default| mem_ctrl/mem_reg[124][1]/SE  |
| -17.958|  -17.958|-586991.062|-586991.062|   88.36%|   0:00:02.0|10363.1M|      best|  default| mem_ctrl/mem_reg[124][1]/SE  |
| -17.953|  -17.953|-586818.250|-586818.250|   88.36%|   0:00:01.0|10363.1M|      best|  default| mem_ctrl/mem_reg[124][1]/SE  |
| -17.947|  -17.947|-586614.688|-586614.688|   88.38%|   0:00:01.0|10363.1M|      best|  default| mem_ctrl/mem_reg[124][1]/SE  |
| -17.945|  -17.945|-586561.938|-586561.938|   88.39%|   0:00:01.0|10363.1M|      best|  default| mem_ctrl/mem_reg[124][1]/SE  |
| -17.944|  -17.944|-586510.000|-586510.000|   88.39%|   0:00:01.0|10363.1M|      best|  default| mem_ctrl/mem_reg[124][1]/SE  |
| -17.937|  -17.937|-586285.062|-586285.062|   88.39%|   0:00:00.0|10363.1M|      best|  default| mem_ctrl/mem_reg[124][1]/SE  |
| -17.930|  -17.930|-586069.312|-586069.312|   88.41%|   0:00:01.0|10363.1M|      best|  default| mem_ctrl/mem_reg[124][1]/SE  |
| -17.924|  -17.924|-585866.062|-585866.062|   88.42%|   0:00:01.0|10363.1M|      best|  default| mem_ctrl/mem_reg[124][1]/SE  |
| -17.920|  -17.920|-585721.375|-585721.375|   88.42%|   0:00:01.0|10363.1M|      best|  default| mem_ctrl/mem_reg[124][1]/SE  |
| -17.914|  -17.914|-585524.875|-585524.875|   88.43%|   0:00:01.0|10363.1M|      best|  default| mem_ctrl/mem_reg[124][1]/SE  |
| -17.911|  -17.911|-585435.500|-585435.500|   88.44%|   0:00:01.0|10363.1M|      best|  default| mem_ctrl/mem_reg[124][1]/SE  |
| -17.902|  -17.902|-585128.875|-585128.875|   88.45%|   0:00:01.0|10363.1M|      best|  default| mem_ctrl/mem_reg[124][1]/SE  |
| -17.894|  -17.894|-584885.250|-584885.250|   88.45%|   0:00:01.0|10363.1M|      best|  default| mem_ctrl/mem_reg[124][1]/SE  |
| -17.885|  -17.885|-584580.062|-584580.062|   88.45%|   0:00:02.0|10363.1M|      best|  default| mem_ctrl/mem_reg[124][1]/SE  |
| -17.878|  -17.878|-584352.562|-584352.562|   88.46%|   0:00:01.0|10363.1M|      best|  default| mem_ctrl/mem_reg[124][1]/SE  |
| -17.872|  -17.872|-584175.438|-584175.438|   88.46%|   0:00:01.0|10363.1M|      best|  default| mem_ctrl/mem_reg[124][1]/SE  |
| -17.863|  -17.863|-583865.688|-583865.688|   88.47%|   0:00:02.0|10573.0M|      best|  default| mem_ctrl/mem_reg[124][1]/SE  |
| -17.858|  -17.858|-583697.438|-583697.438|   88.47%|   0:00:01.0|10573.0M|      best|  default| mem_ctrl/mem_reg[124][1]/SE  |
| -17.855|  -17.855|-583593.562|-583593.562|   88.48%|   0:00:01.0|10573.0M|      best|  default| mem_ctrl/mem_reg[124][1]/SE  |
| -17.849|  -17.849|-583437.688|-583437.688|   88.49%|   0:00:00.0|10573.0M|      best|  default| mem_ctrl/mem_reg[3174][0]/SE |
| -17.844|  -17.844|-583270.000|-583270.000|   88.51%|   0:00:03.0|10573.0M|      best|  default| mem_ctrl/mem_reg[2544][0]/SE |
| -17.837|  -17.837|-583170.188|-583170.188|   88.55%|   0:00:01.0|10573.0M|      best|  default| mem_ctrl/mem_reg[1329][0]/SE |
| -17.836|  -17.836|-583030.500|-583030.500|   88.57%|   0:00:02.0|10561.0M|      best|  default| mem_ctrl/mem_reg[1151][2]/SE |
| -17.832|  -17.832|-582961.750|-582961.750|   88.59%|   0:00:01.0|10561.0M|      best|  default| mem_ctrl/mem_reg[968][3]/SE  |
| -17.827|  -17.827|-582798.625|-582798.625|   88.62%|   0:00:01.0|10561.0M|      best|  default| mem_ctrl/mem_reg[968][5]/SE  |
| -17.818|  -17.818|-582502.188|-582502.188|   88.64%|   0:00:01.0|10561.0M|      best|  default| mem_ctrl/mem_reg[1137][4]/SE |
| -17.815|  -17.815|-582384.625|-582384.625|   88.67%|   0:00:02.0|10561.0M|      best|  default| mem_ctrl/mem_reg[1137][4]/SE |
| -17.808|  -17.808|-582151.625|-582151.625|   88.68%|   0:00:01.0|10561.0M|      best|  default| mem_ctrl/mem_reg[1137][4]/SE |
| -17.805|  -17.805|-582065.250|-582065.250|   88.69%|   0:00:01.0|10561.0M|      best|  default| mem_ctrl/mem_reg[1137][4]/SE |
| -17.798|  -17.798|-581816.125|-581816.125|   88.69%|   0:00:01.0|10561.0M|      best|  default| mem_ctrl/mem_reg[1137][4]/SE |
| -17.794|  -17.794|-581691.312|-581691.312|   88.71%|   0:00:01.0|10561.0M|      best|  default| mem_ctrl/mem_reg[1137][4]/SE |
| -17.789|  -17.789|-581471.438|-581471.438|   88.71%|   0:00:01.0|10561.0M|      best|  default| mem_ctrl/mem_reg[124][1]/SE  |
| -17.787|  -17.787|-581294.062|-581294.062|   88.75%|   0:00:02.0|10561.0M|      best|  default| mem_ctrl/mem_reg[537][0]/SE  |
| -17.783|  -17.783|-581181.438|-581181.438|   88.76%|   0:00:01.0|10561.0M|      best|  default| mem_ctrl/mem_reg[1426][0]/SE |
| -17.782|  -17.782|-581139.875|-581139.875|   88.78%|   0:00:02.0|10561.0M|      best|  default| mem_ctrl/mem_reg[938][6]/SE  |
| -17.776|  -17.776|-580969.312|-580969.312|   88.78%|   0:00:01.0|10561.0M|      best|  default| mem_ctrl/mem_reg[124][1]/SE  |
| -17.774|  -17.774|-580902.188|-580902.188|   88.81%|   0:00:02.0|10561.0M|      best|  default| mem_ctrl/mem_reg[124][1]/SE  |
| -17.771|  -17.771|-580810.750|-580810.750|   88.83%|   0:00:00.0|10561.0M|      best|  default| mem_ctrl/mem_reg[124][1]/SE  |
| -17.768|  -17.768|-580723.250|-580723.250|   88.83%|   0:00:01.0|10561.0M|      best|  default| mem_ctrl/mem_reg[124][1]/SE  |
| -17.763|  -17.763|-580536.062|-580536.062|   88.85%|   0:00:02.0|10561.0M|      best|  default| mem_ctrl/mem_reg[124][1]/SE  |
| -17.756|  -17.756|-580313.125|-580313.125|   88.87%|   0:00:01.0|10561.0M|      best|  default| mem_ctrl/mem_reg[124][1]/SE  |
| -17.755|  -17.755|-580277.062|-580277.062|   88.88%|   0:00:01.0|10561.0M|      best|  default| mem_ctrl/mem_reg[124][1]/SE  |
| -17.751|  -17.751|-580148.938|-580148.938|   88.89%|   0:00:01.0|10561.0M|      best|  default| mem_ctrl/mem_reg[124][1]/SE  |
| -17.749|  -17.749|-580079.812|-580079.812|   88.90%|   0:00:01.0|10561.0M|      best|  default| mem_ctrl/mem_reg[124][1]/SE  |
| -17.744|  -17.744|-579917.125|-579917.125|   88.90%|   0:00:01.0|10561.0M|      best|  default| mem_ctrl/mem_reg[124][1]/SE  |
| -17.742|  -17.742|-579855.188|-579855.188|   88.92%|   0:00:01.0|10561.0M|      best|  default| mem_ctrl/mem_reg[124][1]/SE  |
| -17.740|  -17.740|-579773.625|-579773.625|   88.92%|   0:00:01.0|10561.0M|      best|  default| mem_ctrl/mem_reg[124][1]/SE  |
| -17.738|  -17.738|-579711.250|-579711.250|   88.93%|   0:00:01.0|10561.0M|      best|  default| mem_ctrl/mem_reg[124][1]/SE  |
| -17.736|  -17.736|-579640.438|-579640.438|   88.93%|   0:00:01.0|10561.0M|      best|  default| mem_ctrl/mem_reg[165][4]/SE  |
| -17.734|  -17.734|-579582.250|-579582.250|   88.94%|   0:00:01.0|10561.0M|      best|  default| mem_ctrl/mem_reg[124][1]/SE  |
| -17.733|  -17.733|-579555.375|-579555.375|   88.94%|   0:00:01.0|10561.0M|      best|  default| mem_ctrl/mem_reg[124][1]/SE  |
| -17.730|  -17.730|-579462.062|-579462.062|   88.95%|   0:00:01.0|10561.0M|      best|  default| mem_ctrl/mem_reg[124][1]/SE  |
| -17.729|  -17.729|-579429.438|-579429.438|   88.96%|   0:00:00.0|10561.0M|      best|  default| mem_ctrl/mem_reg[124][1]/SE  |
| -17.727|  -17.727|-579364.625|-579364.625|   88.96%|   0:00:01.0|10561.0M|      best|  default| mem_ctrl/mem_reg[124][1]/SE  |
| -17.722|  -17.722|-579201.688|-579201.688|   88.96%|   0:00:01.0|10561.0M|      best|  default| mem_ctrl/mem_reg[124][1]/SE  |
| -17.720|  -17.720|-579121.312|-579121.312|   88.98%|   0:00:01.0|10561.0M|      best|  default| mem_ctrl/mem_reg[124][1]/SE  |
| -17.716|  -17.716|-579004.562|-579004.562|   88.99%|   0:00:02.0|10561.0M|      best|  default| mem_ctrl/mem_reg[124][1]/SE  |
| -17.712|  -17.712|-578874.062|-578874.062|   88.99%|   0:00:00.0|10561.0M|      best|  default| mem_ctrl/mem_reg[124][1]/SE  |
| -17.711|  -17.711|-578828.812|-578828.812|   89.00%|   0:00:01.0|10561.0M|      best|  default| mem_ctrl/mem_reg[124][1]/SE  |
| -17.705|  -17.705|-578631.938|-578631.938|   89.00%|   0:00:01.0|10561.0M|      best|  default| mem_ctrl/mem_reg[124][1]/SE  |
| -17.702|  -17.702|-578530.750|-578530.750|   89.01%|   0:00:02.0|10561.0M|      best|  default| mem_ctrl/mem_reg[124][1]/SE  |
| -17.694|  -17.694|-578292.438|-578292.438|   89.01%|   0:00:00.0|10561.0M|      best|  default| mem_ctrl/mem_reg[124][1]/SE  |
| -17.691|  -17.691|-578171.625|-578171.625|   89.02%|   0:00:02.0|10561.0M|      best|  default| mem_ctrl/mem_reg[124][1]/SE  |
| -17.685|  -17.685|-577989.562|-577989.562|   89.03%|   0:00:01.0|10561.0M|      best|  default| mem_ctrl/mem_reg[124][1]/SE  |
| -17.684|  -17.684|-577934.688|-577934.688|   89.04%|   0:00:01.0|10561.0M|      best|  default| mem_ctrl/mem_reg[124][1]/SE  |
| -17.678|  -17.678|-577764.562|-577764.562|   89.04%|   0:00:01.0|10561.0M|      best|  default| mem_ctrl/mem_reg[124][1]/SE  |
| -17.676|  -17.676|-577685.625|-577685.625|   89.05%|   0:00:01.0|10561.0M|      best|  default| mem_ctrl/mem_reg[124][1]/SE  |
| -17.673|  -17.673|-577574.562|-577574.562|   89.06%|   0:00:01.0|10561.0M|      best|  default| mem_ctrl/mem_reg[124][1]/SE  |
| -17.669|  -17.669|-577470.375|-577470.375|   89.06%|   0:00:01.0|10561.0M|      best|  default| mem_ctrl/mem_reg[124][1]/SE  |
| -17.667|  -17.667|-577394.312|-577394.312|   89.07%|   0:00:01.0|10561.0M|      best|  default| mem_ctrl/mem_reg[124][1]/SE  |
| -17.664|  -17.664|-577302.375|-577302.375|   89.08%|   0:00:01.0|10561.0M|      best|  default| mem_ctrl/mem_reg[124][1]/SE  |
| -17.660|  -17.660|-577165.062|-577165.062|   89.09%|   0:00:01.0|10561.0M|      best|  default| mem_ctrl/mem_reg[124][1]/SE  |
| -17.660|  -17.660|-577162.000|-577162.000|   89.09%|   0:00:01.0|10561.0M|      best|  default| mem_ctrl/mem_reg[124][1]/SE  |
| -17.658|  -17.658|-577106.250|-577106.250|   89.10%|   0:00:01.0|10561.0M|      best|  default| mem_ctrl/mem_reg[124][1]/SE  |
| -17.653|  -17.653|-576950.000|-576950.000|   89.11%|   0:00:01.0|10561.0M|      best|  default| mem_ctrl/mem_reg[124][1]/SE  |
| -17.650|  -17.650|-576835.562|-576835.562|   89.12%|   0:00:02.0|10561.0M|      best|  default| mem_ctrl/mem_reg[124][1]/SE  |
| -17.647|  -17.647|-576731.625|-576731.625|   89.13%|   0:00:01.0|10561.0M|      best|  default| mem_ctrl/mem_reg[124][1]/SE  |
| -17.642|  -17.642|-576584.000|-576584.000|   89.14%|   0:00:01.0|10561.0M|      best|  default| mem_ctrl/mem_reg[124][1]/SE  |
| -17.638|  -17.638|-576447.250|-576447.250|   89.15%|   0:00:01.0|10561.0M|      best|  default| mem_ctrl/mem_reg[124][1]/SE  |
| -17.634|  -17.634|-576303.062|-576303.062|   89.15%|   0:00:01.0|10561.0M|      best|  default| mem_ctrl/mem_reg[124][1]/SE  |
| -17.629|  -17.629|-576149.812|-576149.812|   89.17%|   0:00:02.0|10561.0M|      best|  default| mem_ctrl/mem_reg[124][1]/SE  |
| -17.626|  -17.626|-576063.062|-576063.062|   89.18%|   0:00:01.0|10561.0M|      best|  default| mem_ctrl/mem_reg[124][1]/SE  |
| -17.625|  -17.625|-576033.375|-576033.375|   89.18%|   0:00:01.0|10561.0M|      best|  default| mem_ctrl/mem_reg[124][1]/SE  |
| -17.623|  -17.623|-575951.938|-575951.938|   89.19%|   0:00:01.0|10561.0M|      best|  default| mem_ctrl/mem_reg[124][1]/SE  |
| -17.620|  -17.620|-575860.625|-575860.625|   89.19%|   0:00:01.0|10561.0M|      best|  default| mem_ctrl/mem_reg[124][1]/SE  |
| -17.619|  -17.619|-575831.562|-575831.562|   89.20%|   0:00:01.0|10561.0M|      best|  default| mem_ctrl/mem_reg[124][1]/SE  |
| -17.615|  -17.615|-575674.750|-575674.750|   89.20%|   0:00:01.0|10561.0M|      best|  default| mem_ctrl/mem_reg[124][1]/SE  |
| -17.612|  -17.612|-575597.625|-575597.625|   89.21%|   0:00:01.0|10561.0M|      best|  default| mem_ctrl/mem_reg[124][1]/SE  |
| -17.607|  -17.607|-575426.750|-575426.750|   89.22%|   0:00:02.0|10561.0M|      best|  default| mem_ctrl/mem_reg[124][1]/SE  |
| -17.603|  -17.603|-575292.750|-575292.750|   89.23%|   0:00:01.0|10561.0M|      best|  default| mem_ctrl/mem_reg[124][1]/SE  |
| -17.603|  -17.603|-575283.188|-575283.188|   89.23%|   0:00:01.0|10561.0M|      best|  default| mem_ctrl/mem_reg[124][1]/SE  |
| -17.602|  -17.602|-575257.312|-575257.312|   89.24%|   0:00:00.0|10561.0M|      best|  default| mem_ctrl/mem_reg[124][1]/SE  |
| -17.597|  -17.597|-575113.438|-575113.438|   89.24%|   0:00:01.0|10561.0M|      best|  default| mem_ctrl/mem_reg[124][1]/SE  |
| -17.594|  -17.594|-575001.562|-575001.562|   89.25%|   0:00:01.0|10561.0M|      best|  default| mem_ctrl/mem_reg[124][1]/SE  |
| -17.593|  -17.593|-574962.188|-574962.188|   89.26%|   0:00:01.0|10561.0M|      best|  default| mem_ctrl/mem_reg[124][1]/SE  |
| -17.590|  -17.590|-574861.188|-574861.188|   89.26%|   0:00:01.0|10561.0M|      best|  default| mem_ctrl/mem_reg[124][1]/SE  |
| -17.587|  -17.587|-574755.438|-574755.438|   89.27%|   0:00:01.0|10561.0M|      best|  default| mem_ctrl/mem_reg[124][1]/SE  |
| -17.583|  -17.583|-574631.062|-574631.062|   89.27%|   0:00:01.0|10561.0M|      best|  default| mem_ctrl/mem_reg[124][1]/SE  |
| -17.581|  -17.581|-574562.312|-574562.312|   89.27%|   0:00:01.0|10561.0M|      best|  default| mem_ctrl/mem_reg[124][1]/SE  |
| -17.580|  -17.580|-574549.625|-574549.625|   89.28%|   0:00:01.0|10561.0M|      best|  default| mem_ctrl/mem_reg[124][1]/SE  |
| -17.577|  -17.577|-574435.562|-574435.562|   89.28%|   0:00:01.0|10561.0M|      best|  default| mem_ctrl/mem_reg[124][1]/SE  |
| -17.576|  -17.576|-574415.125|-574415.125|   89.29%|   0:00:01.0|10561.0M|      best|  default| mem_ctrl/mem_reg[124][1]/SE  |
| -17.575|  -17.575|-574378.188|-574378.188|   89.29%|   0:00:01.0|10561.0M|      best|  default| mem_ctrl/mem_reg[124][1]/SE  |
| -17.571|  -17.571|-574241.500|-574241.500|   89.30%|   0:00:01.0|10561.0M|      best|  default| mem_ctrl/mem_reg[124][1]/SE  |
| -17.566|  -17.566|-574078.438|-574078.438|   89.31%|   0:00:01.0|10561.0M|      best|  default| mem_ctrl/mem_reg[124][1]/SE  |
| -17.562|  -17.562|-573953.625|-573953.625|   89.32%|   0:00:02.0|10561.0M|      best|  default| mem_ctrl/mem_reg[124][1]/SE  |
| -17.561|  -17.561|-573908.750|-573908.750|   89.32%|   0:00:01.0|10561.0M|      best|  default| mem_ctrl/mem_reg[124][1]/SE  |
| -17.557|  -17.557|-573797.812|-573797.812|   89.33%|   0:00:01.0|10561.0M|      best|  default| mem_ctrl/mem_reg[124][1]/SE  |
| -17.556|  -17.556|-573770.438|-573770.438|   89.34%|   0:00:01.0|10561.0M|      best|  default| mem_ctrl/mem_reg[124][1]/SE  |
| -17.554|  -17.554|-573677.938|-573677.938|   89.34%|   0:00:01.0|10561.0M|      best|  default| mem_ctrl/mem_reg[124][1]/SE  |
| -17.552|  -17.552|-573614.812|-573614.812|   89.36%|   0:00:02.0|10561.0M|      best|  default| mem_ctrl/mem_reg[124][1]/SE  |
| -17.547|  -17.547|-573474.875|-573474.875|   89.36%|   0:00:00.0|10561.0M|      best|  default| mem_ctrl/mem_reg[124][1]/SE  |
| -17.546|  -17.546|-573444.750|-573444.750|   89.37%|   0:00:02.0|10561.0M|      best|  default| mem_ctrl/mem_reg[124][1]/SE  |
| -17.543|  -17.543|-573339.812|-573339.812|   89.37%|   0:00:01.0|10561.0M|      best|  default| mem_ctrl/mem_reg[124][1]/SE  |
| -17.540|  -17.540|-573240.875|-573240.875|   89.38%|   0:00:01.0|10561.0M|      best|  default| mem_ctrl/mem_reg[124][1]/SE  |
| -17.537|  -17.537|-573143.312|-573143.312|   89.39%|   0:00:01.0|10561.0M|      best|  default| mem_ctrl/mem_reg[124][1]/SE  |
| -17.535|  -17.535|-573067.625|-573067.625|   89.40%|   0:00:01.0|10561.0M|      best|  default| mem_ctrl/mem_reg[124][1]/SE  |
| -17.534|  -17.534|-573025.188|-573025.188|   89.41%|   0:00:02.0|10561.0M|      best|  default| mem_ctrl/mem_reg[124][1]/SE  |
| -17.531|  -17.531|-572927.312|-572927.312|   89.41%|   0:00:00.0|10561.0M|      best|  default| mem_ctrl/mem_reg[124][1]/SE  |
| -17.525|  -17.525|-572756.312|-572756.312|   89.42%|   0:00:02.0|10561.0M|      best|  default| mem_ctrl/mem_reg[124][1]/SE  |
| -17.524|  -17.524|-572713.688|-572713.688|   89.43%|   0:00:01.0|10561.0M|      best|  default| mem_ctrl/mem_reg[124][1]/SE  |
| -17.522|  -17.522|-572658.625|-572658.625|   89.43%|   0:00:00.0|10561.0M|      best|  default| mem_ctrl/mem_reg[124][1]/SE  |
| -17.520|  -17.520|-572572.688|-572572.688|   89.44%|   0:00:02.0|10561.0M|      best|  default| mem_ctrl/mem_reg[124][1]/SE  |
| -17.516|  -17.516|-572436.062|-572436.062|   89.45%|   0:00:01.0|10561.0M|      best|  default| mem_ctrl/mem_reg[124][1]/SE  |
| -17.515|  -17.515|-572414.000|-572414.000|   89.46%|   0:00:02.0|10561.0M|      best|  default| mem_ctrl/mem_reg[124][1]/SE  |
| -17.512|  -17.512|-572321.125|-572321.125|   89.46%|   0:00:01.0|10561.0M|      best|  default| mem_ctrl/mem_reg[124][1]/SE  |
| -17.511|  -17.511|-572272.812|-572272.812|   89.46%|   0:00:01.0|10561.0M|      best|  default| mem_ctrl/mem_reg[124][1]/SE  |
| -17.506|  -17.506|-572125.750|-572125.750|   89.47%|   0:00:01.0|10561.0M|      best|  default| mem_ctrl/mem_reg[124][1]/SE  |
| -17.502|  -17.502|-571990.812|-571990.812|   89.48%|   0:00:01.0|10561.0M|      best|  default| mem_ctrl/mem_reg[124][1]/SE  |
| -17.499|  -17.499|-571876.625|-571876.625|   89.49%|   0:00:01.0|10561.0M|      best|  default| mem_ctrl/mem_reg[124][1]/SE  |
| -17.494|  -17.494|-571742.625|-571742.625|   89.49%|   0:00:02.0|10561.0M|      best|  default| mem_ctrl/mem_reg[124][1]/SE  |
| -17.492|  -17.492|-571647.562|-571647.562|   89.50%|   0:00:01.0|10561.0M|      best|  default| mem_ctrl/mem_reg[124][1]/SE  |
| -17.490|  -17.490|-571598.250|-571598.250|   89.50%|   0:00:01.0|10561.0M|      best|  default| mem_ctrl/mem_reg[124][1]/SE  |
| -17.487|  -17.487|-571488.000|-571488.000|   89.51%|   0:00:02.0|10561.0M|      best|  default| mem_ctrl/mem_reg[124][1]/SE  |
| -17.484|  -17.484|-571409.875|-571409.875|   89.52%|   0:00:01.0|10561.0M|      best|  default| mem_ctrl/mem_reg[124][1]/SE  |
| -17.481|  -17.481|-571308.688|-571308.688|   89.52%|   0:00:01.0|10561.0M|      best|  default| mem_ctrl/mem_reg[124][1]/SE  |
| -17.478|  -17.478|-571211.125|-571211.125|   89.53%|   0:00:00.0|10561.0M|      best|  default| mem_ctrl/mem_reg[124][1]/SE  |
| -17.477|  -17.477|-571161.125|-571161.125|   89.54%|   0:00:01.0|10561.0M|      best|  default| mem_ctrl/mem_reg[124][1]/SE  |
| -17.475|  -17.475|-571089.562|-571089.562|   89.54%|   0:00:01.0|10561.0M|      best|  default| mem_ctrl/mem_reg[124][1]/SE  |
| -17.472|  -17.472|-571021.562|-571021.562|   89.54%|   0:00:01.0|10561.0M|      best|  default| mem_ctrl/mem_reg[124][1]/SE  |
| -17.470|  -17.470|-570925.500|-570925.500|   89.55%|   0:00:01.0|10561.0M|      best|  default| mem_ctrl/mem_reg[124][1]/SE  |
| -17.468|  -17.468|-570860.750|-570860.750|   89.55%|   0:00:01.0|10561.0M|      best|  default| mem_ctrl/mem_reg[124][1]/SE  |
| -17.464|  -17.464|-570737.688|-570737.688|   89.56%|   0:00:02.0|10561.0M|      best|  default| mem_ctrl/mem_reg[124][1]/SE  |
| -17.463|  -17.463|-570709.562|-570709.562|   89.57%|   0:00:01.0|10561.0M|      best|  default| mem_ctrl/mem_reg[124][1]/SE  |
| -17.460|  -17.460|-570608.812|-570608.812|   89.58%|   0:00:01.0|10561.0M|      best|  default| mem_ctrl/mem_reg[124][1]/SE  |
| -17.459|  -17.459|-570593.688|-570593.688|   89.58%|   0:00:01.0|10561.0M|      best|  default| mem_ctrl/mem_reg[124][1]/SE  |
| -17.455|  -17.455|-570446.500|-570446.500|   89.59%|   0:00:01.0|10561.0M|      best|  default| mem_ctrl/mem_reg[124][1]/SE  |
| -17.453|  -17.453|-570379.562|-570379.562|   89.60%|   0:00:01.0|10561.0M|      best|  default| mem_ctrl/mem_reg[124][1]/SE  |
| -17.450|  -17.450|-570286.375|-570286.375|   89.60%|   0:00:01.0|10561.0M|      best|  default| mem_ctrl/mem_reg[124][1]/SE  |
| -17.447|  -17.447|-570188.312|-570188.312|   89.61%|   0:00:01.0|10561.0M|      best|  default| mem_ctrl/mem_reg[124][1]/SE  |
| -17.445|  -17.445|-570107.000|-570107.000|   89.62%|   0:00:01.0|10561.0M|      best|  default| mem_ctrl/mem_reg[124][1]/SE  |
| -17.440|  -17.440|-569939.438|-569939.438|   89.62%|   0:00:01.0|10561.0M|      best|  default| mem_ctrl/mem_reg[124][1]/SE  |
| -17.438|  -17.438|-569907.500|-569907.500|   89.63%|   0:00:01.0|10561.0M|      best|  default| mem_ctrl/mem_reg[124][1]/SE  |
| -17.436|  -17.436|-569816.438|-569816.438|   89.64%|   0:00:01.0|10561.0M|      best|  default| mem_ctrl/mem_reg[124][1]/SE  |
| -17.435|  -17.435|-569788.375|-569788.375|   89.65%|   0:00:02.0|10561.0M|      best|  default| mem_ctrl/mem_reg[124][1]/SE  |
| -17.431|  -17.431|-569651.438|-569651.438|   89.65%|   0:00:00.0|10561.0M|      best|  default| mem_ctrl/mem_reg[124][1]/SE  |
| -17.430|  -17.430|-569622.062|-569622.062|   89.66%|   0:00:02.0|10561.0M|      best|  default| mem_ctrl/mem_reg[124][1]/SE  |
| -17.426|  -17.426|-569500.750|-569500.750|   89.66%|   0:00:01.0|10561.0M|      best|  default| mem_ctrl/mem_reg[124][1]/SE  |
| -17.422|  -17.422|-569380.125|-569380.125|   89.67%|   0:00:01.0|10561.0M|      best|  default| mem_ctrl/mem_reg[124][1]/SE  |
| -17.421|  -17.421|-569327.062|-569327.062|   89.69%|   0:00:01.0|10561.0M|      best|  default| mem_ctrl/mem_reg[124][1]/SE  |
| -17.418|  -17.418|-569248.375|-569248.375|   89.69%|   0:00:01.0|10561.0M|      best|  default| mem_ctrl/mem_reg[124][1]/SE  |
| -17.415|  -17.415|-569129.875|-569129.875|   89.70%|   0:00:02.0|10561.0M|      best|  default| mem_ctrl/mem_reg[124][1]/SE  |
| -17.412|  -17.412|-569025.812|-569025.812|   89.71%|   0:00:01.0|10561.0M|      best|  default| mem_ctrl/mem_reg[124][1]/SE  |
| -17.406|  -17.406|-568829.312|-568829.312|   89.73%|   0:00:01.0|10561.0M|      best|  default| mem_ctrl/mem_reg[124][1]/SE  |
| -17.399|  -17.399|-568624.562|-568624.562|   89.74%|   0:00:01.0|10561.0M|      best|  default| mem_ctrl/mem_reg[124][1]/SE  |
| -17.397|  -17.397|-568559.438|-568559.438|   89.76%|   0:00:02.0|10561.0M|      best|  default| mem_ctrl/mem_reg[124][1]/SE  |
| -17.392|  -17.392|-568373.125|-568373.125|   89.76%|   0:00:01.0|10561.0M|      best|  default| mem_ctrl/mem_reg[124][1]/SE  |
| -17.388|  -17.388|-568255.125|-568255.125|   89.79%|   0:00:02.0|10561.0M|      best|  default| mem_ctrl/mem_reg[124][1]/SE  |
| -17.387|  -17.387|-568213.500|-568213.500|   89.82%|   0:00:02.0|10561.0M|      best|  default| mem_ctrl/mem_reg[124][1]/SE  |
| -17.383|  -17.383|-568097.938|-568097.938|   89.83%|   0:00:01.0|10561.0M|      best|  default| mem_ctrl/mem_reg[124][1]/SE  |
| -17.380|  -17.380|-567985.250|-567985.250|   89.84%|   0:00:02.0|10561.0M|      best|  default| mem_ctrl/mem_reg[124][1]/SE  |
| -17.377|  -17.377|-567877.938|-567877.938|   89.85%|   0:00:01.0|10561.0M|      best|  default| mem_ctrl/mem_reg[124][1]/SE  |
| -17.375|  -17.375|-567827.750|-567827.750|   89.85%|   0:00:01.0|10561.0M|      best|  default| mem_ctrl/mem_reg[124][1]/SE  |
| -17.372|  -17.372|-567737.500|-567737.500|   89.83%|   0:00:01.0|10561.0M|      best|  default| mem_ctrl/mem_reg[124][1]/SE  |
| -17.372|  -17.372|-567707.938|-567707.938|   89.83%|   0:00:01.0|10561.0M|      best|  default| mem_ctrl/mem_reg[124][1]/SE  |
| -17.366|  -17.366|-567514.688|-567514.688|   89.83%|   0:00:01.0|10561.0M|      best|  default| mem_ctrl/mem_reg[124][1]/SE  |
| -17.363|  -17.363|-567426.125|-567426.125|   89.84%|   0:00:01.0|10561.0M|      best|  default| mem_ctrl/mem_reg[124][1]/SE  |
| -17.362|  -17.362|-567409.750|-567409.750|   89.84%|   0:00:01.0|10561.0M|      best|  default| mem_ctrl/mem_reg[124][1]/SE  |
| -17.358|  -17.358|-567275.375|-567275.375|   89.84%|   0:00:01.0|10561.0M|      best|  default| mem_ctrl/mem_reg[124][1]/SE  |
| -17.355|  -17.355|-567157.375|-567157.375|   89.84%|   0:00:01.0|10561.0M|      best|  default| mem_ctrl/mem_reg[124][1]/SE  |
| -17.352|  -17.352|-567055.625|-567055.625|   89.86%|   0:00:02.0|10561.0M|      best|  default| mem_ctrl/mem_reg[124][1]/SE  |
| -17.347|  -17.347|-566908.125|-566908.125|   89.86%|   0:00:01.0|10561.0M|      best|  default| mem_ctrl/mem_reg[124][1]/SE  |
| -17.346|  -17.346|-566871.562|-566871.562|   89.87%|   0:00:01.0|10561.0M|      best|  default| mem_ctrl/mem_reg[124][1]/SE  |
| -17.343|  -17.343|-566786.812|-566786.812|   89.87%|   0:00:01.0|10561.0M|      best|  default| mem_ctrl/mem_reg[124][1]/SE  |
| -17.343|  -17.343|-566773.750|-566773.750|   89.87%|   0:00:01.0|10561.0M|      best|  default| mem_ctrl/mem_reg[124][1]/SE  |
| -17.342|  -17.342|-566744.250|-566744.250|   89.87%|   0:00:01.0|10561.0M|      best|  default| mem_ctrl/mem_reg[124][1]/SE  |
| -17.340|  -17.340|-566681.500|-566681.500|   89.88%|   0:00:02.0|10561.0M|      best|  default| mem_ctrl/mem_reg[124][1]/SE  |
| -17.338|  -17.338|-566619.688|-566619.688|   89.89%|   0:00:01.0|10561.0M|      best|  default| mem_ctrl/mem_reg[124][1]/SE  |
| -17.335|  -17.335|-566511.438|-566511.438|   89.89%|   0:00:01.0|10561.0M|      best|  default| mem_ctrl/mem_reg[124][1]/SE  |
| -17.330|  -17.330|-566360.750|-566360.750|   89.90%|   0:00:01.0|10561.0M|      best|  default| mem_ctrl/mem_reg[124][1]/SE  |
| -17.328|  -17.328|-566272.250|-566272.250|   89.91%|   0:00:01.0|10561.0M|      best|  default| mem_ctrl/mem_reg[124][1]/SE  |
| -17.327|  -17.327|-566246.062|-566246.062|   89.92%|   0:00:01.0|10561.0M|      best|  default| mem_ctrl/mem_reg[124][1]/SE  |
| -17.324|  -17.324|-566157.562|-566157.562|   89.92%|   0:00:01.0|10561.0M|      best|  default| mem_ctrl/mem_reg[124][1]/SE  |
| -17.321|  -17.321|-566065.688|-566065.688|   89.93%|   0:00:00.0|10561.0M|      best|  default| mem_ctrl/mem_reg[124][1]/SE  |
| -17.319|  -17.319|-565987.125|-565987.125|   89.93%|   0:00:01.0|10561.0M|      best|  default| mem_ctrl/mem_reg[124][1]/SE  |
| -17.314|  -17.314|-565833.062|-565833.062|   89.94%|   0:00:01.0|10561.0M|      best|  default| mem_ctrl/mem_reg[124][1]/SE  |
| -17.314|  -17.314|-565816.562|-565816.562|   89.95%|   0:00:01.0|10561.0M|      best|  default| mem_ctrl/mem_reg[124][1]/SE  |
| -17.309|  -17.309|-565652.750|-565652.750|   89.95%|   0:00:01.0|10561.0M|      best|  default| mem_ctrl/mem_reg[124][1]/SE  |
| -17.308|  -17.308|-565633.125|-565633.125|   89.97%|   0:00:01.0|10561.0M|      best|  default| mem_ctrl/mem_reg[124][1]/SE  |
| -17.306|  -17.306|-565570.875|-565570.875|   89.97%|   0:00:00.0|10561.0M|      best|  default| mem_ctrl/mem_reg[124][1]/SE  |
| -17.303|  -17.303|-565462.688|-565462.688|   89.97%|   0:00:01.0|10561.0M|      best|  default| mem_ctrl/mem_reg[124][1]/SE  |
| -17.301|  -17.301|-565390.562|-565390.562|   89.98%|   0:00:01.0|10561.0M|      best|  default| mem_ctrl/mem_reg[124][1]/SE  |
| -17.297|  -17.297|-565269.250|-565269.250|   89.99%|   0:00:01.0|10561.0M|      best|  default| mem_ctrl/mem_reg[124][1]/SE  |
| -17.295|  -17.295|-565216.875|-565216.875|   89.99%|   0:00:01.0|10561.0M|      best|  default| mem_ctrl/mem_reg[124][1]/SE  |
| -17.293|  -17.293|-565121.812|-565121.812|   90.00%|   0:00:01.0|10561.0M|      best|  default| mem_ctrl/mem_reg[124][1]/SE  |
| -17.290|  -17.290|-565043.188|-565043.188|   90.00%|   0:00:00.0|10561.0M|      best|  default| mem_ctrl/mem_reg[124][1]/SE  |
| -17.289|  -17.289|-565010.375|-565010.375|   90.00%|   0:00:01.0|10561.0M|      best|  default| mem_ctrl/mem_reg[124][1]/SE  |
| -17.285|  -17.285|-564876.000|-564876.000|   90.01%|   0:00:01.0|10561.0M|      best|  default| mem_ctrl/mem_reg[124][1]/SE  |
| -17.281|  -17.281|-564748.125|-564748.125|   90.02%|   0:00:01.0|10561.0M|      best|  default| mem_ctrl/mem_reg[124][1]/SE  |
| -17.279|  -17.279|-564663.000|-564663.000|   90.04%|   0:00:02.0|10561.0M|      best|  default| mem_ctrl/mem_reg[124][1]/SE  |
| -17.277|  -17.277|-564600.688|-564600.688|   90.04%|   0:00:01.0|10561.0M|      best|  default| mem_ctrl/mem_reg[124][1]/SE  |
| -17.275|  -17.275|-564554.812|-564554.812|   90.05%|   0:00:00.0|10561.0M|      best|  default| mem_ctrl/mem_reg[124][1]/SE  |
| -17.272|  -17.272|-564433.500|-564433.500|   90.05%|   0:00:01.0|10561.0M|      best|  default| mem_ctrl/mem_reg[124][1]/SE  |
| -17.270|  -17.270|-564387.625|-564387.625|   90.06%|   0:00:01.0|10561.0M|      best|  default| mem_ctrl/mem_reg[124][1]/SE  |
| -17.269|  -17.269|-564335.188|-564335.188|   90.06%|   0:00:01.0|10561.0M|      best|  default| mem_ctrl/mem_reg[124][1]/SE  |
| -17.266|  -17.266|-564263.062|-564263.062|   90.07%|   0:00:01.0|10561.0M|      best|  default| mem_ctrl/mem_reg[124][1]/SE  |
| -17.263|  -17.263|-564161.500|-564161.500|   90.07%|   0:00:00.0|10561.0M|      best|  default| mem_ctrl/mem_reg[124][1]/SE  |
| -17.262|  -17.262|-564112.312|-564112.312|   90.08%|   0:00:01.0|10561.0M|      best|  default| mem_ctrl/mem_reg[124][1]/SE  |
| -17.259|  -17.259|-564027.125|-564027.125|   90.08%|   0:00:01.0|10561.0M|      best|  default| mem_ctrl/mem_reg[124][1]/SE  |
| -17.258|  -17.258|-563997.625|-563997.625|   90.09%|   0:00:01.0|10561.0M|      best|  default| mem_ctrl/mem_reg[124][1]/SE  |
| -17.256|  -17.256|-563912.375|-563912.375|   90.09%|   0:00:00.0|10561.0M|      best|  default| mem_ctrl/mem_reg[124][1]/SE  |
| -17.252|  -17.252|-563804.250|-563804.250|   90.10%|   0:00:02.0|10561.0M|      best|  default| mem_ctrl/mem_reg[124][1]/SE  |
| -17.250|  -17.250|-563738.688|-563738.688|   90.10%|   0:00:00.0|10561.0M|      best|  default| mem_ctrl/mem_reg[124][1]/SE  |
| -17.248|  -17.248|-563673.188|-563673.188|   90.10%|   0:00:01.0|10561.0M|      best|  default| mem_ctrl/mem_reg[124][1]/SE  |
| -17.246|  -17.246|-563597.750|-563597.750|   90.11%|   0:00:01.0|10561.0M|      best|  default| mem_ctrl/mem_reg[124][1]/SE  |
| -17.244|  -17.244|-563515.750|-563515.750|   90.11%|   0:00:00.0|10561.0M|      best|  default| mem_ctrl/mem_reg[124][1]/SE  |
| -17.242|  -17.242|-563466.625|-563466.625|   90.12%|   0:00:01.0|10561.0M|      best|  default| mem_ctrl/mem_reg[124][1]/SE  |
| -17.239|  -17.239|-563365.562|-563365.562|   90.12%|   0:00:01.0|10561.0M|      best|  default| mem_ctrl/mem_reg[124][1]/SE  |
| -17.237|  -17.237|-563296.250|-563296.250|   90.12%|   0:00:01.0|10561.0M|      best|  default| mem_ctrl/mem_reg[124][1]/SE  |
| -17.236|  -17.236|-563266.688|-563266.688|   90.13%|   0:00:00.0|10561.0M|      best|  default| mem_ctrl/mem_reg[124][1]/SE  |
| -17.235|  -17.235|-563217.562|-563217.562|   90.13%|   0:00:01.0|10561.0M|      best|  default| mem_ctrl/mem_reg[124][1]/SE  |
| -17.231|  -17.231|-563093.000|-563093.000|   90.13%|   0:00:01.0|10561.0M|      best|  default| mem_ctrl/mem_reg[124][1]/SE  |
| -17.230|  -17.230|-563060.188|-563060.188|   90.14%|   0:00:01.0|10561.0M|      best|  default| mem_ctrl/mem_reg[124][1]/SE  |
| -17.228|  -17.228|-563001.188|-563001.188|   90.15%|   0:00:01.0|10561.0M|      best|  default| mem_ctrl/mem_reg[124][1]/SE  |
| -17.226|  -17.226|-562925.812|-562925.812|   90.15%|   0:00:01.0|10561.0M|      best|  default| mem_ctrl/mem_reg[124][1]/SE  |
| -17.225|  -17.225|-562893.125|-562893.125|   90.16%|   0:00:00.0|10561.0M|      best|  default| mem_ctrl/mem_reg[124][1]/SE  |
| -17.224|  -17.224|-562873.375|-562873.375|   90.16%|   0:00:01.0|10561.0M|      best|  default| mem_ctrl/mem_reg[124][1]/SE  |
| -17.222|  -17.222|-562801.250|-562801.250|   90.16%|   0:00:00.0|10561.0M|      best|  default| mem_ctrl/mem_reg[124][1]/SE  |
| -17.219|  -17.219|-562712.812|-562712.812|   90.16%|   0:00:01.0|10561.0M|      best|  default| mem_ctrl/mem_reg[124][1]/SE  |
| -17.218|  -17.218|-562683.250|-562683.250|   90.17%|   0:00:01.0|10561.0M|      best|  default| mem_ctrl/mem_reg[124][1]/SE  |
| -17.216|  -17.216|-562627.562|-562627.562|   90.17%|   0:00:01.0|10561.0M|      best|  default| mem_ctrl/mem_reg[124][1]/SE  |
| -17.215|  -17.215|-562591.500|-562591.500|   90.18%|   0:00:01.0|10561.0M|      best|  default| mem_ctrl/mem_reg[124][1]/SE  |
| -17.214|  -17.214|-562532.500|-562532.500|   90.18%|   0:00:00.0|10561.0M|      best|  default| mem_ctrl/mem_reg[124][1]/SE  |
| -17.211|  -17.211|-562434.188|-562434.188|   90.19%|   0:00:01.0|10561.0M|      best|  default| mem_ctrl/mem_reg[124][1]/SE  |
| -17.209|  -17.209|-562371.938|-562371.938|   90.20%|   0:00:01.0|10561.0M|      best|  default| mem_ctrl/mem_reg[124][1]/SE  |
| -17.207|  -17.207|-562306.375|-562306.375|   90.20%|   0:00:00.0|10561.0M|      best|  default| mem_ctrl/mem_reg[124][1]/SE  |
| -17.205|  -17.205|-562253.938|-562253.938|   90.20%|   0:00:01.0|10561.0M|      best|  default| mem_ctrl/mem_reg[124][1]/SE  |
| -17.204|  -17.204|-562224.375|-562224.375|   90.21%|   0:00:01.0|10561.0M|      best|  default| mem_ctrl/mem_reg[124][1]/SE  |
| -17.201|  -17.201|-562109.688|-562109.688|   90.21%|   0:00:01.0|10561.0M|      best|  default| mem_ctrl/mem_reg[124][1]/SE  |
| -17.200|  -17.200|-562073.750|-562073.750|   90.22%|   0:00:01.0|10561.0M|      best|  default| mem_ctrl/mem_reg[124][1]/SE  |
| -17.198|  -17.198|-562008.125|-562008.125|   90.22%|   0:00:01.0|10561.0M|      best|  default| mem_ctrl/mem_reg[124][1]/SE  |
| -17.197|  -17.197|-561975.312|-561975.312|   90.23%|   0:00:01.0|10561.0M|      best|  default| mem_ctrl/mem_reg[124][1]/SE  |
| -17.195|  -17.195|-561936.250|-561936.250|   90.23%|   0:00:00.0|10561.0M|      best|  default| mem_ctrl/mem_reg[124][1]/SE  |
| -17.194|  -17.194|-561893.375|-561893.375|   90.23%|   0:00:01.0|10561.0M|      best|  default| mem_ctrl/mem_reg[124][1]/SE  |
| -17.189|  -17.189|-561737.250|-561737.250|   90.24%|   0:00:01.0|10561.0M|      best|  default| mem_ctrl/mem_reg[124][1]/SE  |
| -17.188|  -17.188|-561694.062|-561694.062|   90.25%|   0:00:02.0|10561.0M|      best|  default| mem_ctrl/mem_reg[124][1]/SE  |
| -17.186|  -17.186|-561634.438|-561634.438|   90.26%|   0:00:00.0|10561.0M|      best|  default| mem_ctrl/mem_reg[124][1]/SE  |
| -17.183|  -17.183|-561536.562|-561536.562|   90.26%|   0:00:01.0|10561.0M|      best|  default| mem_ctrl/mem_reg[124][1]/SE  |
| -17.182|  -17.182|-561503.625|-561503.625|   90.27%|   0:00:01.0|10561.0M|      best|  default| mem_ctrl/mem_reg[124][1]/SE  |
| -17.180|  -17.180|-561424.688|-561424.688|   90.27%|   0:00:00.0|10561.0M|      best|  default| mem_ctrl/mem_reg[124][1]/SE  |
| -17.179|  -17.179|-561389.062|-561389.062|   90.27%|   0:00:01.0|10561.0M|      best|  default| mem_ctrl/mem_reg[124][1]/SE  |
| -17.177|  -17.177|-561329.562|-561329.562|   90.28%|   0:00:01.0|10561.0M|      best|  default| mem_ctrl/mem_reg[124][1]/SE  |
| -17.175|  -17.175|-561280.500|-561280.500|   90.28%|   0:00:01.0|10561.0M|      best|  default| mem_ctrl/mem_reg[124][1]/SE  |
| -17.174|  -17.174|-561222.312|-561222.312|   90.29%|   0:00:01.0|10561.0M|      best|  default| mem_ctrl/mem_reg[124][1]/SE  |
| -17.172|  -17.172|-561163.188|-561163.188|   90.29%|   0:00:01.0|10561.0M|      best|  default| mem_ctrl/mem_reg[124][1]/SE  |
| -17.171|  -17.171|-561123.125|-561123.125|   90.29%|   0:00:00.0|10561.0M|      best|  default| mem_ctrl/mem_reg[124][1]/SE  |
| -17.169|  -17.169|-561068.375|-561068.375|   90.29%|   0:00:01.0|10561.0M|      best|  default| mem_ctrl/mem_reg[124][1]/SE  |
| -17.168|  -17.168|-561029.812|-561029.812|   90.30%|   0:00:01.0|10561.0M|      best|  default| mem_ctrl/mem_reg[124][1]/SE  |
| -17.166|  -17.166|-560955.250|-560955.250|   90.30%|   0:00:00.0|10561.0M|      best|  default| mem_ctrl/mem_reg[124][1]/SE  |
| -17.163|  -17.163|-560861.688|-560861.688|   90.31%|   0:00:02.0|10561.0M|      best|  default| mem_ctrl/mem_reg[124][1]/SE  |
| -17.163|  -17.163|-560855.875|-560855.875|   90.32%|   0:00:01.0|10561.0M|      best|  default| mem_ctrl/mem_reg[124][1]/SE  |
| -17.161|  -17.161|-560816.562|-560816.562|   90.32%|   0:00:01.0|10561.0M|      best|  default| mem_ctrl/mem_reg[124][1]/SE  |
| -17.158|  -17.158|-560721.500|-560721.500|   90.33%|   0:00:01.0|10561.0M|      best|  default| mem_ctrl/mem_reg[124][1]/SE  |
| -17.157|  -17.157|-560669.125|-560669.125|   90.33%|   0:00:00.0|10561.0M|      best|  default| mem_ctrl/mem_reg[124][1]/SE  |
| -17.154|  -17.154|-560574.375|-560574.375|   90.34%|   0:00:01.0|10561.0M|      best|  default| mem_ctrl/mem_reg[124][1]/SE  |
| -17.153|  -17.153|-560538.750|-560538.750|   90.34%|   0:00:01.0|10561.0M|      best|  default| mem_ctrl/mem_reg[124][1]/SE  |
| -17.152|  -17.152|-560511.750|-560511.750|   90.35%|   0:00:01.0|10561.0M|      best|  default| mem_ctrl/mem_reg[124][1]/SE  |
| -17.151|  -17.151|-560478.938|-560478.938|   90.35%|   0:00:01.0|10561.0M|      best|  default| mem_ctrl/mem_reg[124][1]/SE  |
| -17.148|  -17.148|-560370.875|-560370.875|   90.35%|   0:00:00.0|10561.0M|      best|  default| mem_ctrl/mem_reg[124][1]/SE  |
| -17.146|  -17.146|-560328.812|-560328.812|   90.36%|   0:00:01.0|10561.0M|      best|  default| mem_ctrl/mem_reg[124][1]/SE  |
| -17.146|  -17.146|-560298.688|-560298.688|   90.36%|   0:00:01.0|10561.0M|      best|  default| mem_ctrl/mem_reg[124][1]/SE  |
| -17.145|  -17.145|-560269.438|-560269.438|   90.37%|   0:00:01.0|10561.0M|      best|  default| mem_ctrl/mem_reg[124][1]/SE  |
| -17.143|  -17.143|-560220.062|-560220.062|   90.37%|   0:00:01.0|10561.0M|      best|  default| mem_ctrl/mem_reg[124][1]/SE  |
| -17.142|  -17.142|-560171.188|-560171.188|   90.38%|   0:00:01.0|10561.0M|      best|  default| mem_ctrl/mem_reg[124][1]/SE  |
| -17.140|  -17.140|-560118.750|-560118.750|   90.38%|   0:00:01.0|10561.0M|      best|  default| mem_ctrl/mem_reg[124][1]/SE  |
| -17.138|  -17.138|-560063.750|-560063.750|   90.38%|   0:00:01.0|10561.0M|      best|  default| mem_ctrl/mem_reg[124][1]/SE  |
| -17.138|  -17.138|-560037.812|-560037.812|   90.39%|   0:00:00.0|10561.0M|      best|  default| mem_ctrl/mem_reg[124][1]/SE  |
| -17.136|  -17.136|-559998.062|-559998.062|   90.39%|   0:00:01.0|10561.0M|      best|  default| mem_ctrl/mem_reg[124][1]/SE  |
| -17.138|  -17.138|-559949.375|-559949.375|   90.48%|   0:00:09.0|10561.0M|      best|  default| mem_ctrl/mem_reg[124][1]/SE  |
| -17.134|  -17.134|-559792.750|-559792.750|   90.54%|   0:00:02.0|10561.0M|      best|  default| mem_ctrl/mem_reg[124][1]/SE  |
| -17.134|  -17.134|-559791.750|-559791.750|   90.54%|   0:00:01.0|10561.0M|      best|  default| mem_ctrl/mem_reg[124][1]/SE  |
| -17.134|  -17.134|-559791.438|-559791.438|   90.54%|   0:00:00.0|10561.0M|      best|  default| mem_ctrl/mem_reg[124][1]/SE  |
| -17.134|  -17.134|-559782.000|-559782.000|   90.57%|   0:00:02.0|10561.0M|      best|  default| mem_ctrl/mem_reg[124][1]/SE  |
| -17.134|  -17.134|-559780.875|-559780.875|   90.60%|   0:00:01.0|10561.0M|      best|  default| mem_ctrl/mem_reg[124][1]/SE  |
| -17.134|  -17.134|-559780.562|-559780.562|   90.60%|   0:00:00.0|10561.0M|      best|  default| mem_ctrl/mem_reg[124][1]/SE  |
| -17.134|  -17.134|-559780.312|-559780.312|   90.61%|   0:00:01.0|10561.0M|      best|  default| mem_ctrl/mem_reg[124][1]/SE  |
| -17.134|  -17.134|-559779.938|-559779.938|   90.62%|   0:00:01.0|10561.0M|      best|  default| mem_ctrl/mem_reg[124][1]/SE  |
| -17.134|  -17.134|-559779.438|-559779.438|   90.63%|   0:00:01.0|10561.0M|      best|  default| mem_ctrl/mem_reg[124][1]/SE  |
| -17.134|  -17.134|-559779.375|-559779.375|   90.63%|   0:00:01.0|10561.0M|      best|  default| mem_ctrl/mem_reg[124][1]/SE  |
| -17.134|  -17.134|-559779.351|-559779.351|   90.63%|   0:00:00.0|10561.0M|      best|  default| mem_ctrl/mem_reg[124][1]/SE  |
+--------+---------+-----------+-----------+---------+------------+--------+----------+---------+------------------------------+

*** Finish Core Optimize Step (cpu=1:45:16 real=0:08:02 mem=10561.0M) ***

*** Finished Optimize Step Cumulative (cpu=1:45:17 real=0:08:02 mem=10561.0M) ***
OptDebug: End of Optimizer WNS Pass 1:
+----------+-------+-----------+
|Path Group|    WNS|        TNS|
+----------+-------+-----------+
|default   |-17.134|-559779.351|
|reg2reg   |  0.763|      0.000|
|HEPG      |  0.763|      0.000|
|All Paths |-17.134|-559779.351|
+----------+-------+-----------+

** GigaOpt Optimizer WNS Slack -17.134 TNS Slack -559779.351 Density 90.63
Begin: Area Reclaim Optimization
*** AreaOpt #3 [begin] (WnsOpt #1 / place_opt_design #1) : totSession cpu/real = 7:25:20.5/0:46:59.5 (9.5), mem = 10561.0M
Reclaim Optimization WNS Slack -17.134  TNS Slack -559779.351 Density 90.63
+---------+---------+--------+-----------+------------+--------+
| Density | Commits |  WNS   |    TNS    |    Real    |  Mem   |
+---------+---------+--------+-----------+------------+--------+
|   90.63%|        -| -17.134|-559779.351|   0:00:00.0|10561.0M|
|   90.63%|       10| -17.134|-559779.375|   0:00:01.0|10561.0M|
|   90.59%|      748| -17.134|-559778.625|   0:00:01.0|10561.0M|
|   90.59%|       22| -17.134|-559778.562|   0:00:00.0|10561.0M|
|   90.59%|        0| -17.134|-559778.562|   0:00:00.0|10561.0M|
+---------+---------+--------+-----------+------------+--------+
Reclaim Optimization End WNS Slack -17.134  TNS Slack -559778.541 Density 90.59
Bottom Preferred Layer:
+---------------+------------+----------+
|     Layer     |   OPT_LA   |   Rule   |
+---------------+------------+----------+
| Metal8 (z=8)  |        397 | default  |
+---------------+------------+----------+
Via Pillar Rule:
    None

Number of times islegalLocAvaiable called = 2257 skipped = 0, called in commitmove = 770, skipped in commitmove = 0
End: Core Area Reclaim Optimization (cpu = 0:00:12.2) (real = 0:00:03.0) **
*** AreaOpt #3 [finish] (WnsOpt #1 / place_opt_design #1) : cpu/real = 0:00:12.2/0:00:03.4 (3.6), totSession cpu/real = 7:25:32.8/0:47:03.0 (9.5), mem = 10561.0M
End: Area Reclaim Optimization (cpu=0:00:12, real=0:00:03, mem=10254.98M, totSessionCpu=7:25:33).
*** Starting refinePlace (7:25:34 mem=10256.1M) ***
Total net bbox length = 7.135e+06 (3.679e+06 3.455e+06) (ext = 9.551e+04)
**WARN: (IMPSP-5140):	Global net connect rules have not been created. Added  insts would have no supply connectivity, and would fail DRC.
Type 'man IMPSP-5140' for more detail.
**WARN: (IMPSP-315):	Found 137410 instances insts with no PG Term connections.
Type 'man IMPSP-315' for more detail.

Starting Small incrNP...

Move report: incrNP moves 285037 insts, mean move: 22.39 um, max move: 296.96 um 
	Max move on inst (mem_ctrl/FE_OCPC45194_n_121246): (1053.57, 452.11) --> (1209.59, 593.05)
Finished incrNP (cpu=0:02:47, real=0:00:12.0, mem=10726.9M)
End of Small incrNP (cpu=0:02:47, real=0:00:12.0)
Move report: Detail placement moves 252859 insts, mean move: 6.12 um, max move: 165.30 um 
	Max move on inst (g634462): (370.04, 1368.22) --> (361.34, 1524.82)
	Runtime: CPU: 0:00:02.9 REAL: 0:00:03.0 MEM: 10726.9MB
Summary Report:
Instances move: 284540 (out of 285364 movable)
Instances flipped: 418
Mean displacement: 26.09 um
Max displacement: 297.54 um (Instance: mem_ctrl/FE_OCPC45194_n_121246) (1053.57, 452.11) -> (1210.17, 593.05)
	Length: 21 sites, height: 1 rows, site name: gsclib090site, cell type: BUFX12
Total net bbox length = 8.001e+06 (4.076e+06 3.925e+06) (ext = 1.041e+05)
Runtime: CPU: 0:02:50 REAL: 0:00:15.0 MEM: 10726.9MB
*** Finished refinePlace (7:28:24 mem=10726.9M) ***
*** maximum move = 297.54 um ***
*** Finished re-routing un-routed nets (10281.9M) ***

*** Finish Physical Update (cpu=0:09:32 real=0:00:43.0 mem=10297.9M) ***
** GigaOpt Optimizer WNS Slack -21.105 TNS Slack -689525.523 Density 90.59
OptDebug: Start of Optimizer WNS Pass 2:
+----------+-------+-----------+
|Path Group|    WNS|        TNS|
+----------+-------+-----------+
|default   |-21.105|-689525.523|
|reg2reg   |  0.764|      0.000|
|HEPG      |  0.764|      0.000|
|All Paths |-21.105|-689525.523|
+----------+-------+-----------+

Active Path Group: default 
+--------+---------+-----------+-----------+---------+------------+--------+----------+---------+------------------------------+
|  WNS   | All WNS |    TNS    |  All TNS  | Density |    Real    |  Mem   |Worst View|Pathgroup|          End Point           |
+--------+---------+-----------+-----------+---------+------------+--------+----------+---------+------------------------------+
| -21.105|  -21.105|-689525.523|-689525.523|   90.59%|   0:00:00.0|10297.9M|      best|  default| mem_ctrl/mem_reg[3471][5]/SE |
| -20.829|  -20.829|-680476.062|-680476.062|   90.59%|   0:00:05.0|10297.9M|      best|  default| mem_ctrl/mem_reg[3471][5]/SE |
| -20.622|  -20.622|-673694.688|-673694.688|   90.59%|   0:00:01.0|10297.9M|      best|  default| mem_ctrl/mem_reg[3471][5]/SE |
| -20.591|  -20.591|-672681.938|-672681.938|   90.60%|   0:00:00.0|10297.9M|      best|  default| mem_ctrl/mem_reg[3471][5]/SE |
| -20.573|  -20.573|-672085.438|-672085.438|   90.60%|   0:00:00.0|10297.9M|      best|  default| mem_ctrl/mem_reg[3471][5]/SE |
| -20.564|  -20.564|-671797.000|-671797.000|   90.60%|   0:00:01.0|10297.9M|      best|  default| mem_ctrl/mem_reg[3471][5]/SE |
| -20.525|  -20.525|-670531.812|-670531.812|   90.60%|   0:00:00.0|10297.9M|      best|  default| mem_ctrl/mem_reg[3471][5]/SE |
| -20.511|  -20.511|-670072.938|-670072.938|   90.60%|   0:00:00.0|10297.9M|      best|  default| mem_ctrl/mem_reg[3471][5]/SE |
| -20.479|  -20.479|-668997.938|-668997.938|   90.60%|   0:00:01.0|10297.9M|      best|  default| mem_ctrl/mem_reg[3471][5]/SE |
| -20.458|  -20.458|-668319.438|-668319.438|   90.60%|   0:00:00.0|10297.9M|      best|  default| mem_ctrl/mem_reg[3471][5]/SE |
| -20.445|  -20.445|-667883.562|-667883.562|   90.60%|   0:00:00.0|10297.9M|      best|  default| mem_ctrl/mem_reg[3471][5]/SE |
| -20.430|  -20.430|-667395.188|-667395.188|   90.60%|   0:00:01.0|10297.9M|      best|  default| mem_ctrl/mem_reg[3471][5]/SE |
| -20.406|  -20.406|-666605.312|-666605.312|   90.60%|   0:00:00.0|10297.9M|      best|  default| mem_ctrl/mem_reg[3471][5]/SE |
| -20.393|  -20.393|-666205.438|-666205.438|   90.60%|   0:00:00.0|10297.9M|      best|  default| mem_ctrl/mem_reg[3471][5]/SE |
| -20.376|  -20.376|-665638.438|-665638.438|   90.60%|   0:00:01.0|10297.9M|      best|  default| mem_ctrl/mem_reg[3471][5]/SE |
| -20.350|  -20.350|-664783.000|-664783.000|   90.60%|   0:00:00.0|10297.9M|      best|  default| mem_ctrl/mem_reg[3471][5]/SE |
| -20.339|  -20.339|-664422.562|-664422.562|   90.60%|   0:00:00.0|10297.9M|      best|  default| mem_ctrl/mem_reg[3471][5]/SE |
| -20.321|  -20.321|-663842.312|-663842.312|   90.60%|   0:00:01.0|10297.9M|      best|  default| mem_ctrl/mem_reg[3471][5]/SE |
| -20.309|  -20.309|-663429.375|-663429.375|   90.60%|   0:00:00.0|10297.9M|      best|  default| mem_ctrl/mem_reg[3471][5]/SE |
| -20.299|  -20.299|-663118.000|-663118.000|   90.60%|   0:00:00.0|10297.9M|      best|  default| mem_ctrl/mem_reg[3471][5]/SE |
| -20.283|  -20.283|-662590.312|-662590.312|   90.60%|   0:00:01.0|10297.9M|      best|  default| mem_ctrl/mem_reg[3471][5]/SE |
| -20.275|  -20.275|-662324.812|-662324.812|   90.60%|   0:00:00.0|10297.9M|      best|  default| mem_ctrl/mem_reg[3471][5]/SE |
| -20.264|  -20.264|-661964.250|-661964.250|   90.60%|   0:00:00.0|10297.9M|      best|  default| mem_ctrl/mem_reg[3471][5]/SE |
| -20.257|  -20.257|-661744.688|-661744.688|   90.60%|   0:00:01.0|10297.9M|      best|  default| mem_ctrl/mem_reg[3471][5]/SE |
| -20.240|  -20.240|-661174.375|-661174.375|   90.60%|   0:00:00.0|10297.9M|      best|  default| mem_ctrl/mem_reg[3471][5]/SE |
| -20.231|  -20.231|-660879.375|-660879.375|   90.61%|   0:00:00.0|10297.9M|      best|  default| mem_ctrl/mem_reg[3471][5]/SE |
| -20.217|  -20.217|-660423.812|-660423.812|   90.61%|   0:00:01.0|10297.9M|      best|  default| mem_ctrl/mem_reg[3471][5]/SE |
| -20.198|  -20.198|-659797.812|-659797.812|   90.61%|   0:00:00.0|10297.9M|      best|  default| mem_ctrl/mem_reg[3471][5]/SE |
| -20.186|  -20.186|-659397.938|-659397.938|   90.61%|   0:00:00.0|10297.9M|      best|  default| mem_ctrl/mem_reg[3471][5]/SE |
| -20.159|  -20.159|-658519.562|-658519.562|   90.61%|   0:00:01.0|10297.9M|      best|  default| mem_ctrl/mem_reg[3471][5]/SE |
| -20.134|  -20.134|-657709.938|-657709.938|   90.61%|   0:00:00.0|10297.9M|      best|  default| mem_ctrl/mem_reg[3471][5]/SE |
| -20.126|  -20.126|-657454.312|-657454.312|   90.61%|   0:00:00.0|10297.9M|      best|  default| mem_ctrl/mem_reg[3471][5]/SE |
| -20.120|  -20.120|-657234.688|-657234.688|   90.61%|   0:00:01.0|10297.9M|      best|  default| mem_ctrl/mem_reg[3471][5]/SE |
| -20.112|  -20.112|-656972.500|-656972.500|   90.61%|   0:00:00.0|10297.9M|      best|  default| mem_ctrl/mem_reg[3471][5]/SE |
| -20.100|  -20.100|-656579.188|-656579.188|   90.61%|   0:00:00.0|10297.9M|      best|  default| mem_ctrl/mem_reg[3471][5]/SE |
| -20.083|  -20.083|-656041.688|-656041.688|   90.61%|   0:00:01.0|10297.9M|      best|  default| mem_ctrl/mem_reg[3471][5]/SE |
| -20.072|  -20.072|-655671.312|-655671.312|   90.61%|   0:00:00.0|10297.9M|      best|  default| mem_ctrl/mem_reg[3471][5]/SE |
| -20.058|  -20.058|-655192.812|-655192.812|   90.62%|   0:00:01.0|10297.9M|      best|  default| mem_ctrl/mem_reg[3471][5]/SE |
| -20.046|  -20.046|-654829.000|-654829.000|   90.62%|   0:00:00.0|10297.9M|      best|  default| mem_ctrl/mem_reg[3471][5]/SE |
| -20.032|  -20.032|-654363.562|-654363.562|   90.62%|   0:00:01.0|10297.9M|      best|  default| mem_ctrl/mem_reg[3471][5]/SE |
| -20.029|  -20.029|-654271.812|-654271.812|   90.62%|   0:00:00.0|10297.9M|      best|  default| mem_ctrl/mem_reg[3471][5]/SE |
| -20.023|  -20.023|-654058.750|-654058.750|   90.62%|   0:00:00.0|10297.9M|      best|  default| mem_ctrl/mem_reg[3471][5]/SE |
| -20.012|  -20.012|-653701.500|-653701.500|   90.62%|   0:00:01.0|10297.9M|      best|  default| mem_ctrl/mem_reg[3471][5]/SE |
| -20.003|  -20.003|-653399.938|-653399.938|   90.62%|   0:00:00.0|10297.9M|      best|  default| mem_ctrl/mem_reg[3471][5]/SE |
| -19.995|  -19.995|-653134.500|-653134.500|   90.63%|   0:00:00.0|10297.9M|      best|  default| mem_ctrl/mem_reg[3471][5]/SE |
| -19.985|  -19.985|-652800.125|-652800.125|   90.63%|   0:00:01.0|10297.9M|      best|  default| mem_ctrl/mem_reg[3471][5]/SE |
| -19.973|  -19.973|-652433.062|-652433.062|   90.63%|   0:00:00.0|10297.9M|      best|  default| mem_ctrl/mem_reg[3471][5]/SE |
| -19.965|  -19.965|-652147.875|-652147.875|   90.63%|   0:00:00.0|10297.9M|      best|  default| mem_ctrl/mem_reg[3471][5]/SE |
| -19.956|  -19.956|-651859.438|-651859.438|   90.63%|   0:00:01.0|10297.9M|      best|  default| mem_ctrl/mem_reg[3471][5]/SE |
| -19.942|  -19.942|-651417.000|-651417.000|   90.63%|   0:00:00.0|10297.9M|      best|  default| mem_ctrl/mem_reg[3471][5]/SE |
| -19.938|  -19.938|-651269.500|-651269.500|   90.63%|   0:00:01.0|10297.9M|      best|  default| mem_ctrl/mem_reg[3471][5]/SE |
| -19.928|  -19.928|-650964.688|-650964.688|   90.64%|   0:00:00.0|10297.9M|      best|  default| mem_ctrl/mem_reg[3471][5]/SE |
| -19.909|  -19.909|-650332.062|-650332.062|   90.64%|   0:00:00.0|10297.9M|      best|  default| mem_ctrl/mem_reg[3471][5]/SE |
| -19.892|  -19.892|-649784.812|-649784.812|   90.64%|   0:00:01.0|10297.9M|      best|  default| mem_ctrl/mem_reg[3471][5]/SE |
| -19.880|  -19.880|-649378.375|-649378.375|   90.64%|   0:00:00.0|10297.9M|      best|  default| mem_ctrl/mem_reg[3471][5]/SE |
| -19.872|  -19.872|-649103.062|-649103.062|   90.64%|   0:00:00.0|10297.9M|      best|  default| mem_ctrl/mem_reg[3471][5]/SE |
| -19.871|  -19.871|-649063.625|-649063.625|   90.64%|   0:00:01.0|10297.9M|      best|  default| mem_ctrl/mem_reg[3471][5]/SE |
| -19.857|  -19.857|-648604.750|-648604.750|   90.64%|   0:00:00.0|10297.9M|      best|  default| mem_ctrl/mem_reg[3471][5]/SE |
| -19.849|  -19.849|-648345.875|-648345.875|   90.65%|   0:00:00.0|10297.9M|      best|  default| mem_ctrl/mem_reg[3471][5]/SE |
| -19.844|  -19.844|-648191.812|-648191.812|   90.65%|   0:00:01.0|10297.9M|      best|  default| mem_ctrl/mem_reg[3471][5]/SE |
| -19.835|  -19.835|-647908.188|-647908.188|   90.65%|   0:00:00.0|10297.9M|      best|  default| mem_ctrl/mem_reg[3471][5]/SE |
| -19.822|  -19.822|-647486.875|-647486.875|   90.65%|   0:00:00.0|10297.9M|      best|  default| mem_ctrl/mem_reg[3471][5]/SE |
| -19.803|  -19.803|-646965.125|-646965.125|   90.65%|   0:00:01.0|10297.9M|      best|  default| mem_ctrl/mem_reg[2084][4]/SE |
| -19.796|  -19.796|-646745.938|-646745.938|   90.66%|   0:00:00.0|10297.9M|      best|  default| mem_ctrl/mem_reg[2084][4]/SE |
| -19.788|  -19.788|-646480.500|-646480.500|   90.66%|   0:00:01.0|10297.9M|      best|  default| mem_ctrl/mem_reg[2084][4]/SE |
| -19.772|  -19.772|-645935.812|-645935.812|   90.66%|   0:00:00.0|10297.9M|      best|  default| mem_ctrl/mem_reg[2084][4]/SE |
| -19.761|  -19.761|-645572.000|-645572.000|   90.66%|   0:00:00.0|10297.9M|      best|  default| mem_ctrl/mem_reg[2084][4]/SE |
| -19.751|  -19.751|-645267.188|-645267.188|   90.66%|   0:00:01.0|10297.9M|      best|  default| mem_ctrl/mem_reg[2084][4]/SE |
| -19.743|  -19.743|-644998.438|-644998.438|   90.66%|   0:00:00.0|10297.9M|      best|  default| mem_ctrl/mem_reg[2084][4]/SE |
| -19.736|  -19.736|-644772.188|-644772.188|   90.66%|   0:00:01.0|10297.9M|      best|  default| mem_ctrl/mem_reg[2084][4]/SE |
| -19.729|  -19.729|-644536.250|-644536.250|   90.66%|   0:00:00.0|10297.9M|      best|  default| mem_ctrl/mem_reg[2084][4]/SE |
| -19.722|  -19.722|-644300.188|-644300.188|   90.67%|   0:00:01.0|10297.9M|      best|  default| mem_ctrl/mem_reg[2084][4]/SE |
| -19.705|  -19.705|-643733.188|-643733.188|   90.67%|   0:00:00.0|10297.9M|      best|  default| mem_ctrl/mem_reg[2084][4]/SE |
| -19.699|  -19.699|-643559.500|-643559.500|   90.67%|   0:00:00.0|10297.9M|      best|  default| mem_ctrl/mem_reg[2084][4]/SE |
| -19.691|  -19.691|-643274.312|-643274.312|   90.67%|   0:00:01.0|10297.9M|      best|  default| mem_ctrl/mem_reg[2084][4]/SE |
| -19.678|  -19.678|-642868.312|-642868.312|   90.67%|   0:00:00.0|10297.9M|      best|  default| mem_ctrl/mem_reg[2084][4]/SE |
| -19.672|  -19.672|-642655.312|-642655.312|   90.67%|   0:00:01.0|10297.9M|      best|  default| mem_ctrl/mem_reg[2084][4]/SE |
| -19.665|  -19.665|-642442.250|-642442.250|   90.67%|   0:00:00.0|10297.9M|      best|  default| mem_ctrl/mem_reg[2084][4]/SE |
| -19.652|  -19.652|-642016.188|-642016.188|   90.67%|   0:00:01.0|10297.9M|      best|  default| mem_ctrl/mem_reg[2084][4]/SE |
| -19.645|  -19.645|-641773.625|-641773.625|   90.67%|   0:00:00.0|10297.9M|      best|  default| mem_ctrl/mem_reg[2084][4]/SE |
| -19.636|  -19.636|-641501.188|-641501.188|   90.68%|   0:00:01.0|10297.9M|      best|  default| mem_ctrl/mem_reg[2084][4]/SE |
| -19.630|  -19.630|-641291.625|-641291.625|   90.68%|   0:00:00.0|10297.9M|      best|  default| mem_ctrl/mem_reg[2084][4]/SE |
| -19.619|  -19.619|-640934.562|-640934.562|   90.68%|   0:00:01.0|10297.9M|      best|  default| mem_ctrl/mem_reg[2084][4]/SE |
| -19.610|  -19.610|-640639.562|-640639.562|   90.68%|   0:00:00.0|10297.9M|      best|  default| mem_ctrl/mem_reg[2084][4]/SE |
| -19.600|  -19.600|-640292.875|-640292.875|   90.68%|   0:00:01.0|10297.9M|      best|  default| mem_ctrl/mem_reg[2084][4]/SE |
| -19.590|  -19.590|-639981.500|-639981.500|   90.69%|   0:00:00.0|10297.9M|      best|  default| mem_ctrl/mem_reg[2084][4]/SE |
| -19.583|  -19.583|-639738.938|-639738.938|   90.69%|   0:00:01.0|10297.9M|      best|  default| mem_ctrl/mem_reg[2084][4]/SE |
| -19.577|  -19.577|-639568.500|-639568.500|   90.69%|   0:00:00.0|10297.9M|      best|  default| mem_ctrl/mem_reg[2084][4]/SE |
| -19.567|  -19.567|-639211.250|-639211.250|   90.69%|   0:00:01.0|10297.9M|      best|  default| mem_ctrl/mem_reg[2084][4]/SE |
| -19.561|  -19.561|-639027.688|-639027.688|   90.69%|   0:00:00.0|10297.9M|      best|  default| mem_ctrl/mem_reg[2084][4]/SE |
| -19.551|  -19.551|-638699.938|-638699.938|   90.69%|   0:00:00.0|10297.9M|      best|  default| mem_ctrl/mem_reg[2084][4]/SE |
| -19.542|  -19.542|-638418.062|-638418.062|   90.69%|   0:00:01.0|10297.9M|      best|  default| mem_ctrl/mem_reg[2084][4]/SE |
| -19.534|  -19.534|-638139.438|-638139.438|   90.69%|   0:00:00.0|10297.9M|      best|  default| mem_ctrl/mem_reg[2084][4]/SE |
| -19.531|  -19.531|-638041.125|-638041.125|   90.70%|   0:00:00.0|10297.9M|      best|  default| mem_ctrl/mem_reg[2084][4]/SE |
| -19.516|  -19.516|-637556.062|-637556.062|   90.70%|   0:00:01.0|10297.9M|      best|  default| mem_ctrl/mem_reg[2084][4]/SE |
| -19.505|  -19.505|-637188.875|-637188.875|   90.70%|   0:00:00.0|10297.9M|      best|  default| mem_ctrl/mem_reg[2084][4]/SE |
| -19.498|  -19.498|-636972.562|-636972.562|   90.70%|   0:00:01.0|10297.9M|      best|  default| mem_ctrl/mem_reg[2084][4]/SE |
| -19.446|  -19.446|-635251.875|-635251.875|   90.71%|   0:00:00.0|10297.9M|      best|  default| mem_ctrl/mem_reg[2084][4]/SE |
| -19.434|  -19.434|-634881.562|-634881.562|   90.71%|   0:00:01.0|10297.9M|      best|  default| mem_ctrl/mem_reg[2084][4]/SE |
| -19.426|  -19.426|-634612.750|-634612.750|   90.71%|   0:00:00.0|10297.9M|      best|  default| mem_ctrl/mem_reg[2084][4]/SE |
| -19.412|  -19.412|-634130.938|-634130.938|   90.71%|   0:00:00.0|10297.9M|      best|  default| mem_ctrl/mem_reg[2084][4]/SE |
| -19.403|  -19.403|-633835.875|-633835.875|   90.71%|   0:00:01.0|10297.9M|      best|  default| mem_ctrl/mem_reg[2084][4]/SE |
| -19.392|  -19.392|-633472.062|-633472.062|   90.71%|   0:00:00.0|10297.9M|      best|  default| mem_ctrl/mem_reg[2084][4]/SE |
| -19.384|  -19.384|-633226.438|-633226.438|   90.71%|   0:00:01.0|10297.9M|      best|  default| mem_ctrl/mem_reg[2084][4]/SE |
| -19.379|  -19.379|-633052.688|-633052.688|   90.72%|   0:00:00.0|10297.9M|      best|  default| mem_ctrl/mem_reg[2084][4]/SE |
| -19.371|  -19.371|-632810.062|-632810.062|   90.72%|   0:00:01.0|10297.9M|      best|  default| mem_ctrl/mem_reg[2084][4]/SE |
| -19.362|  -19.362|-632515.062|-632515.062|   90.72%|   0:00:00.0|10297.9M|      best|  default| mem_ctrl/mem_reg[2084][4]/SE |
| -19.356|  -19.356|-632311.812|-632311.812|   90.72%|   0:00:01.0|10297.9M|      best|  default| mem_ctrl/mem_reg[2084][4]/SE |
| -19.350|  -19.350|-632105.375|-632105.375|   90.72%|   0:00:00.0|10297.9M|      best|  default| mem_ctrl/mem_reg[2084][4]/SE |
| -19.338|  -19.338|-631721.875|-631721.875|   90.72%|   0:00:01.0|10297.9M|      best|  default| mem_ctrl/mem_reg[2084][4]/SE |
| -19.331|  -19.331|-631495.750|-631495.750|   90.73%|   0:00:00.0|10297.9M|      best|  default| mem_ctrl/mem_reg[2084][4]/SE |
| -19.323|  -19.323|-631217.125|-631217.125|   90.73%|   0:00:01.0|10297.9M|      best|  default| mem_ctrl/mem_reg[2084][4]/SE |
| -19.313|  -19.313|-630895.938|-630895.938|   90.73%|   0:00:00.0|10297.9M|      best|  default| mem_ctrl/mem_reg[2084][4]/SE |
| -19.303|  -19.303|-630563.812|-630563.812|   90.73%|   0:00:01.0|10297.9M|      best|  default| mem_ctrl/mem_reg[2084][4]/SE |
| -19.289|  -19.289|-630124.562|-630124.562|   90.74%|   0:00:01.0|10297.9M|      best|  default| mem_ctrl/mem_reg[2084][4]/SE |
| -19.281|  -19.281|-629865.688|-629865.688|   90.74%|   0:00:00.0|10297.9M|      best|  default| mem_ctrl/mem_reg[2084][4]/SE |
| -19.273|  -19.273|-629577.625|-629577.625|   90.75%|   0:00:01.0|10297.9M|      best|  default| mem_ctrl/mem_reg[2084][4]/SE |
| -19.262|  -19.262|-629237.438|-629237.438|   90.75%|   0:00:00.0|10297.9M|      best|  default| mem_ctrl/mem_reg[2084][4]/SE |
| -19.256|  -19.256|-629014.562|-629014.562|   90.75%|   0:00:01.0|10297.9M|      best|  default| mem_ctrl/mem_reg[2084][4]/SE |
| -19.254|  -19.254|-628965.688|-628965.688|   90.75%|   0:00:00.0|10297.9M|      best|  default| mem_ctrl/mem_reg[2084][4]/SE |
| -19.242|  -19.242|-628567.875|-628567.875|   90.75%|   0:00:00.0|10297.9M|      best|  default| mem_ctrl/mem_reg[2084][4]/SE |
| -19.234|  -19.234|-628303.438|-628303.438|   90.75%|   0:00:01.0|10297.9M|      best|  default| mem_ctrl/mem_reg[2084][4]/SE |
| -19.228|  -19.228|-628096.125|-628096.125|   90.76%|   0:00:00.0|10297.9M|      best|  default| mem_ctrl/mem_reg[2084][4]/SE |
| -19.210|  -19.210|-627524.188|-627524.188|   90.76%|   0:00:01.0|10297.9M|      best|  default| mem_ctrl/mem_reg[2084][4]/SE |
| -19.195|  -19.195|-627024.438|-627024.438|   90.76%|   0:00:00.0|10297.9M|      best|  default| mem_ctrl/mem_reg[2084][4]/SE |
| -19.187|  -19.187|-626775.062|-626775.062|   90.76%|   0:00:01.0|10297.9M|      best|  default| mem_ctrl/mem_reg[2084][4]/SE |
| -19.181|  -19.181|-626565.750|-626565.750|   90.76%|   0:00:00.0|10297.9M|      best|  default| mem_ctrl/mem_reg[2084][4]/SE |
| -19.174|  -19.174|-626346.438|-626346.438|   90.76%|   0:00:01.0|10297.9M|      best|  default| mem_ctrl/mem_reg[2084][4]/SE |
| -19.168|  -19.168|-626152.938|-626152.938|   90.76%|   0:00:00.0|10297.9M|      best|  default| mem_ctrl/mem_reg[2084][4]/SE |
| -19.153|  -19.153|-625669.062|-625669.062|   90.77%|   0:00:01.0|10297.9M|      best|  default| mem_ctrl/mem_reg[2084][4]/SE |
| -19.140|  -19.140|-625236.375|-625236.375|   90.77%|   0:00:00.0|10297.9M|      best|  default| mem_ctrl/mem_reg[2084][4]/SE |
| -19.127|  -19.127|-624796.562|-624796.562|   90.77%|   0:00:01.0|10297.9M|      best|  default| mem_ctrl/mem_reg[2084][4]/SE |
| -19.119|  -19.119|-624539.875|-624539.875|   90.77%|   0:00:00.0|10297.9M|      best|  default| mem_ctrl/mem_reg[2084][4]/SE |
| -19.111|  -19.111|-624282.375|-624282.375|   90.77%|   0:00:01.0|10297.9M|      best|  default| mem_ctrl/mem_reg[2084][4]/SE |
| -19.104|  -19.104|-624038.438|-624038.438|   90.77%|   0:00:00.0|10297.9M|      best|  default| mem_ctrl/mem_reg[2084][4]/SE |
| -19.097|  -19.097|-623815.562|-623815.562|   90.78%|   0:00:01.0|10297.9M|      best|  default| mem_ctrl/mem_reg[2084][4]/SE |
| -19.089|  -19.089|-623550.875|-623550.875|   90.78%|   0:00:00.0|10297.9M|      best|  default| mem_ctrl/mem_reg[2084][4]/SE |
| -19.080|  -19.080|-623265.562|-623265.562|   90.78%|   0:00:01.0|10297.9M|      best|  default| mem_ctrl/mem_reg[2084][4]/SE |
| -19.072|  -19.072|-623010.375|-623010.375|   90.78%|   0:00:00.0|10297.9M|      best|  default| mem_ctrl/mem_reg[2084][4]/SE |
| -19.063|  -19.063|-622708.938|-622708.938|   90.78%|   0:00:01.0|10297.9M|      best|  default| mem_ctrl/mem_reg[2084][4]/SE |
| -19.057|  -19.057|-622495.875|-622495.875|   90.78%|   0:00:00.0|10297.9M|      best|  default| mem_ctrl/mem_reg[2084][4]/SE |
| -19.053|  -19.053|-622367.938|-622367.938|   90.78%|   0:00:01.0|10297.9M|      best|  default| mem_ctrl/mem_reg[2084][4]/SE |
| -19.046|  -19.046|-622148.625|-622148.625|   90.78%|   0:00:00.0|10297.9M|      best|  default| mem_ctrl/mem_reg[2084][4]/SE |
| -19.038|  -19.038|-621896.000|-621896.000|   90.79%|   0:00:01.0|10297.9M|      best|  default| mem_ctrl/mem_reg[2084][4]/SE |
| -19.033|  -19.033|-621719.062|-621719.062|   90.79%|   0:00:00.0|10297.9M|      best|  default| mem_ctrl/mem_reg[2084][4]/SE |
| -19.025|  -19.025|-621468.750|-621468.750|   90.79%|   0:00:01.0|10297.9M|      best|  default| mem_ctrl/mem_reg[2084][4]/SE |
| -19.018|  -19.018|-621220.250|-621220.250|   90.79%|   0:00:00.0|10297.9M|      best|  default| mem_ctrl/mem_reg[2084][4]/SE |
| -19.010|  -19.010|-620955.188|-620955.188|   90.79%|   0:00:01.0|10297.9M|      best|  default| mem_ctrl/mem_reg[2084][4]/SE |
| -18.994|  -18.994|-620435.375|-620435.375|   90.79%|   0:00:01.0|10297.9M|      best|  default| mem_ctrl/mem_reg[2084][4]/SE |
| -18.985|  -18.985|-620156.812|-620156.812|   90.80%|   0:00:01.0|10297.9M|      best|  default| mem_ctrl/mem_reg[2084][4]/SE |
| -18.975|  -18.975|-619825.875|-619825.875|   90.80%|   0:00:00.0|10297.9M|      best|  default| mem_ctrl/mem_reg[2084][4]/SE |
| -18.969|  -18.969|-619619.375|-619619.375|   90.80%|   0:00:01.0|10297.9M|      best|  default| mem_ctrl/mem_reg[2084][4]/SE |
| -18.964|  -18.964|-619471.812|-619471.812|   90.80%|   0:00:00.0|10297.9M|      best|  default| mem_ctrl/mem_reg[2084][4]/SE |
| -18.955|  -18.955|-619163.688|-619163.688|   90.81%|   0:00:01.0|10297.9M|      best|  default| mem_ctrl/mem_reg[2084][4]/SE |
| -18.949|  -18.949|-618960.562|-618960.562|   90.81%|   0:00:00.0|10297.9M|      best|  default| mem_ctrl/mem_reg[2084][4]/SE |
| -18.936|  -18.936|-618544.250|-618544.250|   90.81%|   0:00:01.0|10297.9M|      best|  default| mem_ctrl/mem_reg[2084][4]/SE |
| -18.929|  -18.929|-618308.250|-618308.250|   90.82%|   0:00:00.0|10297.9M|      best|  default| mem_ctrl/mem_reg[2084][4]/SE |
| -18.923|  -18.923|-618105.000|-618105.000|   90.82%|   0:00:01.0|10297.9M|      best|  default| mem_ctrl/mem_reg[2084][4]/SE |
| -18.912|  -18.912|-617744.500|-617744.500|   90.83%|   0:00:00.0|10297.9M|      best|  default| mem_ctrl/mem_reg[2084][4]/SE |
| -18.905|  -18.905|-617534.750|-617534.750|   90.83%|   0:00:01.0|10297.9M|      best|  default| mem_ctrl/mem_reg[2084][4]/SE |
| -18.900|  -18.900|-617361.125|-617361.125|   90.83%|   0:00:00.0|10297.9M|      best|  default| mem_ctrl/mem_reg[2084][4]/SE |
| -18.896|  -18.896|-617223.375|-617223.375|   90.83%|   0:00:01.0|10297.9M|      best|  default| mem_ctrl/mem_reg[2084][4]/SE |
| -18.879|  -18.879|-616679.438|-616679.438|   90.84%|   0:00:00.0|10297.9M|      best|  default| mem_ctrl/mem_reg[2084][4]/SE |
| -18.872|  -18.872|-616459.688|-616459.688|   90.84%|   0:00:01.0|10297.9M|      best|  default| mem_ctrl/mem_reg[2084][4]/SE |
| -18.864|  -18.864|-616181.062|-616181.062|   90.85%|   0:00:00.0|10297.9M|      best|  default| mem_ctrl/mem_reg[2084][4]/SE |
| -18.857|  -18.857|-615964.750|-615964.750|   90.85%|   0:00:01.0|10297.9M|      best|  default| mem_ctrl/mem_reg[2084][4]/SE |
| -18.850|  -18.850|-615712.375|-615712.375|   90.85%|   0:00:00.0|10297.9M|      best|  default| mem_ctrl/mem_reg[2084][4]/SE |
| -18.840|  -18.840|-615404.312|-615404.312|   90.85%|   0:00:01.0|10297.9M|      best|  default| mem_ctrl/mem_reg[2084][4]/SE |
| -18.829|  -18.829|-615053.625|-615053.625|   90.86%|   0:00:00.0|10297.9M|      best|  default| mem_ctrl/mem_reg[2084][4]/SE |
| -18.819|  -18.819|-614699.688|-614699.688|   90.86%|   0:00:01.0|10297.9M|      best|  default| mem_ctrl/mem_reg[2084][4]/SE |
| -18.813|  -18.813|-614519.438|-614519.438|   90.87%|   0:00:01.0|10297.9M|      best|  default| mem_ctrl/mem_reg[2084][4]/SE |
| -18.806|  -18.806|-614303.125|-614303.125|   90.87%|   0:00:00.0|10297.9M|      best|  default| mem_ctrl/mem_reg[2084][4]/SE |
| -18.800|  -18.800|-614096.625|-614096.625|   90.87%|   0:00:00.0|10297.9M|      best|  default| mem_ctrl/mem_reg[2084][4]/SE |
| -18.789|  -18.789|-613724.000|-613724.000|   90.88%|   0:00:01.0|10297.9M|      best|  default| mem_ctrl/mem_reg[2084][4]/SE |
| -18.778|  -18.778|-613373.812|-613373.812|   90.88%|   0:00:01.0|10297.9M|      best|  default| mem_ctrl/mem_reg[2084][4]/SE |
| -18.773|  -18.773|-613203.250|-613203.250|   90.88%|   0:00:00.0|10297.9M|      best|  default| mem_ctrl/mem_reg[2084][4]/SE |
| -18.767|  -18.767|-613019.750|-613019.750|   90.89%|   0:00:01.0|10297.9M|      best|  default| mem_ctrl/mem_reg[2084][4]/SE |
| -18.762|  -18.762|-612852.625|-612852.625|   90.89%|   0:00:00.0|10297.9M|      best|  default| mem_ctrl/mem_reg[2084][4]/SE |
| -18.757|  -18.757|-612675.625|-612675.625|   90.90%|   0:00:01.0|10297.9M|      best|  default| mem_ctrl/mem_reg[2084][4]/SE |
| -18.751|  -18.751|-612472.312|-612472.312|   90.91%|   0:00:01.0|10297.9M|      best|  default| mem_ctrl/mem_reg[2084][4]/SE |
| -18.740|  -18.740|-612128.250|-612128.250|   90.91%|   0:00:00.0|10297.9M|      best|  default| mem_ctrl/mem_reg[2084][4]/SE |
| -18.730|  -18.730|-611784.062|-611784.062|   90.92%|   0:00:01.0|10297.9M|      best|  default| mem_ctrl/mem_reg[2084][4]/SE |
| -18.725|  -18.725|-611616.875|-611616.875|   90.93%|   0:00:00.0|10297.9M|      best|  default| mem_ctrl/mem_reg[2084][4]/SE |
| -18.717|  -18.717|-611361.250|-611361.250|   90.93%|   0:00:01.0|10297.9M|      best|  default| mem_ctrl/mem_reg[2084][4]/SE |
| -18.712|  -18.712|-611197.438|-611197.438|   90.94%|   0:00:01.0|10297.9M|      best|  default| mem_ctrl/mem_reg[2084][4]/SE |
| -18.706|  -18.706|-611004.000|-611004.000|   90.95%|   0:00:00.0|10297.9M|      best|  default| mem_ctrl/mem_reg[2084][4]/SE |
| -18.701|  -18.701|-610833.500|-610833.500|   90.95%|   0:00:01.0|10297.9M|      best|  default| mem_ctrl/mem_reg[2084][4]/SE |
| -18.697|  -18.697|-610692.625|-610692.625|   90.95%|   0:00:01.0|10297.9M|      best|  default| mem_ctrl/mem_reg[2084][4]/SE |
| -18.688|  -18.688|-610430.438|-610430.438|   90.95%|   0:00:00.0|10297.9M|      best|  default| mem_ctrl/mem_reg[2084][4]/SE |
| -18.683|  -18.683|-610256.688|-610256.688|   90.96%|   0:00:01.0|10297.9M|      best|  default| mem_ctrl/mem_reg[2084][4]/SE |
| -18.677|  -18.677|-610063.312|-610063.312|   90.96%|   0:00:00.0|10297.9M|      best|  default| mem_ctrl/mem_reg[2084][4]/SE |
| -18.668|  -18.668|-609749.500|-609749.500|   90.96%|   0:00:01.0|10297.9M|      best|  default| mem_ctrl/mem_reg[2084][4]/SE |
| -18.662|  -18.662|-609549.688|-609549.688|   90.96%|   0:00:00.0|10297.9M|      best|  default| mem_ctrl/mem_reg[2084][4]/SE |
| -18.653|  -18.653|-609273.750|-609273.750|   90.96%|   0:00:01.0|10297.9M|      best|  default| mem_ctrl/mem_reg[2084][4]/SE |
| -18.646|  -18.646|-609024.875|-609024.875|   90.97%|   0:00:01.0|10297.9M|      best|  default| mem_ctrl/mem_reg[2084][4]/SE |
| -18.640|  -18.640|-608842.125|-608842.125|   90.98%|   0:00:00.0|10297.9M|      best|  default| mem_ctrl/mem_reg[2084][4]/SE |
| -18.633|  -18.633|-608619.250|-608619.250|   90.98%|   0:00:01.0|10297.9M|      best|  default| mem_ctrl/mem_reg[2084][4]/SE |
| -18.627|  -18.627|-608416.062|-608416.062|   90.99%|   0:00:01.0|10297.9M|      best|  default| mem_ctrl/mem_reg[2084][4]/SE |
| -18.620|  -18.620|-608186.688|-608186.688|   90.99%|   0:00:00.0|10297.9M|      best|  default| mem_ctrl/mem_reg[2084][4]/SE |
| -18.613|  -18.613|-607963.812|-607963.812|   91.00%|   0:00:01.0|10297.9M|      best|  default| mem_ctrl/mem_reg[2084][4]/SE |
| -18.607|  -18.607|-607763.875|-607763.875|   91.00%|   0:00:01.0|10297.9M|      best|  default| mem_ctrl/mem_reg[2084][4]/SE |
| -18.595|  -18.595|-607373.812|-607373.812|   91.01%|   0:00:00.0|10317.0M|      best|  default| mem_ctrl/mem_reg[2084][4]/SE |
| -18.590|  -18.590|-607209.938|-607209.938|   91.01%|   0:00:01.0|10317.0M|      best|  default| mem_ctrl/mem_reg[2084][4]/SE |
| -18.579|  -18.579|-606846.125|-606846.125|   91.01%|   0:00:00.0|10317.0M|      best|  default| mem_ctrl/mem_reg[2084][4]/SE |
| -18.573|  -18.573|-606649.625|-606649.625|   91.02%|   0:00:01.0|10317.0M|      best|  default| mem_ctrl/mem_reg[2084][4]/SE |
| -18.570|  -18.570|-606564.312|-606564.312|   91.03%|   0:00:01.0|10317.0M|      best|  default| mem_ctrl/mem_reg[2084][4]/SE |
| -18.563|  -18.563|-606322.312|-606322.312|   91.03%|   0:00:00.0|10317.0M|      best|  default| mem_ctrl/mem_reg[2084][4]/SE |
| -18.557|  -18.557|-606118.438|-606118.438|   91.04%|   0:00:01.0|10317.0M|      best|  default| mem_ctrl/mem_reg[2084][4]/SE |
| -18.551|  -18.551|-605915.375|-605915.375|   91.04%|   0:00:00.0|10317.0M|      best|  default| mem_ctrl/mem_reg[2084][4]/SE |
| -18.544|  -18.544|-605788.500|-605788.500|   91.05%|   0:00:01.0|10317.0M|      best|  default| mem_ctrl/mem_reg[114][1]/SE  |
| -18.537|  -18.537|-605595.500|-605595.500|   91.05%|   0:00:01.0|10317.0M|      best|  default| mem_ctrl/mem_reg[903][2]/SE  |
| -18.532|  -18.532|-605330.250|-605330.250|   91.06%|   0:00:01.0|10317.0M|      best|  default| mem_ctrl/mem_reg[3411][3]/SE |
| -18.526|  -18.526|-605125.938|-605125.938|   91.06%|   0:00:00.0|10317.0M|      best|  default| mem_ctrl/mem_reg[3411][3]/SE |
| -18.516|  -18.516|-604829.812|-604829.812|   91.07%|   0:00:01.0|10410.3M|      best|  default| mem_ctrl/mem_reg[3390][3]/SE |
| -18.508|  -18.508|-604546.625|-604546.625|   91.07%|   0:00:01.0|10410.3M|      best|  default| mem_ctrl/mem_reg[3390][3]/SE |
| -18.501|  -18.501|-604343.438|-604343.438|   91.08%|   0:00:01.0|10410.3M|      best|  default| mem_ctrl/mem_reg[3390][3]/SE |
| -18.499|  -18.499|-604252.375|-604252.375|   91.09%|   0:00:00.0|10410.3M|      best|  default| mem_ctrl/mem_reg[3390][3]/SE |
| -18.489|  -18.489|-603948.125|-603948.125|   91.09%|   0:00:01.0|10410.3M|      best|  default| mem_ctrl/mem_reg[3390][3]/SE |
| -18.483|  -18.483|-603740.062|-603740.062|   91.11%|   0:00:00.0|10410.3M|      best|  default| mem_ctrl/mem_reg[3390][3]/SE |
| -18.478|  -18.478|-603585.938|-603585.938|   91.11%|   0:00:01.0|10410.3M|      best|  default| mem_ctrl/mem_reg[3390][3]/SE |
| -18.472|  -18.472|-603379.438|-603379.438|   91.12%|   0:00:01.0|10410.3M|      best|  default| mem_ctrl/mem_reg[3390][3]/SE |
| -18.467|  -18.467|-603215.625|-603215.625|   91.13%|   0:00:01.0|10410.3M|      best|  default| mem_ctrl/mem_reg[3390][3]/SE |
| -18.459|  -18.459|-602941.938|-602941.938|   91.14%|   0:00:00.0|10410.3M|      best|  default| mem_ctrl/mem_reg[3390][3]/SE |
| -18.451|  -18.451|-602697.688|-602697.688|   91.15%|   0:00:01.0|10410.3M|      best|  default| mem_ctrl/mem_reg[3390][3]/SE |
| -18.445|  -18.445|-602530.812|-602530.812|   91.16%|   0:00:01.0|10410.3M|      best|  default| mem_ctrl/mem_reg[727][4]/SE  |
| -18.440|  -18.440|-602351.625|-602351.625|   91.16%|   0:00:01.0|10410.3M|      best|  default| mem_ctrl/mem_reg[3390][3]/SE |
| -18.430|  -18.430|-602034.000|-602034.000|   91.17%|   0:00:01.0|10410.3M|      best|  default| mem_ctrl/mem_reg[3390][3]/SE |
| -18.423|  -18.423|-601786.875|-601786.875|   91.17%|   0:00:00.0|10410.3M|      best|  default| mem_ctrl/mem_reg[3390][3]/SE |
| -18.413|  -18.413|-601480.188|-601480.188|   91.18%|   0:00:01.0|10410.3M|      best|  default| mem_ctrl/mem_reg[3390][3]/SE |
| -18.409|  -18.409|-601355.812|-601355.812|   91.19%|   0:00:01.0|10410.3M|      best|  default| mem_ctrl/mem_reg[3390][3]/SE |
| -18.404|  -18.404|-601173.812|-601173.812|   91.19%|   0:00:01.0|10410.3M|      best|  default| mem_ctrl/mem_reg[3390][3]/SE |
| -18.398|  -18.398|-600993.750|-600993.750|   91.20%|   0:00:01.0|10410.3M|      best|  default| mem_ctrl/mem_reg[3390][3]/SE |
| -18.392|  -18.392|-600777.688|-600777.688|   91.20%|   0:00:00.0|10410.3M|      best|  default| mem_ctrl/mem_reg[3390][3]/SE |
| -18.386|  -18.386|-600605.812|-600605.812|   91.21%|   0:00:01.0|10410.3M|      best|  default| mem_ctrl/mem_reg[3390][3]/SE |
| -18.380|  -18.380|-600407.000|-600407.000|   91.21%|   0:00:01.0|10410.3M|      best|  default| mem_ctrl/mem_reg[3390][3]/SE |
| -18.369|  -18.369|-600041.000|-600041.000|   91.22%|   0:00:01.0|10410.3M|      best|  default| mem_ctrl/mem_reg[67][0]/SE   |
| -18.361|  -18.361|-599729.500|-599729.500|   91.23%|   0:00:01.0|10410.3M|      best|  default| mem_ctrl/mem_reg[680][0]/SE  |
| -18.353|  -18.353|-599631.500|-599631.500|   91.23%|   0:00:01.0|10410.3M|      best|  default| mem_ctrl/mem_reg[680][0]/SE  |
| -18.346|  -18.346|-599427.562|-599427.562|   91.24%|   0:00:00.0|10429.4M|      best|  default| mem_ctrl/mem_reg[680][0]/SE  |
| -18.339|  -18.339|-599216.375|-599216.375|   91.25%|   0:00:01.0|10429.4M|      best|  default| mem_ctrl/mem_reg[680][0]/SE  |
| -18.332|  -18.332|-598990.688|-598990.688|   91.26%|   0:00:01.0|10429.4M|      best|  default| mem_ctrl/mem_reg[680][0]/SE  |
| -18.327|  -18.327|-598840.062|-598840.062|   91.27%|   0:00:01.0|10429.4M|      best|  default| mem_ctrl/mem_reg[680][0]/SE  |
| -18.323|  -18.323|-598685.938|-598685.938|   91.28%|   0:00:01.0|10429.4M|      best|  default| mem_ctrl/mem_reg[680][0]/SE  |
| -18.318|  -18.318|-598541.688|-598541.688|   91.28%|   0:00:01.0|10429.4M|      best|  default| mem_ctrl/mem_reg[680][0]/SE  |
| -18.314|  -18.314|-598463.062|-598463.062|   91.29%|   0:00:01.0|10429.4M|      best|  default| mem_ctrl/mem_reg[658][1]/SE  |
| -18.307|  -18.307|-598220.812|-598220.812|   91.29%|   0:00:01.0|10429.4M|      best|  default| mem_ctrl/mem_reg[658][1]/SE  |
| -18.299|  -18.299|-597981.000|-597981.000|   91.29%|   0:00:01.0|10448.4M|      best|  default| mem_ctrl/mem_reg[658][1]/SE  |
| -18.293|  -18.293|-597766.000|-597766.000|   91.30%|   0:00:01.0|10448.4M|      best|  default| mem_ctrl/mem_reg[658][1]/SE  |
| -18.282|  -18.282|-597394.875|-597394.875|   91.30%|   0:00:01.0|10448.4M|      best|  default| mem_ctrl/mem_reg[658][1]/SE  |
| -18.272|  -18.272|-597068.062|-597068.062|   91.32%|   0:00:01.0|10448.4M|      best|  default| mem_ctrl/mem_reg[658][1]/SE  |
| -18.264|  -18.264|-596817.188|-596817.188|   91.32%|   0:00:01.0|10448.4M|      best|  default| mem_ctrl/mem_reg[658][1]/SE  |
| -18.253|  -18.253|-596452.375|-596452.375|   91.33%|   0:00:01.0|10620.1M|      best|  default| mem_ctrl/mem_reg[658][1]/SE  |
| -18.245|  -18.245|-596158.188|-596158.188|   91.35%|   0:00:02.0|10620.1M|      best|  default| mem_ctrl/mem_reg[658][1]/SE  |
| -18.237|  -18.237|-595922.188|-595922.188|   91.35%|   0:00:00.0|10620.1M|      best|  default| mem_ctrl/mem_reg[658][1]/SE  |
| -18.233|  -18.233|-595774.812|-595774.812|   91.36%|   0:00:01.0|10620.1M|      best|  default| mem_ctrl/mem_reg[658][1]/SE  |
| -18.226|  -18.226|-595544.188|-595544.188|   91.37%|   0:00:01.0|10620.1M|      best|  default| mem_ctrl/mem_reg[658][1]/SE  |
| -18.220|  -18.220|-595338.500|-595338.500|   91.37%|   0:00:01.0|10620.1M|      best|  default| mem_ctrl/mem_reg[658][1]/SE  |
| -18.213|  -18.213|-595126.875|-595126.875|   91.38%|   0:00:01.0|10620.1M|      best|  default| mem_ctrl/mem_reg[658][1]/SE  |
| -18.212|  -18.212|-595096.375|-595096.375|   91.39%|   0:00:01.0|10620.1M|      best|  default| mem_ctrl/mem_reg[658][1]/SE  |
| -18.207|  -18.207|-594918.312|-594918.312|   91.39%|   0:00:00.0|10620.1M|      best|  default| mem_ctrl/mem_reg[658][1]/SE  |
| -18.199|  -18.199|-594674.250|-594674.250|   91.40%|   0:00:01.0|10620.1M|      best|  default| mem_ctrl/mem_reg[658][1]/SE  |
| -18.188|  -18.188|-594333.250|-594333.250|   91.41%|   0:00:02.0|10620.1M|      best|  default| mem_ctrl/mem_reg[658][1]/SE  |
| -18.185|  -18.185|-594246.125|-594246.125|   91.42%|   0:00:03.0|10620.1M|      best|  default| mem_ctrl/mem_reg[658][1]/SE  |
| -18.180|  -18.180|-594082.438|-594082.438|   91.43%|   0:00:01.0|10620.1M|      best|  default| mem_ctrl/mem_reg[658][1]/SE  |
| -18.175|  -18.175|-593905.438|-593905.438|   91.44%|   0:00:01.0|10620.1M|      best|  default| mem_ctrl/mem_reg[658][1]/SE  |
| -18.166|  -18.166|-593600.688|-593600.688|   91.45%|   0:00:01.0|10620.1M|      best|  default| mem_ctrl/mem_reg[658][1]/SE  |
| -18.160|  -18.160|-593408.000|-593408.000|   91.46%|   0:00:01.0|10620.1M|      best|  default| mem_ctrl/mem_reg[658][1]/SE  |
| -18.154|  -18.154|-593230.000|-593230.000|   91.48%|   0:00:01.0|10620.1M|      best|  default| mem_ctrl/mem_reg[658][1]/SE  |
| -18.148|  -18.148|-593025.188|-593025.188|   91.48%|   0:00:02.0|10620.1M|      best|  default| mem_ctrl/mem_reg[658][1]/SE  |
| -18.144|  -18.144|-592899.500|-592899.500|   91.49%|   0:00:01.0|10620.1M|      best|  default| mem_ctrl/mem_reg[658][1]/SE  |
| -18.139|  -18.139|-592730.375|-592730.375|   91.50%|   0:00:01.0|10620.1M|      best|  default| mem_ctrl/mem_reg[658][1]/SE  |
| -18.132|  -18.132|-592515.125|-592515.125|   91.50%|   0:00:01.0|10620.1M|      best|  default| mem_ctrl/mem_reg[658][1]/SE  |
| -18.131|  -18.131|-592460.688|-592460.688|   91.51%|   0:00:01.0|10620.1M|      best|  default| mem_ctrl/mem_reg[658][1]/SE  |
| -18.126|  -18.126|-592294.438|-592294.438|   91.51%|   0:00:01.0|10620.1M|      best|  default| mem_ctrl/mem_reg[658][1]/SE  |
| -18.120|  -18.120|-592120.562|-592120.562|   91.52%|   0:00:00.0|10620.1M|      best|  default| mem_ctrl/mem_reg[658][1]/SE  |
| -18.115|  -18.115|-591946.938|-591946.938|   91.53%|   0:00:02.0|10620.1M|      best|  default| mem_ctrl/mem_reg[658][1]/SE  |
| -18.110|  -18.110|-591769.438|-591769.438|   91.53%|   0:00:01.0|10620.1M|      best|  default| mem_ctrl/mem_reg[658][1]/SE  |
| -18.104|  -18.104|-591579.938|-591579.938|   91.54%|   0:00:00.0|10620.1M|      best|  default| mem_ctrl/mem_reg[658][1]/SE  |
| -18.097|  -18.097|-591375.000|-591375.000|   91.54%|   0:00:01.0|10620.1M|      best|  default| mem_ctrl/mem_reg[658][1]/SE  |
| -18.094|  -18.094|-591257.188|-591257.188|   91.55%|   0:00:02.0|10620.1M|      best|  default| mem_ctrl/mem_reg[658][1]/SE  |
| -18.091|  -18.091|-591165.500|-591165.500|   91.56%|   0:00:00.0|10620.1M|      best|  default| mem_ctrl/mem_reg[658][1]/SE  |
| -18.085|  -18.085|-590974.062|-590974.062|   91.57%|   0:00:02.0|10620.1M|      best|  default| mem_ctrl/mem_reg[658][1]/SE  |
| -18.083|  -18.083|-590913.062|-590913.062|   91.57%|   0:00:01.0|10620.1M|      best|  default| mem_ctrl/mem_reg[658][1]/SE  |
| -18.077|  -18.077|-590704.125|-590704.125|   91.57%|   0:00:00.0|10620.1M|      best|  default| mem_ctrl/mem_reg[658][1]/SE  |
| -18.072|  -18.072|-590544.000|-590544.000|   91.59%|   0:00:01.0|10620.1M|      best|  default| mem_ctrl/mem_reg[658][1]/SE  |
| -18.070|  -18.070|-590472.500|-590472.500|   91.59%|   0:00:01.0|10620.1M|      best|  default| mem_ctrl/mem_reg[658][1]/SE  |
| -18.064|  -18.064|-590266.500|-590266.500|   91.60%|   0:00:01.0|10620.1M|      best|  default| mem_ctrl/mem_reg[658][1]/SE  |
| -18.058|  -18.058|-590078.125|-590078.125|   91.60%|   0:00:01.0|10620.1M|      best|  default| mem_ctrl/mem_reg[658][1]/SE  |
| -18.054|  -18.054|-589950.812|-589950.812|   91.61%|   0:00:01.0|10620.1M|      best|  default| mem_ctrl/mem_reg[658][1]/SE  |
| -18.049|  -18.049|-589781.375|-589781.375|   91.61%|   0:00:01.0|10620.1M|      best|  default| mem_ctrl/mem_reg[658][1]/SE  |
| -18.046|  -18.046|-589684.000|-589684.000|   91.62%|   0:00:01.0|10620.1M|      best|  default| mem_ctrl/mem_reg[658][1]/SE  |
| -18.040|  -18.040|-589491.812|-589491.812|   91.62%|   0:00:01.0|10620.1M|      best|  default| mem_ctrl/mem_reg[658][1]/SE  |
| -18.034|  -18.034|-589278.438|-589278.438|   91.63%|   0:00:01.0|10620.1M|      best|  default| mem_ctrl/mem_reg[658][1]/SE  |
| -18.029|  -18.029|-589141.625|-589141.625|   91.64%|   0:00:01.0|10620.1M|      best|  default| mem_ctrl/mem_reg[658][1]/SE  |
| -18.026|  -18.026|-589036.625|-589036.625|   91.64%|   0:00:01.0|10620.1M|      best|  default| mem_ctrl/mem_reg[658][1]/SE  |
| -18.021|  -18.021|-588859.000|-588859.000|   91.65%|   0:00:01.0|10620.1M|      best|  default| mem_ctrl/mem_reg[658][1]/SE  |
| -18.015|  -18.015|-588687.062|-588687.062|   91.65%|   0:00:01.0|10620.1M|      best|  default| mem_ctrl/mem_reg[658][1]/SE  |
| -18.014|  -18.014|-588637.312|-588637.312|   91.65%|   0:00:01.0|10620.1M|      best|  default| mem_ctrl/mem_reg[658][1]/SE  |
| -18.010|  -18.010|-588491.438|-588491.438|   91.65%|   0:00:01.0|10620.1M|      best|  default| mem_ctrl/mem_reg[658][1]/SE  |
| -18.007|  -18.007|-588397.312|-588397.312|   91.66%|   0:00:01.0|10620.1M|      best|  default| mem_ctrl/mem_reg[658][1]/SE  |
| -18.002|  -18.002|-588230.062|-588230.062|   91.66%|   0:00:01.0|10620.1M|      best|  default| mem_ctrl/mem_reg[658][1]/SE  |
| -18.000|  -18.000|-588171.812|-588171.812|   91.67%|   0:00:01.0|10620.1M|      best|  default| mem_ctrl/mem_reg[658][1]/SE  |
| -17.994|  -17.994|-587992.438|-587992.438|   91.67%|   0:00:01.0|10620.1M|      best|  default| mem_ctrl/mem_reg[658][1]/SE  |
| -17.990|  -17.990|-587846.812|-587846.812|   91.68%|   0:00:00.0|10620.1M|      best|  default| mem_ctrl/mem_reg[658][1]/SE  |
| -17.986|  -17.986|-587733.812|-587733.812|   91.68%|   0:00:02.0|10620.1M|      best|  default| mem_ctrl/mem_reg[658][1]/SE  |
| -17.982|  -17.982|-587592.562|-587592.562|   91.69%|   0:00:01.0|10620.1M|      best|  default| mem_ctrl/mem_reg[658][1]/SE  |
| -17.980|  -17.980|-587531.062|-587531.062|   91.70%|   0:00:01.0|10620.1M|      best|  default| mem_ctrl/mem_reg[658][1]/SE  |
| -17.978|  -17.978|-587439.688|-587439.688|   91.70%|   0:00:00.0|10620.1M|      best|  default| mem_ctrl/mem_reg[658][1]/SE  |
| -17.972|  -17.972|-587253.312|-587253.312|   91.70%|   0:00:01.0|10620.1M|      best|  default| mem_ctrl/mem_reg[658][1]/SE  |
| -17.969|  -17.969|-587157.750|-587157.750|   91.71%|   0:00:01.0|10620.1M|      best|  default| mem_ctrl/mem_reg[658][1]/SE  |
| -17.964|  -17.964|-586998.875|-586998.875|   91.71%|   0:00:01.0|10620.1M|      best|  default| mem_ctrl/mem_reg[658][1]/SE  |
| -17.962|  -17.962|-586913.938|-586913.938|   91.72%|   0:00:01.0|10620.1M|      best|  default| mem_ctrl/mem_reg[658][1]/SE  |
| -17.959|  -17.959|-586823.125|-586823.125|   91.72%|   0:00:01.0|10620.1M|      best|  default| mem_ctrl/mem_reg[658][1]/SE  |
| -17.956|  -17.956|-586728.250|-586728.250|   91.73%|   0:00:01.0|10620.1M|      best|  default| mem_ctrl/mem_reg[658][1]/SE  |
| -17.952|  -17.952|-586592.750|-586592.750|   91.73%|   0:00:01.0|10620.1M|      best|  default| mem_ctrl/mem_reg[658][1]/SE  |
| -17.949|  -17.949|-586505.188|-586505.188|   91.73%|   0:00:00.0|10620.1M|      best|  default| mem_ctrl/mem_reg[658][1]/SE  |
| -17.947|  -17.947|-586429.938|-586429.938|   91.74%|   0:00:01.0|10620.1M|      best|  default| mem_ctrl/mem_reg[658][1]/SE  |
| -17.944|  -17.944|-586342.250|-586342.250|   91.74%|   0:00:01.0|10620.1M|      best|  default| mem_ctrl/mem_reg[658][1]/SE  |
| -17.938|  -17.938|-586139.062|-586139.062|   91.74%|   0:00:01.0|10620.1M|      best|  default| mem_ctrl/mem_reg[658][1]/SE  |
| -17.936|  -17.936|-586083.812|-586083.812|   91.75%|   0:00:01.0|10620.1M|      best|  default| mem_ctrl/mem_reg[658][1]/SE  |
| -17.932|  -17.932|-585966.188|-585966.188|   91.75%|   0:00:01.0|10620.1M|      best|  default| mem_ctrl/mem_reg[658][1]/SE  |
| -17.927|  -17.927|-585769.938|-585769.938|   91.76%|   0:00:01.0|10620.1M|      best|  default| mem_ctrl/mem_reg[658][1]/SE  |
| -17.924|  -17.924|-585687.125|-585687.125|   91.77%|   0:00:01.0|10620.1M|      best|  default| mem_ctrl/mem_reg[658][1]/SE  |
| -17.924|  -17.924|-585667.625|-585667.625|   91.78%|   0:00:01.0|10620.1M|      best|  default| mem_ctrl/mem_reg[658][1]/SE  |
| -17.917|  -17.917|-585458.375|-585458.375|   91.78%|   0:00:01.0|10620.1M|      best|  default| mem_ctrl/mem_reg[658][1]/SE  |
| -17.912|  -17.912|-585304.938|-585304.938|   91.78%|   0:00:01.0|10620.1M|      best|  default| mem_ctrl/mem_reg[658][1]/SE  |
| -17.911|  -17.911|-585252.750|-585252.750|   91.79%|   0:00:02.0|10620.1M|      best|  default| mem_ctrl/mem_reg[658][1]/SE  |
| -17.905|  -17.905|-585060.938|-585060.938|   91.80%|   0:00:01.0|10620.1M|      best|  default| mem_ctrl/mem_reg[1003][4]/SE |
| -17.902|  -17.902|-584848.625|-584848.625|   91.80%|   0:00:01.0|10620.1M|      best|  default| mem_ctrl/mem_reg[658][1]/SE  |
| -17.898|  -17.898|-584672.688|-584672.688|   91.81%|   0:00:01.0|10620.1M|      best|  default| mem_ctrl/mem_reg[658][1]/SE  |
| -17.892|  -17.892|-584496.375|-584496.375|   91.82%|   0:00:01.0|10620.1M|      best|  default| mem_ctrl/mem_reg[658][1]/SE  |
| -17.888|  -17.888|-584347.562|-584347.562|   91.83%|   0:00:01.0|10620.1M|      best|  default| mem_ctrl/mem_reg[658][1]/SE  |
| -17.886|  -17.886|-584275.625|-584275.625|   91.83%|   0:00:01.0|10620.1M|      best|  default| mem_ctrl/mem_reg[658][1]/SE  |
| -17.884|  -17.884|-584208.125|-584208.125|   91.84%|   0:00:00.0|10620.1M|      best|  default| mem_ctrl/mem_reg[658][1]/SE  |
| -17.880|  -17.880|-584079.125|-584079.125|   91.84%|   0:00:01.0|10620.1M|      best|  default| mem_ctrl/mem_reg[658][1]/SE  |
| -17.876|  -17.876|-583958.250|-583958.250|   91.85%|   0:00:02.0|10620.1M|      best|  default| mem_ctrl/mem_reg[658][1]/SE  |
| -17.872|  -17.872|-583830.000|-583830.000|   91.85%|   0:00:01.0|10620.1M|      best|  default| mem_ctrl/mem_reg[658][1]/SE  |
| -17.869|  -17.869|-583736.125|-583736.125|   91.86%|   0:00:01.0|10620.1M|      best|  default| mem_ctrl/mem_reg[658][1]/SE  |
| -17.863|  -17.863|-583530.562|-583530.562|   91.86%|   0:00:01.0|10620.1M|      best|  default| mem_ctrl/mem_reg[658][1]/SE  |
| -17.861|  -17.861|-583482.062|-583482.062|   91.87%|   0:00:01.0|10620.1M|      best|  default| mem_ctrl/mem_reg[658][1]/SE  |
| -17.858|  -17.858|-583368.250|-583368.250|   91.88%|   0:00:01.0|10620.1M|      best|  default| mem_ctrl/mem_reg[658][1]/SE  |
| -17.856|  -17.856|-583302.688|-583302.688|   91.89%|   0:00:01.0|10620.1M|      best|  default| mem_ctrl/mem_reg[658][1]/SE  |
| -17.853|  -17.853|-583207.750|-583207.750|   91.89%|   0:00:01.0|10620.1M|      best|  default| mem_ctrl/mem_reg[658][1]/SE  |
| -17.850|  -17.850|-583088.875|-583088.875|   91.90%|   0:00:01.0|10620.1M|      best|  default| mem_ctrl/mem_reg[658][1]/SE  |
| -17.847|  -17.847|-582997.875|-582997.875|   91.91%|   0:00:01.0|10620.1M|      best|  default| mem_ctrl/mem_reg[658][1]/SE  |
| -17.844|  -17.844|-582898.750|-582898.750|   91.91%|   0:00:01.0|10620.1M|      best|  default| mem_ctrl/mem_reg[658][1]/SE  |
| -17.839|  -17.839|-582740.000|-582740.000|   91.92%|   0:00:01.0|10620.1M|      best|  default| mem_ctrl/mem_reg[658][1]/SE  |
| -17.834|  -17.834|-582575.875|-582575.875|   91.93%|   0:00:01.0|10620.1M|      best|  default| mem_ctrl/mem_reg[658][1]/SE  |
| -17.829|  -17.829|-582426.500|-582426.500|   91.95%|   0:00:02.0|10620.1M|      best|  default| mem_ctrl/mem_reg[658][1]/SE  |
| -17.828|  -17.828|-582396.938|-582396.938|   91.96%|   0:00:01.0|10620.1M|      best|  default| mem_ctrl/mem_reg[658][1]/SE  |
| -17.827|  -17.827|-582367.375|-582367.375|   91.96%|   0:00:01.0|10618.1M|      best|  default| mem_ctrl/mem_reg[658][1]/SE  |
| -17.826|  -17.826|-582305.875|-582305.875|   91.96%|   0:00:00.0|10618.1M|      best|  default| mem_ctrl/mem_reg[658][1]/SE  |
| -17.822|  -17.822|-582178.188|-582178.188|   91.97%|   0:00:01.0|10618.1M|      best|  default| mem_ctrl/mem_reg[658][1]/SE  |
| -17.818|  -17.818|-582068.750|-582068.750|   91.98%|   0:00:01.0|10618.1M|      best|  default| mem_ctrl/mem_reg[658][1]/SE  |
| -17.817|  -17.817|-582036.000|-582036.000|   91.98%|   0:00:02.0|10618.1M|      best|  default| mem_ctrl/mem_reg[658][1]/SE  |
| -17.816|  -17.816|-581977.000|-581977.000|   91.99%|   0:00:00.0|10618.1M|      best|  default| mem_ctrl/mem_reg[658][1]/SE  |
| -17.812|  -17.812|-581872.125|-581872.125|   91.99%|   0:00:01.0|10618.1M|      best|  default| mem_ctrl/mem_reg[658][1]/SE  |
| -17.810|  -17.810|-581778.625|-581778.625|   91.99%|   0:00:01.0|10618.1M|      best|  default| mem_ctrl/mem_reg[658][1]/SE  |
| -17.806|  -17.806|-581675.562|-581675.562|   92.00%|   0:00:01.0|10618.1M|      best|  default| mem_ctrl/mem_reg[658][1]/SE  |
| -17.804|  -17.804|-581596.812|-581596.812|   92.01%|   0:00:01.0|10618.1M|      best|  default| mem_ctrl/mem_reg[658][1]/SE  |
| -17.802|  -17.802|-581541.062|-581541.062|   92.01%|   0:00:00.0|10618.1M|      best|  default| mem_ctrl/mem_reg[658][1]/SE  |
| -17.801|  -17.801|-581485.375|-581485.375|   92.01%|   0:00:01.0|10618.1M|      best|  default| mem_ctrl/mem_reg[658][1]/SE  |
| -17.799|  -17.799|-581430.000|-581430.000|   92.01%|   0:00:01.0|10618.1M|      best|  default| mem_ctrl/mem_reg[658][1]/SE  |
| -17.798|  -17.798|-581394.000|-581394.000|   92.02%|   0:00:01.0|10614.1M|      best|  default| mem_ctrl/mem_reg[658][1]/SE  |
| -17.796|  -17.796|-581348.125|-581348.125|   92.02%|   0:00:01.0|10614.1M|      best|  default| mem_ctrl/mem_reg[658][1]/SE  |
| -17.795|  -17.795|-581296.188|-581296.188|   92.03%|   0:00:00.0|10614.1M|      best|  default| mem_ctrl/mem_reg[658][1]/SE  |
| -17.794|  -17.794|-581252.062|-581252.062|   92.03%|   0:00:01.0|10614.1M|      best|  default| mem_ctrl/mem_reg[658][1]/SE  |
| -17.791|  -17.791|-581166.875|-581166.875|   92.04%|   0:00:01.0|10614.1M|      best|  default| mem_ctrl/mem_reg[658][1]/SE  |
| -17.789|  -17.789|-581111.062|-581111.062|   92.04%|   0:00:01.0|10614.1M|      best|  default| mem_ctrl/mem_reg[658][1]/SE  |
| -17.788|  -17.788|-581058.625|-581058.625|   92.04%|   0:00:00.0|10614.1M|      best|  default| mem_ctrl/mem_reg[658][1]/SE  |
| -17.784|  -17.784|-580943.938|-580943.938|   92.05%|   0:00:01.0|10614.1M|      best|  default| mem_ctrl/mem_reg[658][1]/SE  |
| -17.781|  -17.781|-580835.812|-580835.812|   92.05%|   0:00:01.0|10614.1M|      best|  default| mem_ctrl/mem_reg[658][1]/SE  |
| -17.780|  -17.780|-580799.688|-580799.688|   92.06%|   0:00:01.0|10614.1M|      best|  default| mem_ctrl/mem_reg[658][1]/SE  |
| -17.777|  -17.777|-580724.375|-580724.375|   92.06%|   0:00:01.0|10614.1M|      best|  default| mem_ctrl/mem_reg[658][1]/SE  |
| -17.776|  -17.776|-580691.625|-580691.625|   92.07%|   0:00:01.0|10614.1M|      best|  default| mem_ctrl/mem_reg[658][1]/SE  |
| -17.775|  -17.775|-580662.125|-580662.125|   92.07%|   0:00:01.0|10612.1M|      best|  default| mem_ctrl/mem_reg[658][1]/SE  |
| -17.772|  -17.772|-580560.500|-580560.500|   92.08%|   0:00:01.0|10612.1M|      best|  default| mem_ctrl/mem_reg[658][1]/SE  |
| -17.771|  -17.771|-580511.375|-580511.375|   92.08%|   0:00:00.0|10612.1M|      best|  default| mem_ctrl/mem_reg[658][1]/SE  |
| -17.771|  -17.771|-580504.812|-580504.812|   92.09%|   0:00:01.0|10612.1M|      best|  default| mem_ctrl/mem_reg[658][1]/SE  |
| -17.769|  -17.769|-580458.812|-580458.812|   92.09%|   0:00:01.0|10612.1M|      best|  default| mem_ctrl/mem_reg[658][1]/SE  |
| -17.766|  -17.766|-580363.875|-580363.875|   92.09%|   0:00:00.0|10612.1M|      best|  default| mem_ctrl/mem_reg[658][1]/SE  |
| -17.765|  -17.765|-580317.938|-580317.938|   92.09%|   0:00:01.0|10612.1M|      best|  default| mem_ctrl/mem_reg[658][1]/SE  |
| -17.760|  -17.760|-580157.375|-580157.375|   92.10%|   0:00:01.0|10612.1M|      best|  default| mem_ctrl/mem_reg[658][1]/SE  |
| -17.758|  -17.758|-580098.312|-580098.312|   92.11%|   0:00:01.0|10612.1M|      best|  default| mem_ctrl/mem_reg[658][1]/SE  |
| -17.757|  -17.757|-580072.062|-580072.062|   92.12%|   0:00:01.0|10612.1M|      best|  default| mem_ctrl/mem_reg[658][1]/SE  |
| -17.757|  -17.757|-580042.625|-580042.625|   92.12%|   0:00:01.0|10612.1M|      best|  default| mem_ctrl/mem_reg[658][1]/SE  |
| -17.753|  -17.753|-579924.625|-579924.625|   92.12%|   0:00:00.0|10612.1M|      best|  default| mem_ctrl/mem_reg[658][1]/SE  |
| -17.750|  -17.750|-579823.062|-579823.062|   92.13%|   0:00:01.0|10609.1M|      best|  default| mem_ctrl/mem_reg[658][1]/SE  |
| -17.749|  -17.749|-579790.250|-579790.250|   92.13%|   0:00:01.0|10609.1M|      best|  default| mem_ctrl/mem_reg[658][1]/SE  |
| -17.747|  -17.747|-579744.375|-579744.375|   92.14%|   0:00:01.0|10609.1M|      best|  default| mem_ctrl/mem_reg[658][1]/SE  |
| -17.743|  -17.743|-579583.750|-579583.750|   92.15%|   0:00:01.0|10609.1M|      best|  default| mem_ctrl/mem_reg[658][1]/SE  |
| -17.738|  -17.738|-579439.562|-579439.562|   92.15%|   0:00:01.0|10609.1M|      best|  default| mem_ctrl/mem_reg[658][1]/SE  |
| -17.736|  -17.736|-579354.312|-579354.312|   92.16%|   0:00:01.0|10609.1M|      best|  default| mem_ctrl/mem_reg[658][1]/SE  |
| -17.735|  -17.735|-579321.562|-579321.562|   92.17%|   0:00:01.0|10609.1M|      best|  default| mem_ctrl/mem_reg[658][1]/SE  |
| -17.732|  -17.732|-579249.375|-579249.375|   92.18%|   0:00:02.0|10609.1M|      best|  default| mem_ctrl/mem_reg[658][1]/SE  |
| -17.731|  -17.731|-579197.000|-579197.000|   92.19%|   0:00:01.0|10609.1M|      best|  default| mem_ctrl/mem_reg[658][1]/SE  |
| -17.729|  -17.729|-579121.625|-579121.625|   92.20%|   0:00:01.0|10609.1M|      best|  default| mem_ctrl/mem_reg[658][1]/SE  |
| -17.726|  -17.726|-579043.000|-579043.000|   92.21%|   0:00:01.0|10609.1M|      best|  default| mem_ctrl/mem_reg[658][1]/SE  |
| -17.725|  -17.725|-579016.750|-579016.750|   92.21%|   0:00:00.0|10609.1M|      best|  default| mem_ctrl/mem_reg[658][1]/SE  |
| -17.721|  -17.721|-578882.312|-578882.312|   92.21%|   0:00:01.0|10609.1M|      best|  default| mem_ctrl/mem_reg[658][1]/SE  |
| -17.720|  -17.720|-578856.125|-578856.125|   92.22%|   0:00:01.0|10609.1M|      best|  default| mem_ctrl/mem_reg[658][1]/SE  |
| -17.719|  -17.719|-578826.562|-578826.562|   92.23%|   0:00:01.0|10609.1M|      best|  default| mem_ctrl/mem_reg[658][1]/SE  |
| -17.716|  -17.716|-578725.000|-578725.000|   92.23%|   0:00:01.0|10609.1M|      best|  default| mem_ctrl/mem_reg[658][1]/SE  |
| -17.713|  -17.713|-578623.438|-578623.438|   92.24%|   0:00:01.0|10609.1M|      best|  default| mem_ctrl/mem_reg[658][1]/SE  |
| -17.713|  -17.713|-578623.375|-578623.375|   92.24%|   0:00:01.0|10609.1M|      best|  default| mem_ctrl/mem_reg[658][1]/SE  |
| -17.712|  -17.712|-578593.875|-578593.875|   92.24%|   0:00:00.0|10609.1M|      best|  default| mem_ctrl/mem_reg[658][1]/SE  |
| -17.712|  -17.712|-578564.438|-578564.438|   92.24%|   0:00:01.0|10609.1M|      best|  default| mem_ctrl/mem_reg[658][1]/SE  |
| -17.711|  -17.711|-578531.688|-578531.688|   92.25%|   0:00:01.0|10607.1M|      best|  default| mem_ctrl/mem_reg[658][1]/SE  |
| -17.709|  -17.709|-578491.562|-578491.562|   92.25%|   0:00:01.0|10607.1M|      best|  default| mem_ctrl/mem_reg[658][1]/SE  |
| -17.709|  -17.709|-578478.438|-578478.438|   92.26%|   0:00:01.0|10607.1M|      best|  default| mem_ctrl/mem_reg[658][1]/SE  |
| -17.707|  -17.707|-578406.312|-578406.312|   92.26%|   0:00:00.0|10607.1M|      best|  default| mem_ctrl/mem_reg[658][1]/SE  |
| -17.703|  -17.703|-578271.938|-578271.938|   92.26%|   0:00:00.0|10607.1M|      best|  default| mem_ctrl/mem_reg[658][1]/SE  |
| -17.702|  -17.702|-578262.062|-578262.062|   92.27%|   0:00:02.0|10607.1M|      best|  default| mem_ctrl/mem_reg[658][1]/SE  |
| -17.701|  -17.701|-578232.562|-578232.562|   92.27%|   0:00:01.0|10607.1M|      best|  default| mem_ctrl/mem_reg[658][1]/SE  |
| -17.701|  -17.701|-578206.375|-578206.375|   92.27%|   0:00:00.0|10607.1M|      best|  default| mem_ctrl/mem_reg[658][1]/SE  |
| -17.700|  -17.700|-578170.312|-578170.312|   92.27%|   0:00:01.0|10607.1M|      best|  default| mem_ctrl/mem_reg[658][1]/SE  |
| -17.697|  -17.697|-578091.625|-578091.625|   92.27%|   0:00:00.0|10607.1M|      best|  default| mem_ctrl/mem_reg[658][1]/SE  |
| -17.696|  -17.696|-578058.875|-578058.875|   92.27%|   0:00:01.0|10607.1M|      best|  default| mem_ctrl/mem_reg[658][1]/SE  |
| -17.694|  -17.694|-578003.250|-578003.250|   92.27%|   0:00:00.0|10607.1M|      best|  default| mem_ctrl/mem_reg[658][1]/SE  |
| -17.694|  -17.694|-577980.188|-577980.188|   92.28%|   0:00:01.0|10607.1M|      best|  default| mem_ctrl/mem_reg[658][1]/SE  |
| -17.693|  -17.693|-577894.875|-577894.875|   92.36%|   0:00:16.0|10706.5M|      best|  default| mem_ctrl/mem_reg[658][1]/SE  |
| -17.692|  -17.692|-577887.875|-577887.875|   92.39%|   0:00:05.0|10706.5M|      best|  default| mem_ctrl/mem_reg[3366][2]/SE |
| -17.690|  -17.690|-577838.688|-577838.688|   92.39%|   0:00:01.0|10706.5M|      best|  default| mem_ctrl/mem_reg[1346][2]/SE |
| -17.689|  -17.689|-577836.062|-577836.062|   92.39%|   0:00:00.0|10706.5M|      best|  default| mem_ctrl/mem_reg[4047][0]/SE |
| -17.688|  -17.688|-577836.062|-577836.062|   92.39%|   0:00:01.0|10706.5M|      best|  default| mem_ctrl/mem_reg[3339][3]/SE |
| -17.687|  -17.687|-577853.188|-577853.188|   92.40%|   0:00:01.0|10706.5M|      best|  default| mem_ctrl/mem_reg[3531][4]/SE |
| -17.685|  -17.685|-577850.438|-577850.438|   92.40%|   0:00:00.0|10706.5M|      best|  default| mem_ctrl/mem_reg[3333][2]/SE |
| -17.683|  -17.683|-577857.250|-577857.250|   92.41%|   0:00:01.0|10706.5M|      best|  default| mem_ctrl/mem_reg[3390][3]/SE |
| -17.683|  -17.683|-577856.688|-577856.688|   92.41%|   0:00:00.0|10706.5M|      best|  default| mem_ctrl/mem_reg[3333][2]/SE |
| -17.682|  -17.682|-577856.562|-577856.562|   92.41%|   0:00:01.0|10706.5M|      best|  default| mem_ctrl/mem_reg[3339][3]/SE |
| -17.680|  -17.680|-577815.000|-577815.000|   92.45%|   0:00:04.0|10878.2M|      best|  default| mem_ctrl/mem_reg[165][0]/SE  |
| -17.680|  -17.680|-577807.250|-577807.250|   92.45%|   0:00:00.0|10878.2M|      best|  default| mem_ctrl/mem_reg[3333][2]/SE |
| -17.680|  -17.680|-577805.812|-577805.812|   92.46%|   0:00:01.0|10878.2M|      best|  default| mem_ctrl/mem_reg[3333][2]/SE |
| -17.681|  -17.681|-577791.688|-577791.688|   92.51%|   0:00:06.0|10878.2M|      best|  default| mem_ctrl/mem_reg[3333][2]/SE |
| -17.682|  -17.682|-577782.188|-577782.188|   92.53%|   0:00:01.0|10878.2M|      best|  default| mem_ctrl/mem_reg[3533][5]/SE |
| -17.681|  -17.681|-577782.562|-577782.562|   92.53%|   0:00:00.0|10878.2M|      best|  default| mem_ctrl/mem_reg[3333][2]/SE |
| -17.681|  -17.681|-577777.438|-577777.438|   92.65%|   0:00:06.0|10878.2M|      best|  default| mem_ctrl/mem_reg[3333][2]/SE |
| -17.681|  -17.681|-577777.431|-577777.431|   92.65%|   0:00:00.0|10878.2M|      best|  default| mem_ctrl/mem_reg[3333][2]/SE |
+--------+---------+-----------+-----------+---------+------------+--------+----------+---------+------------------------------+

*** Finish Core Optimize Step (cpu=1:14:55 real=0:05:40 mem=10878.2M) ***

*** Finished Optimize Step Cumulative (cpu=1:14:56 real=0:05:41 mem=10878.2M) ***
OptDebug: End of Optimizer WNS Pass 2:
+----------+-------+-----------+
|Path Group|    WNS|        TNS|
+----------+-------+-----------+
|default   |-17.681|-577777.431|
|reg2reg   |  0.764|      0.000|
|HEPG      |  0.764|      0.000|
|All Paths |-17.681|-577777.431|
+----------+-------+-----------+

** GigaOpt Optimizer WNS Slack -17.681 TNS Slack -577777.431 Density 92.65
Begin: Area Reclaim Optimization
*** AreaOpt #4 [begin] (WnsOpt #1 / place_opt_design #1) : totSession cpu/real = 8:50:06.4/0:53:28.3 (9.9), mem = 10878.2M
Reclaim Optimization WNS Slack -17.681  TNS Slack -577777.431 Density 92.65
+---------+---------+--------+-----------+------------+--------+
| Density | Commits |  WNS   |    TNS    |    Real    |  Mem   |
+---------+---------+--------+-----------+------------+--------+
|   92.65%|        -| -17.681|-577777.431|   0:00:00.0|10878.2M|
|   92.65%|        0| -17.681|-577777.438|   0:00:00.0|10878.2M|
|   92.60%|      751| -17.681|-577777.250|   0:00:02.0|10878.2M|
|   92.60%|       14| -17.681|-577777.250|   0:00:00.0|10878.2M|
|   92.60%|        0| -17.681|-577777.250|   0:00:01.0|10878.2M|
+---------+---------+--------+-----------+------------+--------+
Reclaim Optimization End WNS Slack -17.681  TNS Slack -577777.236 Density 92.60
Bottom Preferred Layer:
+---------------+------------+----------+
|     Layer     |   OPT_LA   |   Rule   |
+---------------+------------+----------+
| Metal8 (z=8)  |        671 | default  |
+---------------+------------+----------+
Via Pillar Rule:
    None

Number of times islegalLocAvaiable called = 1926 skipped = 0, called in commitmove = 765, skipped in commitmove = 0
End: Core Area Reclaim Optimization (cpu = 0:00:21.4) (real = 0:00:04.0) **
*** AreaOpt #4 [finish] (WnsOpt #1 / place_opt_design #1) : cpu/real = 0:00:21.4/0:00:03.9 (5.4), totSession cpu/real = 8:50:27.8/0:53:32.2 (9.9), mem = 10878.2M
End: Area Reclaim Optimization (cpu=0:00:21, real=0:00:04, mem=10370.23M, totSessionCpu=8:50:28).
*** Starting refinePlace (8:50:29 mem=10362.2M) ***
Total net bbox length = 8.020e+06 (4.088e+06 3.931e+06) (ext = 1.040e+05)
**WARN: (IMPSP-5140):	Global net connect rules have not been created. Added  insts would have no supply connectivity, and would fail DRC.
Type 'man IMPSP-5140' for more detail.
**WARN: (IMPSP-315):	Found 138534 instances insts with no PG Term connections.
Type 'man IMPSP-315' for more detail.

Starting Small incrNP...

Move report: incrNP moves 285598 insts, mean move: 18.93 um, max move: 222.43 um 
	Max move on inst (FE_RC_24234_0): (256.94, 859.27) --> (458.49, 838.39)
Finished incrNP (cpu=0:02:43, real=0:00:12.0, mem=10822.0M)
End of Small incrNP (cpu=0:02:43, real=0:00:12.0)
Move report: Detail placement moves 265976 insts, mean move: 6.64 um, max move: 198.65 um 
	Max move on inst (mem_ctrl/mem_reg[600][0]): (237.51, 251.14) --> (232.00, 58.00)
	Runtime: CPU: 0:00:19.1 REAL: 0:00:08.0 MEM: 10956.7MB
Summary Report:
Instances move: 285146 (out of 285881 movable)
Instances flipped: 508
Mean displacement: 22.17 um
Max displacement: 249.40 um (Instance: FE_RC_24212_0) (361.34, 1519.6) -> (451.53, 1360.39)
	Length: 8 sites, height: 1 rows, site name: gsclib090site, cell type: NAND2X2
Total net bbox length = 7.987e+06 (4.069e+06 3.919e+06) (ext = 1.053e+05)
Runtime: CPU: 0:03:03 REAL: 0:00:20.0 MEM: 10956.7MB
*** Finished refinePlace (8:53:32 mem=10956.7M) ***
*** maximum move = 249.40 um ***
*** Finished re-routing un-routed nets (10376.7M) ***

*** Finish Physical Update (cpu=0:08:56 real=0:00:46.0 mem=10403.6M) ***
** GigaOpt Optimizer WNS Slack -19.985 TNS Slack -653020.459 Density 92.60
Active Path Group: default 
+--------+---------+-----------+-----------+---------+------------+--------+----------+---------+------------------------------+
|  WNS   | All WNS |    TNS    |  All TNS  | Density |    Real    |  Mem   |Worst View|Pathgroup|          End Point           |
+--------+---------+-----------+-----------+---------+------------+--------+----------+---------+------------------------------+
| -19.985|  -19.985|-653020.459|-653020.459|   92.60%|   0:00:00.0|10403.6M|      best|  default| mem_ctrl/mem_reg[665][2]/SE  |
| -19.867|  -19.867|-649146.312|-649146.312|   92.60%|   0:00:05.0|10403.6M|      best|  default| mem_ctrl/mem_reg[665][2]/SE  |
| -19.778|  -19.778|-646219.438|-646219.438|   92.60%|   0:00:00.0|10403.6M|      best|  default| mem_ctrl/mem_reg[665][2]/SE  |
| -19.751|  -19.751|-645347.625|-645347.625|   92.60%|   0:00:00.0|10403.6M|      best|  default| mem_ctrl/mem_reg[665][2]/SE  |
| -19.731|  -19.731|-644682.250|-644682.250|   92.60%|   0:00:01.0|10403.6M|      best|  default| mem_ctrl/mem_reg[665][2]/SE  |
| -19.711|  -19.711|-644033.250|-644033.250|   92.60%|   0:00:00.0|10403.6M|      best|  default| mem_ctrl/mem_reg[665][2]/SE  |
| -19.698|  -19.698|-643607.188|-643607.188|   92.60%|   0:00:00.0|10403.6M|      best|  default| mem_ctrl/mem_reg[665][2]/SE  |
| -19.680|  -19.680|-643010.625|-643010.625|   92.61%|   0:00:01.0|10403.6M|      best|  default| mem_ctrl/mem_reg[665][2]/SE  |
| -19.664|  -19.664|-642479.688|-642479.688|   92.61%|   0:00:00.0|10403.6M|      best|  default| mem_ctrl/mem_reg[665][2]/SE  |
| -19.650|  -19.650|-642027.375|-642027.375|   92.61%|   0:00:01.0|10403.6M|      best|  default| mem_ctrl/mem_reg[665][2]/SE  |
| -19.594|  -19.594|-640186.250|-640186.250|   92.61%|   0:00:00.0|10403.6M|      best|  default| mem_ctrl/mem_reg[665][2]/SE  |
| -19.568|  -19.568|-639329.875|-639329.875|   92.61%|   0:00:01.0|10403.6M|      best|  default| mem_ctrl/mem_reg[665][2]/SE  |
| -19.556|  -19.556|-638949.688|-638949.688|   92.61%|   0:00:00.0|10403.6M|      best|  default| mem_ctrl/mem_reg[665][2]/SE  |
| -19.553|  -19.553|-638854.625|-638854.625|   92.61%|   0:00:00.0|10403.6M|      best|  default| mem_ctrl/mem_reg[665][2]/SE  |
| -19.541|  -19.541|-638454.812|-638454.812|   92.61%|   0:00:01.0|10403.6M|      best|  default| mem_ctrl/mem_reg[665][2]/SE  |
| -19.528|  -19.528|-638035.250|-638035.250|   92.61%|   0:00:00.0|10403.6M|      best|  default| mem_ctrl/mem_reg[665][2]/SE  |
| -19.511|  -19.511|-637468.250|-637468.250|   92.61%|   0:00:00.0|10403.6M|      best|  default| mem_ctrl/mem_reg[665][2]/SE  |
| -19.474|  -19.474|-636245.688|-636245.688|   92.61%|   0:00:01.0|10403.6M|      best|  default| mem_ctrl/mem_reg[665][2]/SE  |
| -19.457|  -19.457|-635711.438|-635711.438|   92.61%|   0:00:00.0|10403.6M|      best|  default| mem_ctrl/mem_reg[665][2]/SE  |
| -19.445|  -19.445|-635318.125|-635318.125|   92.61%|   0:00:00.0|10403.6M|      best|  default| mem_ctrl/mem_reg[665][2]/SE  |
| -19.435|  -19.435|-634987.062|-634987.062|   92.61%|   0:00:01.0|10403.6M|      best|  default| mem_ctrl/mem_reg[665][2]/SE  |
| -19.417|  -19.417|-634370.875|-634370.875|   92.61%|   0:00:00.0|10403.6M|      best|  default| mem_ctrl/mem_reg[665][2]/SE  |
| -19.410|  -19.410|-634164.438|-634164.438|   92.61%|   0:00:00.0|10403.6M|      best|  default| mem_ctrl/mem_reg[665][2]/SE  |
| -19.397|  -19.397|-633748.125|-633748.125|   92.61%|   0:00:01.0|10403.6M|      best|  default| mem_ctrl/mem_reg[665][2]/SE  |
| -19.389|  -19.389|-633459.750|-633459.750|   92.61%|   0:00:00.0|10403.6M|      best|  default| mem_ctrl/mem_reg[665][2]/SE  |
| -19.376|  -19.376|-633053.312|-633053.312|   92.62%|   0:00:00.0|10403.6M|      best|  default| mem_ctrl/mem_reg[665][2]/SE  |
| -19.365|  -19.365|-632666.562|-632666.562|   92.62%|   0:00:01.0|10403.6M|      best|  default| mem_ctrl/mem_reg[665][2]/SE  |
| -19.343|  -19.343|-631955.312|-631955.312|   92.62%|   0:00:00.0|10403.6M|      best|  default| mem_ctrl/mem_reg[665][2]/SE  |
| -19.309|  -19.309|-630855.562|-630855.562|   92.62%|   0:00:01.0|10403.6M|      best|  default| mem_ctrl/mem_reg[665][2]/SE  |
| -19.299|  -19.299|-630591.625|-630591.625|   92.62%|   0:00:00.0|10403.6M|      best|  default| mem_ctrl/mem_reg[665][2]/SE  |
| -19.288|  -19.288|-630215.625|-630215.625|   92.62%|   0:00:01.0|10403.6M|      best|  default| mem_ctrl/mem_reg[665][2]/SE  |
| -19.280|  -19.280|-629976.812|-629976.812|   92.62%|   0:00:00.0|10403.6M|      best|  default| mem_ctrl/mem_reg[665][2]/SE  |
| -19.273|  -19.273|-629727.812|-629727.812|   92.62%|   0:00:00.0|10403.6M|      best|  default| mem_ctrl/mem_reg[665][2]/SE  |
| -19.261|  -19.261|-629334.438|-629334.438|   92.62%|   0:00:01.0|10403.6M|      best|  default| mem_ctrl/mem_reg[665][2]/SE  |
| -19.249|  -19.249|-628941.125|-628941.125|   92.63%|   0:00:00.0|10403.6M|      best|  default| mem_ctrl/mem_reg[665][2]/SE  |
| -19.242|  -19.242|-628721.500|-628721.500|   92.63%|   0:00:00.0|10403.6M|      best|  default| mem_ctrl/mem_reg[665][2]/SE  |
| -19.231|  -19.231|-628374.062|-628374.062|   92.63%|   0:00:01.0|10403.6M|      best|  default| mem_ctrl/mem_reg[665][2]/SE  |
| -19.224|  -19.224|-628121.688|-628121.688|   92.63%|   0:00:00.0|10403.6M|      best|  default| mem_ctrl/mem_reg[665][2]/SE  |
| -19.213|  -19.213|-627771.000|-627771.000|   92.63%|   0:00:01.0|10403.6M|      best|  default| mem_ctrl/mem_reg[665][2]/SE  |
| -19.196|  -19.196|-627207.250|-627207.250|   92.63%|   0:00:00.0|10403.6M|      best|  default| mem_ctrl/mem_reg[665][2]/SE  |
| -19.185|  -19.185|-626863.125|-626863.125|   92.64%|   0:00:00.0|10403.6M|      best|  default| mem_ctrl/mem_reg[665][2]/SE  |
| -19.178|  -19.178|-626620.250|-626620.250|   92.64%|   0:00:01.0|10403.6M|      best|  default| mem_ctrl/mem_reg[665][2]/SE  |
| -19.170|  -19.170|-626374.438|-626374.438|   92.64%|   0:00:00.0|10403.6M|      best|  default| mem_ctrl/mem_reg[665][2]/SE  |
| -19.164|  -19.164|-626161.375|-626161.375|   92.64%|   0:00:01.0|10403.6M|      best|  default| mem_ctrl/mem_reg[665][2]/SE  |
| -19.158|  -19.158|-625954.875|-625954.875|   92.64%|   0:00:00.0|10403.6M|      best|  default| mem_ctrl/mem_reg[665][2]/SE  |
| -19.151|  -19.151|-625748.438|-625748.438|   92.64%|   0:00:00.0|10403.6M|      best|  default| mem_ctrl/mem_reg[665][2]/SE  |
| -19.114|  -19.114|-624533.438|-624533.438|   92.64%|   0:00:01.0|10403.6M|      best|  default| mem_ctrl/mem_reg[665][2]/SE  |
| -19.101|  -19.101|-624158.750|-624158.750|   92.64%|   0:00:00.0|10403.6M|      best|  default| mem_ctrl/mem_reg[658][2]/SE  |
| -19.091|  -19.091|-623817.875|-623817.875|   92.64%|   0:00:00.0|10403.6M|      best|  default| mem_ctrl/mem_reg[658][2]/SE  |
| -19.084|  -19.084|-623591.750|-623591.750|   92.64%|   0:00:00.0|10403.6M|      best|  default| mem_ctrl/mem_reg[658][2]/SE  |
| -19.069|  -19.069|-623096.812|-623096.812|   92.65%|   0:00:01.0|10403.6M|      best|  default| mem_ctrl/mem_reg[658][2]/SE  |
| -19.062|  -19.062|-622860.812|-622860.812|   92.65%|   0:00:00.0|10403.6M|      best|  default| mem_ctrl/mem_reg[658][2]/SE  |
| -19.053|  -19.053|-622582.250|-622582.250|   92.65%|   0:00:01.0|10403.6M|      best|  default| mem_ctrl/mem_reg[658][2]/SE  |
| -19.039|  -19.039|-622123.312|-622123.312|   92.65%|   0:00:00.0|10403.6M|      best|  default| mem_ctrl/mem_reg[658][2]/SE  |
| -19.032|  -19.032|-621897.250|-621897.250|   92.66%|   0:00:00.0|10403.6M|      best|  default| mem_ctrl/mem_reg[658][2]/SE  |
| -19.028|  -19.028|-621743.188|-621743.188|   92.66%|   0:00:01.0|10403.6M|      best|  default| mem_ctrl/mem_reg[658][2]/SE  |
| -19.015|  -19.015|-621343.312|-621343.312|   92.66%|   0:00:00.0|10403.6M|      best|  default| mem_ctrl/mem_reg[658][2]/SE  |
| -19.004|  -19.004|-620966.375|-620966.375|   92.66%|   0:00:00.0|10403.6M|      best|  default| mem_ctrl/mem_reg[658][2]/SE  |
| -18.997|  -18.997|-620743.500|-620743.500|   92.66%|   0:00:01.0|10403.6M|      best|  default| mem_ctrl/mem_reg[658][2]/SE  |
| -18.986|  -18.986|-620389.500|-620389.500|   92.67%|   0:00:01.0|10403.6M|      best|  default| mem_ctrl/mem_reg[658][2]/SE  |
| -18.980|  -18.980|-620173.188|-620173.188|   92.67%|   0:00:01.0|10403.6M|      best|  default| mem_ctrl/mem_reg[658][2]/SE  |
| -18.975|  -18.975|-620015.875|-620015.875|   92.67%|   0:00:00.0|10403.6M|      best|  default| mem_ctrl/mem_reg[658][2]/SE  |
| -18.964|  -18.964|-619648.750|-619648.750|   92.68%|   0:00:01.0|10403.6M|      best|  default| mem_ctrl/mem_reg[658][2]/SE  |
| -18.956|  -18.956|-619386.562|-619386.562|   92.68%|   0:00:00.0|10403.6M|      best|  default| mem_ctrl/mem_reg[658][2]/SE  |
| -18.948|  -18.948|-619137.438|-619137.438|   92.68%|   0:00:00.0|10403.6M|      best|  default| mem_ctrl/mem_reg[658][2]/SE  |
| -18.937|  -18.937|-618770.375|-618770.375|   92.69%|   0:00:01.0|10403.6M|      best|  default| mem_ctrl/mem_reg[658][2]/SE  |
| -18.925|  -18.925|-618370.500|-618370.500|   92.69%|   0:00:00.0|10403.6M|      best|  default| mem_ctrl/mem_reg[658][2]/SE  |
| -18.916|  -18.916|-618075.500|-618075.500|   92.69%|   0:00:01.0|10403.6M|      best|  default| mem_ctrl/mem_reg[658][2]/SE  |
| -18.908|  -18.908|-617819.875|-617819.875|   92.70%|   0:00:00.0|10403.6M|      best|  default| mem_ctrl/mem_reg[658][2]/SE  |
| -18.901|  -18.901|-617587.188|-617587.188|   92.70%|   0:00:01.0|10403.6M|      best|  default| mem_ctrl/mem_reg[658][2]/SE  |
| -18.890|  -18.890|-617246.312|-617246.312|   92.70%|   0:00:00.0|10403.6M|      best|  default| mem_ctrl/mem_reg[658][2]/SE  |
| -18.883|  -18.883|-617003.750|-617003.750|   92.71%|   0:00:00.0|10403.6M|      best|  default| mem_ctrl/mem_reg[658][2]/SE  |
| -18.882|  -18.882|-616974.250|-616974.250|   92.71%|   0:00:01.0|10403.6M|      best|  default| mem_ctrl/mem_reg[658][2]/SE  |
| -18.876|  -18.876|-616771.062|-616771.062|   92.71%|   0:00:00.0|10403.6M|      best|  default| mem_ctrl/mem_reg[658][2]/SE  |
| -18.868|  -18.868|-616515.375|-616515.375|   92.71%|   0:00:00.0|10403.6M|      best|  default| mem_ctrl/mem_reg[658][2]/SE  |
| -18.859|  -18.859|-616210.562|-616210.562|   92.71%|   0:00:01.0|10403.6M|      best|  default| mem_ctrl/mem_reg[658][2]/SE  |
| -18.850|  -18.850|-615915.562|-615915.562|   92.72%|   0:00:00.0|10403.6M|      best|  default| mem_ctrl/mem_reg[658][2]/SE  |
| -18.838|  -18.838|-615512.438|-615512.438|   92.72%|   0:00:01.0|10403.6M|      best|  default| mem_ctrl/mem_reg[658][2]/SE  |
| -18.832|  -18.832|-615322.312|-615322.312|   92.72%|   0:00:00.0|10403.6M|      best|  default| mem_ctrl/mem_reg[658][2]/SE  |
| -18.804|  -18.804|-614408.500|-614408.500|   92.72%|   0:00:01.0|10403.6M|      best|  default| mem_ctrl/mem_reg[658][2]/SE  |
| -18.785|  -18.785|-613782.938|-613782.938|   92.72%|   0:00:00.0|10403.6M|      best|  default| mem_ctrl/mem_reg[658][2]/SE  |
| -18.777|  -18.777|-613539.312|-613539.312|   92.72%|   0:00:01.0|10403.6M|      best|  default| mem_ctrl/mem_reg[658][2]/SE  |
| -18.771|  -18.771|-613339.375|-613339.375|   92.73%|   0:00:00.0|10403.6M|      best|  default| mem_ctrl/mem_reg[658][2]/SE  |
| -18.764|  -18.764|-613113.188|-613113.188|   92.73%|   0:00:00.0|10403.6M|      best|  default| mem_ctrl/mem_reg[658][2]/SE  |
| -18.743|  -18.743|-612419.375|-612419.375|   92.74%|   0:00:01.0|10403.6M|      best|  default| mem_ctrl/mem_reg[658][2]/SE  |
| -18.735|  -18.735|-612135.938|-612135.938|   92.74%|   0:00:00.0|10403.6M|      best|  default| mem_ctrl/mem_reg[658][2]/SE  |
| -18.732|  -18.732|-612045.312|-612045.312|   92.74%|   0:00:01.0|10403.6M|      best|  default| mem_ctrl/mem_reg[658][2]/SE  |
| -18.725|  -18.725|-611833.000|-611833.000|   92.74%|   0:00:00.0|10403.6M|      best|  default| mem_ctrl/mem_reg[658][2]/SE  |
| -18.718|  -18.718|-611588.938|-611588.938|   92.74%|   0:00:00.0|10403.6M|      best|  default| mem_ctrl/mem_reg[658][2]/SE  |
| -18.709|  -18.709|-611291.500|-611291.500|   92.74%|   0:00:01.0|10403.6M|      best|  default| mem_ctrl/mem_reg[658][2]/SE  |
| -18.697|  -18.697|-610907.375|-610907.375|   92.75%|   0:00:01.0|10403.6M|      best|  default| mem_ctrl/mem_reg[658][2]/SE  |
| -18.678|  -18.678|-610280.875|-610280.875|   92.75%|   0:00:00.0|10403.6M|      best|  default| mem_ctrl/mem_reg[658][2]/SE  |
| -18.672|  -18.672|-610071.125|-610071.125|   92.75%|   0:00:01.0|10403.6M|      best|  default| mem_ctrl/mem_reg[658][2]/SE  |
| -18.662|  -18.662|-609763.125|-609763.125|   92.75%|   0:00:00.0|10403.6M|      best|  default| mem_ctrl/mem_reg[658][2]/SE  |
| -18.653|  -18.653|-609465.812|-609465.812|   92.76%|   0:00:01.0|10403.6M|      best|  default| mem_ctrl/mem_reg[658][2]/SE  |
| -18.647|  -18.647|-609259.562|-609259.562|   92.76%|   0:00:00.0|10403.6M|      best|  default| mem_ctrl/mem_reg[658][2]/SE  |
| -18.641|  -18.641|-609056.875|-609056.875|   92.76%|   0:00:00.0|10403.6M|      best|  default| mem_ctrl/mem_reg[658][2]/SE  |
| -18.630|  -18.630|-608713.625|-608713.625|   92.76%|   0:00:01.0|10403.6M|      best|  default| mem_ctrl/mem_reg[658][2]/SE  |
| -18.613|  -18.613|-608141.750|-608141.750|   92.76%|   0:00:01.0|10403.6M|      best|  default| mem_ctrl/mem_reg[658][2]/SE  |
| -18.613|  -18.613|-608135.312|-608135.312|   92.76%|   0:00:00.0|10403.6M|      best|  default| mem_ctrl/mem_reg[658][2]/SE  |
| -18.606|  -18.606|-607916.875|-607916.875|   92.76%|   0:00:00.0|10403.6M|      best|  default| mem_ctrl/mem_reg[658][2]/SE  |
| -18.600|  -18.600|-607708.438|-607708.438|   92.77%|   0:00:01.0|10403.6M|      best|  default| mem_ctrl/mem_reg[658][2]/SE  |
| -18.593|  -18.593|-607475.938|-607475.938|   92.77%|   0:00:01.0|10403.6M|      best|  default| mem_ctrl/mem_reg[658][2]/SE  |
| -18.586|  -18.586|-607247.438|-607247.438|   92.77%|   0:00:00.0|10403.6M|      best|  default| mem_ctrl/mem_reg[658][2]/SE  |
| -18.577|  -18.577|-606957.875|-606957.875|   92.77%|   0:00:00.0|10403.6M|      best|  default| mem_ctrl/mem_reg[658][2]/SE  |
| -18.572|  -18.572|-606800.562|-606800.562|   92.77%|   0:00:01.0|10403.6M|      best|  default| mem_ctrl/mem_reg[658][2]/SE  |
| -18.561|  -18.561|-606450.688|-606450.688|   92.77%|   0:00:00.0|10403.6M|      best|  default| mem_ctrl/mem_reg[658][2]/SE  |
| -18.554|  -18.554|-606223.750|-606223.750|   92.78%|   0:00:01.0|10403.6M|      best|  default| mem_ctrl/mem_reg[658][2]/SE  |
| -18.545|  -18.545|-605908.812|-605908.812|   92.78%|   0:00:01.0|10403.6M|      best|  default| mem_ctrl/mem_reg[658][2]/SE  |
| -18.537|  -18.537|-605661.438|-605661.438|   92.78%|   0:00:00.0|10403.6M|      best|  default| mem_ctrl/mem_reg[658][2]/SE  |
| -18.523|  -18.523|-605207.625|-605207.625|   92.78%|   0:00:01.0|10403.6M|      best|  default| mem_ctrl/mem_reg[658][2]/SE  |
| -18.511|  -18.511|-604803.125|-604803.125|   92.79%|   0:00:00.0|10403.6M|      best|  default| mem_ctrl/mem_reg[658][2]/SE  |
| -18.511|  -18.511|-604802.438|-604802.438|   92.79%|   0:00:01.0|10403.6M|      best|  default| mem_ctrl/mem_reg[658][2]/SE  |
| -18.504|  -18.504|-604571.812|-604571.812|   92.79%|   0:00:00.0|10403.6M|      best|  default| mem_ctrl/mem_reg[658][2]/SE  |
| -18.496|  -18.496|-604318.688|-604318.688|   92.79%|   0:00:00.0|10403.6M|      best|  default| mem_ctrl/mem_reg[658][2]/SE  |
| -18.490|  -18.490|-604110.750|-604110.750|   92.79%|   0:00:01.0|10403.6M|      best|  default| mem_ctrl/mem_reg[658][2]/SE  |
| -18.484|  -18.484|-603908.625|-603908.625|   92.79%|   0:00:00.0|10403.6M|      best|  default| mem_ctrl/mem_reg[658][2]/SE  |
| -18.476|  -18.476|-603643.000|-603643.000|   92.79%|   0:00:01.0|10403.6M|      best|  default| mem_ctrl/mem_reg[658][2]/SE  |
| -18.462|  -18.462|-603194.750|-603194.750|   92.79%|   0:00:00.0|10403.6M|      best|  default| mem_ctrl/mem_reg[658][2]/SE  |
| -18.452|  -18.452|-602874.000|-602874.000|   92.80%|   0:00:01.0|10403.6M|      best|  default| mem_ctrl/mem_reg[658][2]/SE  |
| -18.445|  -18.445|-602660.938|-602660.938|   92.80%|   0:00:00.0|10403.6M|      best|  default| mem_ctrl/mem_reg[658][2]/SE  |
| -18.435|  -18.435|-602311.875|-602311.875|   92.80%|   0:00:01.0|10403.6M|      best|  default| mem_ctrl/mem_reg[658][2]/SE  |
| -18.423|  -18.423|-601916.875|-601916.875|   92.80%|   0:00:01.0|10403.6M|      best|  default| mem_ctrl/mem_reg[658][2]/SE  |
| -18.413|  -18.413|-601607.375|-601607.375|   92.81%|   0:00:00.0|10403.6M|      best|  default| mem_ctrl/mem_reg[658][2]/SE  |
| -18.407|  -18.407|-601402.375|-601402.375|   92.81%|   0:00:00.0|10403.6M|      best|  default| mem_ctrl/mem_reg[658][2]/SE  |
| -18.401|  -18.401|-601198.000|-601198.000|   92.81%|   0:00:01.0|10403.6M|      best|  default| mem_ctrl/mem_reg[658][2]/SE  |
| -18.393|  -18.393|-600942.000|-600942.000|   92.81%|   0:00:00.0|10403.6M|      best|  default| mem_ctrl/mem_reg[658][2]/SE  |
| -18.387|  -18.387|-600740.188|-600740.188|   92.81%|   0:00:01.0|10403.6M|      best|  default| mem_ctrl/mem_reg[658][2]/SE  |
| -18.380|  -18.380|-600520.375|-600520.375|   92.81%|   0:00:00.0|10403.6M|      best|  default| mem_ctrl/mem_reg[658][2]/SE  |
| -18.377|  -18.377|-600406.188|-600406.188|   92.82%|   0:00:01.0|10403.6M|      best|  default| mem_ctrl/mem_reg[658][2]/SE  |
| -18.370|  -18.370|-600199.375|-600199.375|   92.82%|   0:00:00.0|10403.6M|      best|  default| mem_ctrl/mem_reg[658][2]/SE  |
| -18.362|  -18.362|-599926.875|-599926.875|   92.82%|   0:00:01.0|10403.6M|      best|  default| mem_ctrl/mem_reg[658][2]/SE  |
| -18.352|  -18.352|-599609.562|-599609.562|   92.83%|   0:00:00.0|10403.6M|      best|  default| mem_ctrl/mem_reg[658][2]/SE  |
| -18.343|  -18.343|-599304.625|-599304.625|   92.83%|   0:00:01.0|10403.6M|      best|  default| mem_ctrl/mem_reg[658][2]/SE  |
| -18.333|  -18.333|-598978.875|-598978.875|   92.84%|   0:00:01.0|10403.6M|      best|  default| mem_ctrl/mem_reg[658][2]/SE  |
| -18.327|  -18.327|-598768.062|-598768.062|   92.84%|   0:00:00.0|10403.6M|      best|  default| mem_ctrl/mem_reg[658][2]/SE  |
| -18.319|  -18.319|-598509.250|-598509.250|   92.84%|   0:00:01.0|10403.6M|      best|  default| mem_ctrl/mem_reg[658][2]/SE  |
| -18.311|  -18.311|-598260.750|-598260.750|   92.85%|   0:00:00.0|10403.6M|      best|  default| mem_ctrl/mem_reg[658][2]/SE  |
| -18.308|  -18.308|-598161.188|-598161.188|   92.85%|   0:00:01.0|10403.6M|      best|  default| mem_ctrl/mem_reg[658][2]/SE  |
| -18.305|  -18.305|-598042.812|-598042.812|   92.85%|   0:00:00.0|10403.6M|      best|  default| mem_ctrl/mem_reg[658][2]/SE  |
| -18.297|  -18.297|-597798.125|-597798.125|   92.85%|   0:00:01.0|10403.6M|      best|  default| mem_ctrl/mem_reg[658][2]/SE  |
| -18.295|  -18.295|-597731.938|-597731.938|   92.85%|   0:00:00.0|10403.6M|      best|  default| mem_ctrl/mem_reg[658][2]/SE  |
| -18.288|  -18.288|-597493.062|-597493.062|   92.86%|   0:00:01.0|10403.6M|      best|  default| mem_ctrl/mem_reg[658][2]/SE  |
| -18.282|  -18.282|-597284.562|-597284.562|   92.86%|   0:00:00.0|10403.6M|      best|  default| mem_ctrl/mem_reg[658][2]/SE  |
| -18.274|  -18.274|-597045.562|-597045.562|   92.86%|   0:00:01.0|10403.6M|      best|  default| mem_ctrl/mem_reg[658][2]/SE  |
| -18.270|  -18.270|-596914.500|-596914.500|   92.87%|   0:00:00.0|10403.6M|      best|  default| mem_ctrl/mem_reg[658][2]/SE  |
| -18.264|  -18.264|-596716.750|-596716.750|   92.87%|   0:00:01.0|10403.6M|      best|  default| mem_ctrl/mem_reg[658][2]/SE  |
| -18.257|  -18.257|-596495.750|-596495.750|   92.87%|   0:00:00.0|10403.6M|      best|  default| mem_ctrl/mem_reg[658][2]/SE  |
| -18.251|  -18.251|-596271.875|-596271.875|   92.88%|   0:00:01.0|10403.6M|      best|  default| mem_ctrl/mem_reg[658][2]/SE  |
| -18.245|  -18.245|-596079.625|-596079.625|   92.88%|   0:00:00.0|10403.6M|      best|  default| mem_ctrl/mem_reg[658][2]/SE  |
| -18.237|  -18.237|-595833.812|-595833.812|   92.88%|   0:00:01.0|10403.6M|      best|  default| mem_ctrl/mem_reg[658][2]/SE  |
| -18.230|  -18.230|-595604.000|-595604.000|   92.89%|   0:00:00.0|10403.6M|      best|  default| mem_ctrl/mem_reg[658][2]/SE  |
| -18.223|  -18.223|-595380.812|-595380.812|   92.89%|   0:00:01.0|10403.6M|      best|  default| mem_ctrl/mem_reg[658][2]/SE  |
| -18.217|  -18.217|-595169.938|-595169.938|   92.90%|   0:00:01.0|10403.6M|      best|  default| mem_ctrl/mem_reg[658][2]/SE  |
| -18.210|  -18.210|-594930.562|-594930.562|   92.90%|   0:00:00.0|10403.6M|      best|  default| mem_ctrl/mem_reg[658][2]/SE  |
| -18.198|  -18.198|-594551.688|-594551.688|   92.91%|   0:00:01.0|10403.6M|      best|  default| mem_ctrl/mem_reg[658][2]/SE  |
| -18.189|  -18.189|-594259.062|-594259.062|   92.92%|   0:00:00.0|10403.6M|      best|  default| mem_ctrl/mem_reg[658][2]/SE  |
| -18.180|  -18.180|-593962.625|-593962.625|   92.93%|   0:00:01.0|10403.6M|      best|  default| mem_ctrl/mem_reg[658][2]/SE  |
| -18.174|  -18.174|-593740.188|-593740.188|   92.94%|   0:00:01.0|10403.6M|      best|  default| mem_ctrl/mem_reg[658][2]/SE  |
| -18.169|  -18.169|-593579.125|-593579.125|   92.95%|   0:00:00.0|10403.6M|      best|  default| mem_ctrl/mem_reg[658][2]/SE  |
| -18.158|  -18.158|-593229.938|-593229.938|   92.96%|   0:00:01.0|10403.6M|      best|  default| mem_ctrl/mem_reg[658][2]/SE  |
| -18.146|  -18.146|-592835.188|-592835.188|   92.96%|   0:00:01.0|10403.6M|      best|  default| mem_ctrl/mem_reg[658][2]/SE  |
| -18.142|  -18.142|-592697.562|-592697.562|   92.97%|   0:00:00.0|10403.6M|      best|  default| mem_ctrl/mem_reg[658][2]/SE  |
| -18.137|  -18.137|-592543.500|-592543.500|   92.97%|   0:00:01.0|10403.6M|      best|  default| mem_ctrl/mem_reg[658][2]/SE  |
| -18.129|  -18.129|-592296.688|-592296.688|   92.97%|   0:00:00.0|10403.6M|      best|  default| mem_ctrl/mem_reg[658][2]/SE  |
| -18.126|  -18.126|-592204.250|-592204.250|   92.98%|   0:00:01.0|10403.6M|      best|  default| mem_ctrl/mem_reg[658][2]/SE  |
| -18.124|  -18.124|-592129.188|-592129.188|   92.98%|   0:00:01.0|10403.6M|      best|  default| mem_ctrl/mem_reg[658][2]/SE  |
| -18.116|  -18.116|-591867.000|-591867.000|   92.98%|   0:00:00.0|10403.6M|      best|  default| mem_ctrl/mem_reg[658][2]/SE  |
| -18.109|  -18.109|-591643.000|-591643.000|   92.98%|   0:00:01.0|10403.6M|      best|  default| mem_ctrl/mem_reg[658][2]/SE  |
| -18.105|  -18.105|-591484.500|-591484.500|   92.99%|   0:00:01.0|10403.6M|      best|  default| mem_ctrl/mem_reg[658][2]/SE  |
| -18.097|  -18.097|-591227.438|-591227.438|   92.99%|   0:00:00.0|10403.6M|      best|  default| mem_ctrl/mem_reg[658][2]/SE  |
| -18.095|  -18.095|-591173.062|-591173.062|   93.00%|   0:00:01.0|10403.6M|      best|  default| mem_ctrl/mem_reg[658][2]/SE  |
| -18.089|  -18.089|-590973.125|-590973.125|   93.00%|   0:00:00.0|10403.6M|      best|  default| mem_ctrl/mem_reg[658][2]/SE  |
| -18.083|  -18.083|-590764.438|-590764.438|   93.00%|   0:00:01.0|10403.6M|      best|  default| mem_ctrl/mem_reg[658][2]/SE  |
| -18.077|  -18.077|-590566.688|-590566.688|   93.01%|   0:00:00.0|10403.6M|      best|  default| mem_ctrl/mem_reg[658][2]/SE  |
| -18.070|  -18.070|-590355.875|-590355.875|   93.01%|   0:00:01.0|10403.6M|      best|  default| mem_ctrl/mem_reg[658][2]/SE  |
| -18.062|  -18.062|-590085.375|-590085.375|   93.02%|   0:00:01.0|10403.6M|      best|  default| mem_ctrl/mem_reg[658][2]/SE  |
| -18.057|  -18.057|-589924.750|-589924.750|   93.02%|   0:00:00.0|10403.6M|      best|  default| mem_ctrl/mem_reg[658][2]/SE  |
| -18.051|  -18.051|-589711.188|-589711.188|   93.03%|   0:00:01.0|10403.6M|      best|  default| mem_ctrl/mem_reg[658][2]/SE  |
| -18.040|  -18.040|-589499.250|-589499.250|   93.04%|   0:00:01.0|10460.9M|      best|  default| mem_ctrl/mem_reg[124][1]/SE  |
| -18.034|  -18.034|-589308.875|-589308.875|   93.05%|   0:00:00.0|10460.9M|      best|  default| mem_ctrl/mem_reg[124][1]/SE  |
| -18.028|  -18.028|-589111.188|-589111.188|   93.06%|   0:00:01.0|10460.9M|      best|  default| mem_ctrl/mem_reg[124][1]/SE  |
| -18.024|  -18.024|-588985.875|-588985.875|   93.07%|   0:00:01.0|10460.9M|      best|  default| mem_ctrl/mem_reg[124][1]/SE  |
| -18.018|  -18.018|-588900.562|-588900.562|   93.07%|   0:00:00.0|10460.9M|      best|  default| mem_ctrl/mem_reg[682][6]/SE  |
| -18.009|  -18.009|-588667.000|-588667.000|   93.08%|   0:00:01.0|10480.0M|      best|  default| mem_ctrl/mem_reg[686][2]/SE  |
| -18.006|  -18.006|-588581.625|-588581.625|   93.08%|   0:00:01.0|10480.0M|      best|  default| mem_ctrl/mem_reg[124][1]/SE  |
| -17.998|  -17.998|-588322.000|-588322.000|   93.09%|   0:00:01.0|10480.0M|      best|  default| mem_ctrl/mem_reg[124][1]/SE  |
| -17.992|  -17.992|-588138.938|-588138.938|   93.10%|   0:00:00.0|10480.0M|      best|  default| mem_ctrl/mem_reg[124][1]/SE  |
| -17.983|  -17.983|-587858.312|-587858.312|   93.12%|   0:00:01.0|10480.0M|      best|  default| mem_ctrl/mem_reg[124][1]/SE  |
| -17.981|  -17.981|-587782.625|-587782.625|   93.13%|   0:00:01.0|10480.0M|      best|  default| mem_ctrl/mem_reg[124][1]/SE  |
| -17.976|  -17.976|-587612.188|-587612.188|   93.13%|   0:00:00.0|10480.0M|      best|  default| mem_ctrl/mem_reg[124][1]/SE  |
| -17.969|  -17.969|-587397.062|-587397.062|   93.14%|   0:00:01.0|10480.0M|      best|  default| mem_ctrl/mem_reg[124][1]/SE  |
| -17.963|  -17.963|-587184.250|-587184.250|   93.15%|   0:00:01.0|10480.0M|      best|  default| mem_ctrl/mem_reg[124][1]/SE  |
| -17.956|  -17.956|-586970.750|-586970.750|   93.16%|   0:00:01.0|10480.0M|      best|  default| mem_ctrl/mem_reg[124][1]/SE  |
| -17.950|  -17.950|-586764.562|-586764.562|   93.17%|   0:00:00.0|10480.0M|      best|  default| mem_ctrl/mem_reg[124][1]/SE  |
| -17.945|  -17.945|-586622.125|-586622.125|   93.19%|   0:00:01.0|10480.0M|      best|  default| mem_ctrl/mem_reg[124][1]/SE  |
| -17.938|  -17.938|-586368.812|-586368.812|   93.20%|   0:00:01.0|10480.0M|      best|  default| mem_ctrl/mem_reg[124][1]/SE  |
| -17.928|  -17.928|-586042.000|-586042.000|   93.20%|   0:00:01.0|10480.0M|      best|  default| mem_ctrl/mem_reg[665][6]/SE  |
| -17.923|  -17.923|-585913.938|-585913.938|   93.22%|   0:00:01.0|10480.0M|      best|  default| mem_ctrl/mem_reg[675][4]/SE  |
| -17.917|  -17.917|-585704.625|-585704.625|   93.22%|   0:00:01.0|10480.0M|      best|  default| mem_ctrl/mem_reg[675][4]/SE  |
| -17.910|  -17.910|-585531.375|-585531.375|   93.22%|   0:00:01.0|10480.0M|      best|  default| mem_ctrl/mem_reg[2631][0]/SE |
| -17.904|  -17.904|-585313.188|-585313.188|   93.23%|   0:00:00.0|10480.0M|      best|  default| mem_ctrl/mem_reg[2631][0]/SE |
| -17.897|  -17.897|-585208.375|-585208.375|   93.24%|   0:00:01.0|10480.0M|      best|  default| mem_ctrl/mem_reg[674][2]/SE  |
| -17.890|  -17.890|-584914.812|-584914.812|   93.25%|   0:00:01.0|10480.0M|      best|  default| mem_ctrl/mem_reg[674][3]/SE  |
| -17.884|  -17.884|-584721.562|-584721.562|   93.27%|   0:00:01.0|10480.0M|      best|  default| mem_ctrl/mem_reg[658][2]/SE  |
| -17.879|  -17.879|-584598.938|-584598.938|   93.27%|   0:00:01.0|10480.0M|      best|  default| mem_ctrl/mem_reg[674][7]/SE  |
| -17.875|  -17.875|-584478.312|-584478.312|   93.28%|   0:00:01.0|10480.0M|      best|  default| mem_ctrl/mem_reg[686][2]/SE  |
| -17.868|  -17.868|-584263.000|-584263.000|   93.28%|   0:00:00.0|10480.0M|      best|  default| mem_ctrl/mem_reg[686][2]/SE  |
| -17.864|  -17.864|-584111.312|-584111.312|   93.29%|   0:00:01.0|10480.0M|      best|  default| mem_ctrl/mem_reg[686][2]/SE  |
| -17.857|  -17.857|-583888.125|-583888.125|   93.30%|   0:00:01.0|10480.0M|      best|  default| mem_ctrl/mem_reg[686][2]/SE  |
| -17.852|  -17.852|-583718.438|-583718.438|   93.31%|   0:00:01.0|10480.0M|      best|  default| mem_ctrl/mem_reg[686][2]/SE  |
| -17.847|  -17.847|-583540.500|-583540.500|   93.31%|   0:00:01.0|10480.0M|      best|  default| mem_ctrl/mem_reg[686][2]/SE  |
| -17.840|  -17.840|-583333.688|-583333.688|   93.32%|   0:00:00.0|10480.0M|      best|  default| mem_ctrl/mem_reg[686][2]/SE  |
| -17.833|  -17.833|-583118.750|-583118.750|   93.33%|   0:00:02.0|10480.0M|      best|  default| mem_ctrl/mem_reg[686][2]/SE  |
| -17.827|  -17.827|-582902.188|-582902.188|   93.34%|   0:00:00.0|10480.0M|      best|  default| mem_ctrl/mem_reg[686][2]/SE  |
| -17.820|  -17.820|-582678.750|-582678.750|   93.34%|   0:00:01.0|10480.0M|      best|  default| mem_ctrl/mem_reg[686][2]/SE  |
| -17.814|  -17.814|-582468.000|-582468.000|   93.35%|   0:00:01.0|10480.0M|      best|  default| mem_ctrl/mem_reg[686][2]/SE  |
| -17.804|  -17.804|-582247.062|-582247.062|   93.36%|   0:00:01.0|10480.0M|      best|  default| mem_ctrl/mem_reg[644][1]/SE  |
| -17.796|  -17.796|-582025.750|-582025.750|   93.38%|   0:00:01.0|10480.0M|      best|  default| mem_ctrl/mem_reg[691][4]/SE  |
| -17.794|  -17.794|-581930.125|-581930.125|   93.39%|   0:00:01.0|10480.0M|      best|  default| mem_ctrl/mem_reg[691][4]/SE  |
| -17.787|  -17.787|-581707.312|-581707.312|   93.39%|   0:00:01.0|10480.0M|      best|  default| mem_ctrl/mem_reg[971][6]/SE  |
| -17.780|  -17.780|-581476.438|-581476.438|   93.41%|   0:00:01.0|10480.0M|      best|  default| mem_ctrl/mem_reg[2176][1]/SE |
| -17.774|  -17.774|-581275.562|-581275.562|   93.42%|   0:00:01.0|10480.0M|      best|  default| mem_ctrl/mem_reg[691][4]/SE  |
| -17.767|  -17.767|-581062.875|-581062.875|   93.43%|   0:00:01.0|10480.0M|      best|  default| mem_ctrl/mem_reg[691][4]/SE  |
| -17.761|  -17.761|-580865.812|-580865.812|   93.44%|   0:00:01.0|10480.0M|      best|  default| mem_ctrl/mem_reg[691][4]/SE  |
| -17.756|  -17.756|-580692.375|-580692.375|   93.45%|   0:00:01.0|10480.0M|      best|  default| mem_ctrl/mem_reg[691][4]/SE  |
| -17.751|  -17.751|-580542.500|-580542.500|   93.46%|   0:00:01.0|10518.1M|      best|  default| mem_ctrl/mem_reg[644][1]/SE  |
| -17.744|  -17.744|-580344.562|-580344.562|   93.47%|   0:00:01.0|10518.1M|      best|  default| mem_ctrl/mem_reg[910][0]/SE  |
| -17.740|  -17.740|-580255.125|-580255.125|   93.49%|   0:00:01.0|10518.1M|      best|  default| mem_ctrl/mem_reg[662][1]/SE  |
| -17.736|  -17.736|-580124.188|-580124.188|   93.50%|   0:00:01.0|10518.1M|      best|  default| mem_ctrl/mem_reg[696][0]/SE  |
| -17.730|  -17.730|-579913.938|-579913.938|   93.51%|   0:00:01.0|10670.7M|      best|  default| mem_ctrl/mem_reg[696][0]/SE  |
| -17.722|  -17.722|-579686.375|-579686.375|   93.52%|   0:00:01.0|10670.7M|      best|  default| mem_ctrl/mem_reg[811][1]/SE  |
| -17.715|  -17.715|-579409.188|-579409.188|   93.53%|   0:00:01.0|10670.7M|      best|  default| mem_ctrl/mem_reg[647][3]/SE  |
| -17.710|  -17.710|-579244.625|-579244.625|   93.55%|   0:00:02.0|10670.7M|      best|  default| mem_ctrl/mem_reg[811][1]/SE  |
| -17.703|  -17.703|-578972.750|-578972.750|   93.55%|   0:00:00.0|10689.8M|      best|  default| mem_ctrl/mem_reg[811][1]/SE  |
| -17.697|  -17.697|-578829.625|-578829.625|   93.55%|   0:00:01.0|10689.8M|      best|  default| mem_ctrl/mem_reg[3328][0]/SE |
| -17.693|  -17.693|-578662.000|-578662.000|   93.56%|   0:00:01.0|10689.8M|      best|  default| mem_ctrl/mem_reg[3328][0]/SE |
| -17.687|  -17.687|-578484.000|-578484.000|   93.56%|   0:00:01.0|10689.8M|      best|  default| mem_ctrl/mem_reg[645][0]/SE  |
| -17.680|  -17.680|-578213.875|-578213.875|   93.57%|   0:00:01.0|10689.8M|      best|  default| mem_ctrl/mem_reg[811][1]/SE  |
| -17.677|  -17.677|-578160.938|-578160.938|   93.57%|   0:00:01.0|10689.8M|      best|  default| mem_ctrl/mem_reg[645][0]/SE  |
| -17.669|  -17.669|-577886.625|-577886.625|   93.57%|   0:00:01.0|10689.8M|      best|  default| mem_ctrl/mem_reg[645][0]/SE  |
| -17.665|  -17.665|-577773.312|-577773.312|   93.57%|   0:00:01.0|10689.8M|      best|  default| mem_ctrl/mem_reg[645][0]/SE  |
| -17.660|  -17.660|-577609.000|-577609.000|   93.58%|   0:00:01.0|10689.8M|      best|  default| mem_ctrl/mem_reg[645][0]/SE  |
| -17.658|  -17.658|-577539.000|-577539.000|   93.58%|   0:00:01.0|10689.8M|      best|  default| mem_ctrl/mem_reg[645][0]/SE  |
| -17.652|  -17.652|-577339.312|-577339.312|   93.58%|   0:00:01.0|10689.8M|      best|  default| mem_ctrl/mem_reg[645][0]/SE  |
| -17.647|  -17.647|-577163.812|-577163.812|   93.60%|   0:00:01.0|10689.8M|      best|  default| mem_ctrl/mem_reg[645][0]/SE  |
| -17.641|  -17.641|-576974.125|-576974.125|   93.61%|   0:00:01.0|10689.8M|      best|  default| mem_ctrl/mem_reg[645][0]/SE  |
| -17.637|  -17.637|-576849.125|-576849.125|   93.61%|   0:00:01.0|10689.8M|      best|  default| mem_ctrl/mem_reg[645][0]/SE  |
| -17.631|  -17.631|-576634.188|-576634.188|   93.62%|   0:00:01.0|10689.8M|      best|  default| mem_ctrl/mem_reg[645][0]/SE  |
| -17.623|  -17.623|-576395.000|-576395.000|   93.63%|   0:00:01.0|10689.8M|      best|  default| mem_ctrl/mem_reg[645][0]/SE  |
| -17.617|  -17.617|-576176.500|-576176.500|   93.64%|   0:00:01.0|10689.8M|      best|  default| mem_ctrl/mem_reg[645][0]/SE  |
| -17.611|  -17.611|-575976.000|-575976.000|   93.65%|   0:00:02.0|10689.8M|      best|  default| mem_ctrl/mem_reg[645][0]/SE  |
| -17.605|  -17.605|-575802.312|-575802.312|   93.66%|   0:00:01.0|10689.8M|      best|  default| mem_ctrl/mem_reg[645][0]/SE  |
| -17.598|  -17.598|-575580.875|-575580.875|   93.67%|   0:00:01.0|10689.8M|      best|  default| mem_ctrl/mem_reg[645][0]/SE  |
| -17.592|  -17.592|-575378.938|-575378.938|   93.68%|   0:00:01.0|10689.8M|      best|  default| mem_ctrl/mem_reg[645][0]/SE  |
| -17.588|  -17.588|-575241.562|-575241.562|   93.68%|   0:00:01.0|10689.8M|      best|  default| mem_ctrl/mem_reg[645][0]/SE  |
| -17.583|  -17.583|-575065.500|-575065.500|   93.69%|   0:00:00.0|10689.8M|      best|  default| mem_ctrl/mem_reg[645][0]/SE  |
| -17.579|  -17.579|-574928.250|-574928.250|   93.70%|   0:00:01.0|10689.8M|      best|  default| mem_ctrl/mem_reg[645][0]/SE  |
| -17.574|  -17.574|-574742.938|-574742.938|   93.70%|   0:00:01.0|10689.8M|      best|  default| mem_ctrl/mem_reg[1003][4]/SE |
| -17.572|  -17.572|-574697.250|-574697.250|   93.70%|   0:00:01.0|10689.8M|      best|  default| mem_ctrl/mem_reg[645][0]/SE  |
| -17.568|  -17.568|-574567.000|-574567.000|   93.71%|   0:00:01.0|10689.8M|      best|  default| mem_ctrl/mem_reg[645][0]/SE  |
| -17.562|  -17.562|-574359.500|-574359.500|   93.71%|   0:00:01.0|10689.8M|      best|  default| mem_ctrl/mem_reg[1003][4]/SE |
| -17.559|  -17.559|-574268.875|-574268.875|   93.73%|   0:00:01.0|10687.8M|      best|  default| mem_ctrl/mem_reg[645][0]/SE  |
| -17.556|  -17.556|-574186.188|-574186.188|   93.74%|   0:00:01.0|10687.8M|      best|  default| mem_ctrl/mem_reg[645][0]/SE  |
| -17.551|  -17.551|-574013.500|-574013.500|   93.74%|   0:00:01.0|10687.8M|      best|  default| mem_ctrl/mem_reg[645][0]/SE  |
| -17.548|  -17.548|-573925.500|-573925.500|   93.75%|   0:00:01.0|10687.8M|      best|  default| mem_ctrl/mem_reg[645][0]/SE  |
| -17.542|  -17.542|-573726.250|-573726.250|   93.75%|   0:00:01.0|10687.8M|      best|  default| mem_ctrl/mem_reg[1003][4]/SE |
| -17.540|  -17.540|-573662.688|-573662.688|   93.76%|   0:00:01.0|10687.8M|      best|  default| mem_ctrl/mem_reg[645][0]/SE  |
| -17.536|  -17.536|-573490.750|-573490.750|   93.76%|   0:00:01.0|10687.8M|      best|  default| mem_ctrl/mem_reg[1003][4]/SE |
| -17.532|  -17.532|-573404.625|-573404.625|   93.77%|   0:00:01.0|10687.8M|      best|  default| mem_ctrl/mem_reg[645][0]/SE  |
| -17.529|  -17.529|-573312.688|-573312.688|   93.77%|   0:00:01.0|10687.8M|      best|  default| mem_ctrl/mem_reg[645][0]/SE  |
| -17.523|  -17.523|-573108.375|-573108.375|   93.78%|   0:00:00.0|10687.8M|      best|  default| mem_ctrl/mem_reg[645][0]/SE  |
| -17.518|  -17.518|-572954.375|-572954.375|   93.79%|   0:00:01.0|10687.8M|      best|  default| mem_ctrl/mem_reg[645][0]/SE  |
| -17.512|  -17.512|-572748.875|-572748.875|   93.79%|   0:00:01.0|10687.8M|      best|  default| mem_ctrl/mem_reg[645][0]/SE  |
| -17.507|  -17.507|-572589.625|-572589.625|   93.81%|   0:00:02.0|10687.8M|      best|  default| mem_ctrl/mem_reg[645][0]/SE  |
| -17.502|  -17.502|-572415.562|-572415.562|   93.81%|   0:00:00.0|10687.8M|      best|  default| mem_ctrl/mem_reg[645][0]/SE  |
| -17.497|  -17.497|-572238.812|-572238.812|   93.83%|   0:00:02.0|10687.8M|      best|  default| mem_ctrl/mem_reg[645][0]/SE  |
| -17.495|  -17.495|-572203.688|-572203.688|   93.84%|   0:00:01.0|10687.8M|      best|  default| mem_ctrl/mem_reg[645][0]/SE  |
| -17.489|  -17.489|-571980.750|-571980.750|   93.85%|   0:00:01.0|10687.8M|      best|  default| mem_ctrl/mem_reg[645][0]/SE  |
| -17.482|  -17.482|-571765.125|-571765.125|   93.86%|   0:00:01.0|10687.8M|      best|  default| mem_ctrl/mem_reg[645][0]/SE  |
| -17.481|  -17.481|-571675.125|-571675.125|   93.88%|   0:00:01.0|10687.8M|      best|  default| mem_ctrl/mem_reg[1003][4]/SE |
| -17.475|  -17.475|-571535.750|-571535.750|   93.88%|   0:00:01.0|10687.8M|      best|  default| mem_ctrl/mem_reg[645][0]/SE  |
| -17.471|  -17.471|-571398.250|-571398.250|   93.89%|   0:00:01.0|10687.8M|      best|  default| mem_ctrl/mem_reg[645][0]/SE  |
| -17.470|  -17.470|-571366.125|-571366.125|   93.90%|   0:00:01.0|10687.8M|      best|  default| mem_ctrl/mem_reg[1003][4]/SE |
| -17.468|  -17.468|-571258.812|-571258.812|   93.90%|   0:00:01.0|10687.8M|      best|  default| mem_ctrl/mem_reg[1003][4]/SE |
| -17.462|  -17.462|-571117.000|-571117.000|   93.90%|   0:00:01.0|10687.8M|      best|  default| mem_ctrl/mem_reg[1003][4]/SE |
| -17.460|  -17.460|-570993.375|-570993.375|   93.91%|   0:00:00.0|10687.8M|      best|  default| mem_ctrl/mem_reg[1003][4]/SE |
| -17.453|  -17.453|-570763.875|-570763.875|   93.92%|   0:00:01.0|10687.8M|      best|  default| mem_ctrl/mem_reg[1003][4]/SE |
| -17.448|  -17.448|-570656.500|-570656.500|   93.93%|   0:00:02.0|10687.8M|      best|  default| mem_ctrl/mem_reg[645][0]/SE  |
| -17.445|  -17.445|-570553.312|-570553.312|   93.93%|   0:00:01.0|10687.8M|      best|  default| mem_ctrl/mem_reg[645][0]/SE  |
| -17.442|  -17.442|-570464.375|-570464.375|   93.94%|   0:00:01.0|10687.8M|      best|  default| mem_ctrl/mem_reg[645][0]/SE  |
| -17.440|  -17.440|-570396.750|-570396.750|   93.95%|   0:00:01.0|10687.8M|      best|  default| mem_ctrl/mem_reg[645][0]/SE  |
| -17.435|  -17.435|-570215.062|-570215.062|   93.95%|   0:00:01.0|10687.8M|      best|  default| mem_ctrl/mem_reg[645][0]/SE  |
| -17.432|  -17.432|-570133.062|-570133.062|   93.96%|   0:00:01.0|10687.8M|      best|  default| mem_ctrl/mem_reg[645][0]/SE  |
| -17.431|  -17.431|-570001.250|-570001.250|   93.96%|   0:00:01.0|10687.8M|      best|  default| mem_ctrl/mem_reg[1003][4]/SE |
| -17.424|  -17.424|-569863.188|-569863.188|   93.96%|   0:00:01.0|10687.8M|      best|  default| mem_ctrl/mem_reg[645][0]/SE  |
| -17.422|  -17.422|-569811.250|-569811.250|   93.98%|   0:00:01.0|10687.8M|      best|  default| mem_ctrl/mem_reg[645][0]/SE  |
| -17.416|  -17.416|-569607.438|-569607.438|   93.98%|   0:00:01.0|10687.8M|      best|  default| mem_ctrl/mem_reg[645][0]/SE  |
| -17.415|  -17.415|-569556.875|-569556.875|   93.99%|   0:00:01.0|10687.8M|      best|  default| mem_ctrl/mem_reg[645][0]/SE  |
| -17.410|  -17.410|-569388.000|-569388.000|   93.99%|   0:00:01.0|10687.8M|      best|  default| mem_ctrl/mem_reg[645][0]/SE  |
| -17.406|  -17.406|-569263.938|-569263.938|   94.00%|   0:00:01.0|10687.8M|      best|  default| mem_ctrl/mem_reg[645][0]/SE  |
| -17.401|  -17.401|-569116.250|-569116.250|   94.00%|   0:00:01.0|10687.8M|      best|  default| mem_ctrl/mem_reg[645][0]/SE  |
| -17.400|  -17.400|-569072.750|-569072.750|   94.01%|   0:00:01.0|10687.8M|      best|  default| mem_ctrl/mem_reg[645][0]/SE  |
| -17.395|  -17.395|-568904.562|-568904.562|   94.01%|   0:00:01.0|10687.8M|      best|  default| mem_ctrl/mem_reg[1003][4]/SE |
| -17.392|  -17.392|-568830.688|-568830.688|   94.02%|   0:00:01.0|10687.8M|      best|  default| mem_ctrl/mem_reg[645][0]/SE  |
| -17.388|  -17.388|-568696.875|-568696.875|   94.02%|   0:00:01.0|10687.8M|      best|  default| mem_ctrl/mem_reg[645][0]/SE  |
| -17.386|  -17.386|-568618.688|-568618.688|   94.03%|   0:00:01.0|10687.8M|      best|  default| mem_ctrl/mem_reg[645][0]/SE  |
| -17.383|  -17.383|-568502.000|-568502.000|   94.03%|   0:00:01.0|10687.8M|      best|  default| mem_ctrl/mem_reg[1003][4]/SE |
| -17.381|  -17.381|-568437.812|-568437.812|   94.03%|   0:00:01.0|10687.8M|      best|  default| mem_ctrl/mem_reg[645][0]/SE  |
| -17.378|  -17.378|-568334.375|-568334.375|   94.04%|   0:00:01.0|10687.8M|      best|  default| mem_ctrl/mem_reg[1003][4]/SE |
| -17.373|  -17.373|-568192.250|-568192.250|   94.05%|   0:00:01.0|10687.8M|      best|  default| mem_ctrl/mem_reg[645][0]/SE  |
| -17.370|  -17.370|-568091.938|-568091.938|   94.06%|   0:00:01.0|10687.8M|      best|  default| mem_ctrl/mem_reg[1003][4]/SE |
| -17.369|  -17.369|-568063.938|-568063.938|   94.07%|   0:00:01.0|10687.8M|      best|  default| mem_ctrl/mem_reg[645][0]/SE  |
| -17.366|  -17.366|-567976.875|-567976.875|   94.07%|   0:00:01.0|10687.8M|      best|  default| mem_ctrl/mem_reg[645][0]/SE  |
| -17.362|  -17.362|-567818.625|-567818.625|   94.07%|   0:00:01.0|10687.8M|      best|  default| mem_ctrl/mem_reg[645][0]/SE  |
| -17.360|  -17.360|-567689.812|-567689.812|   94.08%|   0:00:01.0|10687.8M|      best|  default| mem_ctrl/mem_reg[1003][4]/SE |
| -17.358|  -17.358|-567687.188|-567687.188|   94.09%|   0:00:01.0|10687.8M|      best|  default| mem_ctrl/mem_reg[645][0]/SE  |
| -17.354|  -17.354|-567560.625|-567560.625|   94.09%|   0:00:01.0|10687.8M|      best|  default| mem_ctrl/mem_reg[645][0]/SE  |
| -17.350|  -17.350|-567438.625|-567438.625|   94.11%|   0:00:01.0|10687.8M|      best|  default| mem_ctrl/mem_reg[645][0]/SE  |
| -17.348|  -17.348|-567368.938|-567368.938|   94.11%|   0:00:01.0|10687.8M|      best|  default| mem_ctrl/mem_reg[645][0]/SE  |
| -17.344|  -17.344|-567235.688|-567235.688|   94.11%|   0:00:01.0|10687.8M|      best|  default| mem_ctrl/mem_reg[645][0]/SE  |
| -17.343|  -17.343|-567212.625|-567212.625|   94.12%|   0:00:01.0|10687.8M|      best|  default| mem_ctrl/mem_reg[645][0]/SE  |
| -17.339|  -17.339|-567072.250|-567072.250|   94.13%|   0:00:01.0|10687.8M|      best|  default| mem_ctrl/mem_reg[645][0]/SE  |
| -17.335|  -17.335|-566944.000|-566944.000|   94.14%|   0:00:01.0|10687.8M|      best|  default| mem_ctrl/mem_reg[645][0]/SE  |
| -17.333|  -17.333|-566867.938|-566867.938|   94.14%|   0:00:01.0|10687.8M|      best|  default| mem_ctrl/mem_reg[645][0]/SE  |
| -17.329|  -17.329|-566763.375|-566763.375|   94.15%|   0:00:01.0|10687.8M|      best|  default| mem_ctrl/mem_reg[645][0]/SE  |
| -17.328|  -17.328|-566706.875|-566706.875|   94.16%|   0:00:01.0|10687.8M|      best|  default| mem_ctrl/mem_reg[645][0]/SE  |
| -17.325|  -17.325|-566610.562|-566610.562|   94.16%|   0:00:01.0|10687.8M|      best|  default| mem_ctrl/mem_reg[1003][4]/SE |
| -17.323|  -17.323|-566564.250|-566564.250|   94.16%|   0:00:01.0|10687.8M|      best|  default| mem_ctrl/mem_reg[645][0]/SE  |
| -17.318|  -17.318|-566394.125|-566394.125|   94.17%|   0:00:01.0|10687.8M|      best|  default| mem_ctrl/mem_reg[1003][4]/SE |
| -17.317|  -17.317|-566373.625|-566373.625|   94.18%|   0:00:01.0|10687.8M|      best|  default| mem_ctrl/mem_reg[645][0]/SE  |
| -17.313|  -17.313|-566239.250|-566239.250|   94.18%|   0:00:01.0|10687.8M|      best|  default| mem_ctrl/mem_reg[645][0]/SE  |
| -17.310|  -17.310|-566115.188|-566115.188|   94.19%|   0:00:01.0|10687.8M|      best|  default| mem_ctrl/mem_reg[645][0]/SE  |
| -17.308|  -17.308|-566048.875|-566048.875|   94.20%|   0:00:01.0|10687.8M|      best|  default| mem_ctrl/mem_reg[645][0]/SE  |
| -17.305|  -17.305|-565967.375|-565967.375|   94.20%|   0:00:02.0|10687.8M|      best|  default| mem_ctrl/mem_reg[645][0]/SE  |
| -17.301|  -17.301|-565816.375|-565816.375|   94.21%|   0:00:01.0|10687.8M|      best|  default| mem_ctrl/mem_reg[645][0]/SE  |
| -17.298|  -17.298|-565736.312|-565736.312|   94.22%|   0:00:01.0|10687.8M|      best|  default| mem_ctrl/mem_reg[645][0]/SE  |
| -17.296|  -17.296|-565668.438|-565668.438|   94.22%|   0:00:01.0|10687.8M|      best|  default| mem_ctrl/mem_reg[645][0]/SE  |
| -17.294|  -17.294|-565586.562|-565586.562|   94.23%|   0:00:01.0|10687.8M|      best|  default| mem_ctrl/mem_reg[645][0]/SE  |
| -17.293|  -17.293|-565565.938|-565565.938|   94.24%|   0:00:02.0|10687.8M|      best|  default| mem_ctrl/mem_reg[645][0]/SE  |
| -17.291|  -17.291|-565494.875|-565494.875|   94.24%|   0:00:01.0|10687.8M|      best|  default| mem_ctrl/mem_reg[645][0]/SE  |
| -17.289|  -17.289|-565456.312|-565456.312|   94.25%|   0:00:01.0|10687.8M|      best|  default| mem_ctrl/mem_reg[645][0]/SE  |
| -17.288|  -17.288|-565401.750|-565401.750|   94.25%|   0:00:02.0|10687.8M|      best|  default| mem_ctrl/mem_reg[645][0]/SE  |
| -17.285|  -17.285|-565290.438|-565290.438|   94.25%|   0:00:01.0|10687.8M|      best|  default| mem_ctrl/mem_reg[645][0]/SE  |
| -17.284|  -17.284|-565270.938|-565270.938|   94.26%|   0:00:01.0|10687.8M|      best|  default| mem_ctrl/mem_reg[645][0]/SE  |
| -17.281|  -17.281|-565172.688|-565172.688|   94.27%|   0:00:01.0|10687.8M|      best|  default| mem_ctrl/mem_reg[645][0]/SE  |
| -17.280|  -17.280|-565156.000|-565156.000|   94.27%|   0:00:01.0|10687.8M|      best|  default| mem_ctrl/mem_reg[645][0]/SE  |
| -17.279|  -17.279|-565110.188|-565110.188|   94.27%|   0:00:01.0|10687.8M|      best|  default| mem_ctrl/mem_reg[645][0]/SE  |
| -17.277|  -17.277|-565045.625|-565045.625|   94.28%|   0:00:00.0|10687.8M|      best|  default| mem_ctrl/mem_reg[645][0]/SE  |
| -17.274|  -17.274|-564957.750|-564957.750|   94.28%|   0:00:02.0|10687.8M|      best|  default| mem_ctrl/mem_reg[645][0]/SE  |
| -17.273|  -17.273|-564916.875|-564916.875|   94.29%|   0:00:01.0|10687.8M|      best|  default| mem_ctrl/mem_reg[645][0]/SE  |
| -17.272|  -17.272|-564867.875|-564867.875|   94.30%|   0:00:01.0|10687.8M|      best|  default| mem_ctrl/mem_reg[645][0]/SE  |
| -17.270|  -17.270|-564798.750|-564798.750|   94.30%|   0:00:01.0|10687.8M|      best|  default| mem_ctrl/mem_reg[645][0]/SE  |
| -17.267|  -17.267|-564727.125|-564727.125|   94.31%|   0:00:01.0|10687.8M|      best|  default| mem_ctrl/mem_reg[645][0]/SE  |
| -17.266|  -17.266|-564695.000|-564695.000|   94.31%|   0:00:00.0|10687.8M|      best|  default| mem_ctrl/mem_reg[645][0]/SE  |
| -17.264|  -17.264|-564625.438|-564625.438|   94.32%|   0:00:02.0|10687.8M|      best|  default| mem_ctrl/mem_reg[645][0]/SE  |
| -17.262|  -17.262|-564553.000|-564553.000|   94.32%|   0:00:01.0|10687.8M|      best|  default| mem_ctrl/mem_reg[645][0]/SE  |
| -17.259|  -17.259|-564465.688|-564465.688|   94.32%|   0:00:00.0|10687.8M|      best|  default| mem_ctrl/mem_reg[645][0]/SE  |
| -17.258|  -17.258|-564425.188|-564425.188|   94.34%|   0:00:02.0|10687.8M|      best|  default| mem_ctrl/mem_reg[645][0]/SE  |
| -17.255|  -17.255|-564334.938|-564334.938|   94.34%|   0:00:01.0|10687.8M|      best|  default| mem_ctrl/mem_reg[645][0]/SE  |
| -17.254|  -17.254|-564305.875|-564305.875|   94.35%|   0:00:01.0|10687.8M|      best|  default| mem_ctrl/mem_reg[645][0]/SE  |
| -17.253|  -17.253|-564265.750|-564265.750|   94.35%|   0:00:01.0|10687.8M|      best|  default| mem_ctrl/mem_reg[645][0]/SE  |
| -17.252|  -17.252|-564220.750|-564220.750|   94.35%|   0:00:00.0|10687.8M|      best|  default| mem_ctrl/mem_reg[645][0]/SE  |
| -17.250|  -17.250|-564175.438|-564175.438|   94.35%|   0:00:01.0|10687.8M|      best|  default| mem_ctrl/mem_reg[645][0]/SE  |
| -17.249|  -17.249|-564117.250|-564117.250|   94.36%|   0:00:01.0|10687.8M|      best|  default| mem_ctrl/mem_reg[645][0]/SE  |
| -17.248|  -17.248|-564094.938|-564094.938|   94.36%|   0:00:01.0|10687.8M|      best|  default| mem_ctrl/mem_reg[645][0]/SE  |
| -17.247|  -17.247|-564061.438|-564061.438|   94.37%|   0:00:01.0|10687.8M|      best|  default| mem_ctrl/mem_reg[645][0]/SE  |
| -17.245|  -17.245|-563989.938|-563989.938|   94.37%|   0:00:00.0|10687.8M|      best|  default| mem_ctrl/mem_reg[645][0]/SE  |
| -17.244|  -17.244|-563963.625|-563963.625|   94.37%|   0:00:01.0|10683.8M|      best|  default| mem_ctrl/mem_reg[645][0]/SE  |
| -17.242|  -17.242|-563912.062|-563912.062|   94.37%|   0:00:01.0|10683.8M|      best|  default| mem_ctrl/mem_reg[645][0]/SE  |
| -17.241|  -17.241|-563873.312|-563873.312|   94.38%|   0:00:01.0|10683.8M|      best|  default| mem_ctrl/mem_reg[645][0]/SE  |
| -17.240|  -17.240|-563821.062|-563821.062|   94.38%|   0:00:01.0|10683.8M|      best|  default| mem_ctrl/mem_reg[1003][4]/SE |
| -17.238|  -17.238|-563757.188|-563757.188|   94.39%|   0:00:01.0|10683.8M|      best|  default| mem_ctrl/mem_reg[645][0]/SE  |
| -17.236|  -17.236|-563712.125|-563712.125|   94.39%|   0:00:01.0|10683.8M|      best|  default| mem_ctrl/mem_reg[645][0]/SE  |
| -17.236|  -17.236|-563686.250|-563686.250|   94.40%|   0:00:00.0|10683.8M|      best|  default| mem_ctrl/mem_reg[645][0]/SE  |
| -17.235|  -17.235|-563651.625|-563651.625|   94.40%|   0:00:01.0|10683.8M|      best|  default| mem_ctrl/mem_reg[645][0]/SE  |
| -17.233|  -17.233|-563587.625|-563587.625|   94.40%|   0:00:01.0|10683.8M|      best|  default| mem_ctrl/mem_reg[645][0]/SE  |
| -17.231|  -17.231|-563541.562|-563541.562|   94.41%|   0:00:01.0|10683.8M|      best|  default| mem_ctrl/mem_reg[645][0]/SE  |
| -17.230|  -17.230|-563505.062|-563505.062|   94.41%|   0:00:00.0|10683.8M|      best|  default| mem_ctrl/mem_reg[645][0]/SE  |
| -17.229|  -17.229|-563482.438|-563482.438|   94.41%|   0:00:01.0|10683.8M|      best|  default| mem_ctrl/mem_reg[645][0]/SE  |
| -17.228|  -17.228|-563453.500|-563453.500|   94.41%|   0:00:01.0|10683.8M|      best|  default| mem_ctrl/mem_reg[645][0]/SE  |
| -17.227|  -17.227|-563414.000|-563414.000|   94.42%|   0:00:01.0|10683.8M|      best|  default| mem_ctrl/mem_reg[645][0]/SE  |
| -17.226|  -17.226|-563364.625|-563364.625|   94.42%|   0:00:00.0|10683.8M|      best|  default| mem_ctrl/mem_reg[645][0]/SE  |
| -17.225|  -17.225|-563342.312|-563342.312|   94.42%|   0:00:01.0|10683.8M|      best|  default| mem_ctrl/mem_reg[645][0]/SE  |
| -17.224|  -17.224|-563314.188|-563314.188|   94.43%|   0:00:01.0|10683.8M|      best|  default| mem_ctrl/mem_reg[645][0]/SE  |
| -17.223|  -17.223|-563282.125|-563282.125|   94.43%|   0:00:00.0|10683.8M|      best|  default| mem_ctrl/mem_reg[645][0]/SE  |
| -17.222|  -17.222|-563259.438|-563259.438|   94.44%|   0:00:01.0|10683.8M|      best|  default| mem_ctrl/mem_reg[645][0]/SE  |
| -17.222|  -17.222|-563246.250|-563246.250|   94.44%|   0:00:01.0|10683.8M|      best|  default| mem_ctrl/mem_reg[645][0]/SE  |
| -17.221|  -17.221|-563219.250|-563219.250|   94.45%|   0:00:01.0|10683.8M|      best|  default| mem_ctrl/mem_reg[645][0]/SE  |
| -17.220|  -17.220|-563174.062|-563174.062|   94.45%|   0:00:01.0|10683.8M|      best|  default| mem_ctrl/mem_reg[645][0]/SE  |
| -17.219|  -17.219|-563131.312|-563131.312|   94.45%|   0:00:01.0|10683.8M|      best|  default| mem_ctrl/mem_reg[645][0]/SE  |
| -17.218|  -17.218|-563099.062|-563099.062|   94.46%|   0:00:00.0|10683.8M|      best|  default| mem_ctrl/mem_reg[645][0]/SE  |
| -17.216|  -17.216|-563031.375|-563031.375|   94.46%|   0:00:01.0|10683.8M|      best|  default| mem_ctrl/mem_reg[1003][4]/SE |
| -17.215|  -17.215|-563001.750|-563001.750|   94.47%|   0:00:01.0|10683.8M|      best|  default| mem_ctrl/mem_reg[1003][4]/SE |
| -17.214|  -17.214|-562978.688|-562978.688|   94.47%|   0:00:01.0|10683.8M|      best|  default| mem_ctrl/mem_reg[1003][4]/SE |
| -17.214|  -17.214|-562973.938|-562973.938|   94.48%|   0:00:01.0|10683.8M|      best|  default| mem_ctrl/mem_reg[645][0]/SE  |
| -17.212|  -17.212|-562909.688|-562909.688|   94.48%|   0:00:01.0|10683.8M|      best|  default| mem_ctrl/mem_reg[645][0]/SE  |
| -17.210|  -17.210|-562848.750|-562848.750|   94.48%|   0:00:01.0|10683.8M|      best|  default| mem_ctrl/mem_reg[645][0]/SE  |
| -17.209|  -17.209|-562803.688|-562803.688|   94.49%|   0:00:01.0|10683.8M|      best|  default| mem_ctrl/mem_reg[645][0]/SE  |
| -17.208|  -17.208|-562780.688|-562780.688|   94.50%|   0:00:01.0|10683.8M|      best|  default| mem_ctrl/mem_reg[645][0]/SE  |
| -17.207|  -17.207|-562761.125|-562761.125|   94.50%|   0:00:01.0|10683.8M|      best|  default| mem_ctrl/mem_reg[645][0]/SE  |
| -17.207|  -17.207|-562761.000|-562761.000|   94.50%|   0:00:00.0|10683.8M|      best|  default| mem_ctrl/mem_reg[645][0]/SE  |
| -17.208|  -17.208|-562695.875|-562695.875|   94.67%|   0:00:12.0|10683.8M|      best|  default| mem_ctrl/mem_reg[1003][4]/SE |
| -17.206|  -17.206|-562619.812|-562619.812|   94.76%|   0:00:05.0|10683.8M|      best|  default| mem_ctrl/mem_reg[645][0]/SE  |
| -17.205|  -17.205|-562596.750|-562596.750|   94.78%|   0:00:01.0|10678.8M|      best|  default| mem_ctrl/mem_reg[645][0]/SE  |
| -17.205|  -17.205|-562593.438|-562593.438|   94.78%|   0:00:01.0|10678.8M|      best|  default| mem_ctrl/mem_reg[645][0]/SE  |
| -17.206|  -17.206|-562593.375|-562593.375|   94.78%|   0:00:00.0|10678.8M|      best|  default| mem_ctrl/mem_reg[1311][5]/SE |
| -17.205|  -17.205|-562593.188|-562593.188|   94.78%|   0:00:01.0|10678.8M|      best|  default| mem_ctrl/mem_reg[645][0]/SE  |
| -17.205|  -17.205|-562573.312|-562573.312|   94.85%|   0:00:03.0|10678.8M|      best|  default| mem_ctrl/mem_reg[645][0]/SE  |
| -17.205|  -17.205|-562563.438|-562563.438|   94.90%|   0:00:02.0|10678.8M|      best|  default| mem_ctrl/mem_reg[645][0]/SE  |
| -17.207|  -17.207|-562563.188|-562563.188|   94.94%|   0:00:03.0|10678.8M|      best|  default| mem_ctrl/mem_reg[3387][7]/SE |
| -17.205|  -17.205|-562557.625|-562557.625|   94.94%|   0:00:01.0|10678.8M|      best|  default| mem_ctrl/mem_reg[645][0]/SE  |
| -17.205|  -17.205|-562557.613|-562557.613|   94.94%|   0:00:00.0|10678.8M|      best|  default| mem_ctrl/mem_reg[645][0]/SE  |
+--------+---------+-----------+-----------+---------+------------+--------+----------+---------+------------------------------+

*** Finish Core Optimize Step (cpu=1:11:22 real=0:05:27 mem=10678.8M) ***

*** Finished Optimize Step Cumulative (cpu=1:11:22 real=0:05:27 mem=10678.8M) ***
*** Starting refinePlace (10:10:53 mem=10451.8M) ***
Total net bbox length = 8.011e+06 (4.084e+06 3.927e+06) (ext = 1.044e+05)
**WARN: (IMPSP-5140):	Global net connect rules have not been created. Added  insts would have no supply connectivity, and would fail DRC.
Type 'man IMPSP-5140' for more detail.
**WARN: (IMPSP-315):	Found 139215 instances insts with no PG Term connections.
Type 'man IMPSP-315' for more detail.
**WARN: (IMPSP-2020):	Cannot find a legal location for instance 'decrypt_inst_loop[4].dr_s_sub_Bytes[40].s/FE_RC_14809_0' (Cell INVX2).
Type 'man IMPSP-2020' for more detail.
**WARN: (IMPSP-2020):	Cannot find a legal location for instance 'decrypt_inst_loop[4].dr_s_sub_Bytes[40].s/FE_RC_12491_0' (Cell NAND2X1).
Type 'man IMPSP-2020' for more detail.
**WARN: (IMPSP-2020):	Cannot find a legal location for instance 'FE_RC_1583_0' (Cell INVX2).
Type 'man IMPSP-2020' for more detail.
**WARN: (IMPSP-2020):	Cannot find a legal location for instance 'g626624' (Cell NAND2X1).
Type 'man IMPSP-2020' for more detail.
**WARN: (IMPSP-2020):	Cannot find a legal location for instance 'decrypt_inst_loop[4].dr_s_sub_Bytes[88].s/g21989' (Cell NAND2X1).
Type 'man IMPSP-2020' for more detail.
**WARN: (IMPSP-2020):	Cannot find a legal location for instance 'decrypt_inst_loop[4].dr_s_sub_Bytes[64].s/g22098' (Cell NAND2X1).
Type 'man IMPSP-2020' for more detail.
**WARN: (IMPSP-2020):	Cannot find a legal location for instance 'g15562' (Cell CLKINVX2).
Type 'man IMPSP-2020' for more detail.
**WARN: (IMPSP-2020):	Cannot find a legal location for instance 'decrypt_inst_loop[4].dr_s_sub_Bytes[120].s/g21996' (Cell NAND2X1).
Type 'man IMPSP-2020' for more detail.
**WARN: (IMPSP-2020):	Cannot find a legal location for instance 'decrypt_inst_loop[5].dr_s_sub_Bytes[16].s/g22050' (Cell NAND2X1).
Type 'man IMPSP-2020' for more detail.
**WARN: (IMPSP-2020):	Cannot find a legal location for instance 'decrypt_inst_loop[4].dr_s_sub_Bytes[64].s/FE_RC_7076_0' (Cell NAND2X1).
Type 'man IMPSP-2020' for more detail.
**WARN: (IMPSP-2020):	Cannot find a legal location for instance 'FE_RC_6767_0' (Cell CLKINVX2).
Type 'man IMPSP-2020' for more detail.
**WARN: (IMPSP-2020):	Cannot find a legal location for instance 'g627364' (Cell CLKINVX2).
Type 'man IMPSP-2020' for more detail.
**WARN: (IMPSP-2020):	Cannot find a legal location for instance 'decrypt_inst_loop[4].dr_s_sub_Bytes[88].s/FE_RC_6589_0' (Cell INVX2).
Type 'man IMPSP-2020' for more detail.
**WARN: (IMPSP-2020):	Cannot find a legal location for instance 'decrypt_inst_loop[4].dr_s_sub_Bytes[64].s/g22048' (Cell NAND2X1).
Type 'man IMPSP-2020' for more detail.
**WARN: (IMPSP-2020):	Cannot find a legal location for instance 'g15785' (Cell CLKINVX2).
Type 'man IMPSP-2020' for more detail.
**WARN: (IMPSP-2020):	Cannot find a legal location for instance 'decrypt_inst_loop[4].dr_s_sub_Bytes[120].s/g22079' (Cell NOR2X1).
Type 'man IMPSP-2020' for more detail.
**WARN: (IMPSP-2020):	Cannot find a legal location for instance 'decrypt_inst_loop[5].dr_s_sub_Bytes[16].s/g22060' (Cell NAND2X1).
Type 'man IMPSP-2020' for more detail.
**WARN: (IMPSP-2020):	Cannot find a legal location for instance 'decrypt_inst_loop[4].dr_s_sub_Bytes[64].s/g21924' (Cell NOR2X1).
Type 'man IMPSP-2020' for more detail.
**WARN: (IMPSP-2020):	Cannot find a legal location for instance 'g17012' (Cell CLKINVX2).
Type 'man IMPSP-2020' for more detail.
**ERROR: (IMPSP-2021):	Could not legalize <6290> instances in the design. Check warning message IMPSP-270, IMPSP-452, IMPSP-2024, IMPSP-2039, IMPSP-2040, IMPSP-2042, or IMPSP-2020 in the log file for more details.Type 'man IMPSP-2021' for more detail.
Move report: Detail placement moves 79441 insts, mean move: 68.46 um, max move: 762.99 um 
	Max move on inst (decrypt_inst_loop[4].dr_s_sub_Bytes[24].s/g21917): (348.58, 911.47) --> (47.56, 449.50)
	Runtime: CPU: 0:00:20.5 REAL: 0:00:03.0 MEM: 10583.5MB
Summary Report:
Instances move: 79441 (out of 286220 movable)
Instances flipped: 155
Mean displacement: 68.46 um
Max displacement: 762.99 um (Instance: decrypt_inst_loop[4].dr_s_sub_Bytes[24].s/g21917) (348.58, 911.47) -> (47.56, 449.5)
	Length: 4 sites, height: 1 rows, site name: gsclib090site, cell type: NOR2XL
Total net bbox length = 1.729e+07 (8.748e+06 8.541e+06) (ext = 1.180e+05)
Runtime: CPU: 0:00:20.7 REAL: 0:00:03.0 MEM: 10583.5MB
*** Finished refinePlace (10:11:14 mem=10583.5M) ***
*** maximum move = 762.99 um ***
*** Finished re-routing un-routed nets (10459.5M) ***

*** Finish Physical Update (cpu=0:02:07 real=0:00:15.0 mem=10465.4M) ***
** GigaOpt Optimizer WNS Slack -36.978 TNS Slack -1209771.067 Density 94.94
OptDebug: End of Setup Fixing:
+----------+-------+------------+
|Path Group|    WNS|         TNS|
+----------+-------+------------+
|default   |-36.978|-1209771.067|
|reg2reg   |  0.759|       0.000|
|HEPG      |  0.759|       0.000|
|All Paths |-36.978|-1209771.067|
+----------+-------+------------+

Bottom Preferred Layer:
+---------------+------------+----------+
|     Layer     |   OPT_LA   |   Rule   |
+---------------+------------+----------+
| Metal8 (z=8)  |       1042 | default  |
+---------------+------------+----------+
Via Pillar Rule:
    None

*** Finish pre-CTS Setup Fixing (cpu=7:27:16 real=0:34:42 mem=10465.4M) ***

*** WnsOpt #1 [finish] (place_opt_design #1) : cpu/real = 7:27:20.8/0:34:45.9 (12.9), totSession cpu/real = 10:13:05.1/1:00:03.8 (10.2), mem = 8702.7M
End: GigaOpt Optimization in WNS mode
*** Timing NOT met, worst failing slack is -36.978
*** Check timing (0:00:00.1)
Begin: GigaOpt Optimization in TNS mode
Info: 1 clock net  excluded from IPO operation.
*** TnsOpt #2 [begin] (place_opt_design #1) : totSession cpu/real = 10:13:06.4/1:00:05.1 (10.2), mem = 8701.0M
*info: 1 clock net excluded
*info: 1342 no-driver nets excluded.
** GigaOpt Optimizer WNS Slack -36.978 TNS Slack -1209771.067 Density 94.94
OptDebug: Start of Optimizer TNS Pass:
+----------+-------+------------+
|Path Group|    WNS|         TNS|
+----------+-------+------------+
|default   |-36.978|-1209771.067|
|reg2reg   |  0.759|       0.000|
|HEPG      |  0.759|       0.000|
|All Paths |-36.978|-1209771.067|
+----------+-------+------------+

Active Path Group: default 
+--------+---------+------------+------------+---------+------------+--------+----------+---------+------------------------------+
|  WNS   | All WNS |    TNS     |  All TNS   | Density |    Real    |  Mem   |Worst View|Pathgroup|          End Point           |
+--------+---------+------------+------------+---------+------------+--------+----------+---------+------------------------------+
| -36.978|  -36.978|-1209771.067|-1209771.067|   94.94%|   0:00:00.0| 9807.8M|      best|  default| mem_ctrl/mem_reg[696][2]/SE  |
| -36.678|  -36.678|-1199925.125|-1199925.125|   94.94%|   0:00:06.0|10342.3M|      best|  default| mem_ctrl/mem_reg[696][2]/SE  |
| -36.605|  -36.605|-1197522.625|-1197522.625|   94.94%|   0:00:01.0|10404.8M|      best|  default| mem_ctrl/mem_reg[696][2]/SE  |
| -36.454|  -36.454|-1192596.500|-1192596.500|   94.94%|   0:00:00.0|10417.0M|      best|  default| mem_ctrl/mem_reg[696][2]/SE  |
| -36.426|  -36.426|-1191655.750|-1191655.750|   94.94%|   0:00:00.0|10426.1M|      best|  default| mem_ctrl/mem_reg[696][2]/SE  |
| -36.415|  -36.415|-1191301.875|-1191301.875|   94.94%|   0:00:01.0|10435.3M|      best|  default| mem_ctrl/mem_reg[696][2]/SE  |
| -36.206|  -36.206|-1184454.875|-1184454.875|   94.94%|   0:00:00.0|10438.4M|      best|  default| mem_ctrl/mem_reg[696][2]/SE  |
| -36.035|  -36.035|-1178863.375|-1178863.375|   94.94%|   0:00:00.0|10441.4M|      best|  default| mem_ctrl/mem_reg[696][2]/SE  |
| -35.947|  -35.947|-1175952.750|-1175952.750|   94.94%|   0:00:01.0|10441.4M|      best|  default| mem_ctrl/mem_reg[696][2]/SE  |
| -35.788|  -35.788|-1170761.000|-1170761.000|   94.94%|   0:00:00.0|10441.4M|      best|  default| mem_ctrl/mem_reg[696][2]/SE  |
| -35.724|  -35.724|-1168669.875|-1168669.875|   94.94%|   0:00:00.0|10441.4M|      best|  default| mem_ctrl/mem_reg[696][2]/SE  |
| -35.571|  -35.571|-1163632.250|-1163632.250|   94.94%|   0:00:01.0|10441.4M|      best|  default| mem_ctrl/mem_reg[696][2]/SE  |
| -35.543|  -35.543|-1162726.500|-1162726.500|   94.94%|   0:00:00.0|10441.4M|      best|  default| mem_ctrl/mem_reg[696][2]/SE  |
| -35.519|  -35.519|-1161933.375|-1161933.375|   94.94%|   0:00:00.0|10441.4M|      best|  default| mem_ctrl/mem_reg[696][2]/SE  |
| -35.510|  -35.510|-1161622.000|-1161622.000|   94.94%|   0:00:01.0|10441.4M|      best|  default| mem_ctrl/mem_reg[696][2]/SE  |
| -35.388|  -35.388|-1157634.250|-1157634.250|   94.94%|   0:00:00.0|10441.4M|      best|  default| mem_ctrl/mem_reg[696][2]/SE  |
| -35.373|  -35.373|-1157154.750|-1157154.750|   94.94%|   0:00:00.0|10441.4M|      best|  default| mem_ctrl/mem_reg[696][2]/SE  |
| -35.341|  -35.341|-1156113.500|-1156113.500|   94.94%|   0:00:01.0|10441.4M|      best|  default| mem_ctrl/mem_reg[696][2]/SE  |
| -35.329|  -35.329|-1155709.250|-1155709.250|   94.94%|   0:00:00.0|10441.4M|      best|  default| mem_ctrl/mem_reg[696][2]/SE  |
| -35.299|  -35.299|-1154729.250|-1154729.250|   94.94%|   0:00:00.0|10441.4M|      best|  default| mem_ctrl/mem_reg[696][2]/SE  |
| -35.224|  -35.224|-1152257.875|-1152257.875|   94.94%|   0:00:01.0|10441.4M|      best|  default| mem_ctrl/mem_reg[696][2]/SE  |
| -35.154|  -35.154|-1149957.000|-1149957.000|   94.94%|   0:00:00.0|10441.4M|      best|  default| mem_ctrl/mem_reg[696][2]/SE  |
| -35.065|  -35.065|-1147059.625|-1147059.625|   94.94%|   0:00:00.0|10441.4M|      best|  default| mem_ctrl/mem_reg[696][2]/SE  |
| -35.052|  -35.052|-1146627.000|-1146627.000|   94.94%|   0:00:00.0|10441.4M|      best|  default| mem_ctrl/mem_reg[696][2]/SE  |
| -34.974|  -34.974|-1144063.875|-1144063.875|   94.94%|   0:00:01.0|10441.4M|      best|  default| mem_ctrl/mem_reg[696][2]/SE  |
| -34.966|  -34.966|-1143801.750|-1143801.750|   94.94%|   0:00:00.0|10441.4M|      best|  default| mem_ctrl/mem_reg[696][2]/SE  |
| -34.900|  -34.900|-1141638.500|-1141638.500|   94.94%|   0:00:00.0|10441.4M|      best|  default| mem_ctrl/mem_reg[696][2]/SE  |
| -34.876|  -34.876|-1140865.000|-1140865.000|   94.94%|   0:00:01.0|10441.4M|      best|  default| mem_ctrl/mem_reg[696][2]/SE  |
| -34.840|  -34.840|-1139662.125|-1139662.125|   94.94%|   0:00:00.0|10441.4M|      best|  default| mem_ctrl/mem_reg[696][2]/SE  |
| -34.821|  -34.821|-1139049.125|-1139049.125|   94.94%|   0:00:00.0|10441.4M|      best|  default| mem_ctrl/mem_reg[696][2]/SE  |
| -34.785|  -34.785|-1137885.625|-1137885.625|   94.94%|   0:00:01.0|10441.4M|      best|  default| mem_ctrl/mem_reg[696][2]/SE  |
| -34.776|  -34.776|-1137557.875|-1137557.875|   94.94%|   0:00:00.0|10441.4M|      best|  default| mem_ctrl/mem_reg[696][2]/SE  |
| -34.731|  -34.731|-1136109.125|-1136109.125|   94.94%|   0:00:00.0|10441.4M|      best|  default| mem_ctrl/mem_reg[696][2]/SE  |
| -34.725|  -34.725|-1135889.500|-1135889.500|   94.94%|   0:00:01.0|10441.4M|      best|  default| mem_ctrl/mem_reg[696][2]/SE  |
| -34.693|  -34.693|-1134840.750|-1134840.750|   94.94%|   0:00:00.0|10441.4M|      best|  default| mem_ctrl/mem_reg[696][2]/SE  |
| -34.678|  -34.678|-1134375.250|-1134375.250|   94.94%|   0:00:00.0|10439.4M|      best|  default| mem_ctrl/mem_reg[696][2]/SE  |
| -34.651|  -34.651|-1133490.375|-1133490.375|   94.94%|   0:00:00.0|10439.4M|      best|  default| mem_ctrl/mem_reg[696][2]/SE  |
| -34.648|  -34.648|-1133365.750|-1133365.750|   94.94%|   0:00:01.0|10439.4M|      best|  default| mem_ctrl/mem_reg[696][2]/SE  |
| -34.644|  -34.644|-1133244.500|-1133244.500|   94.94%|   0:00:00.0|10439.4M|      best|  default| mem_ctrl/mem_reg[696][2]/SE  |
| -34.640|  -34.640|-1133129.750|-1133129.750|   94.94%|   0:00:00.0|10439.4M|      best|  default| mem_ctrl/mem_reg[696][2]/SE  |
| -34.628|  -34.628|-1132710.250|-1132710.250|   94.94%|   0:00:01.0|10439.4M|      best|  default| mem_ctrl/mem_reg[696][2]/SE  |
| -34.621|  -34.621|-1132503.750|-1132503.750|   94.94%|   0:00:00.0|10439.4M|      best|  default| mem_ctrl/mem_reg[696][2]/SE  |
| -34.602|  -34.602|-1131864.625|-1131864.625|   94.94%|   0:00:00.0|10439.4M|      best|  default| mem_ctrl/mem_reg[696][2]/SE  |
| -34.598|  -34.598|-1131753.250|-1131753.250|   94.95%|   0:00:01.0|10439.4M|      best|  default| mem_ctrl/mem_reg[696][2]/SE  |
| -34.524|  -34.524|-1129304.875|-1129304.875|   94.95%|   0:00:00.0|10439.4M|      best|  default| mem_ctrl/mem_reg[696][2]/SE  |
| -34.458|  -34.458|-1127154.750|-1127154.750|   94.95%|   0:00:00.0|10439.4M|      best|  default| mem_ctrl/mem_reg[696][2]/SE  |
| -34.438|  -34.438|-1126496.000|-1126496.000|   94.95%|   0:00:01.0|10439.4M|      best|  default| mem_ctrl/mem_reg[696][2]/SE  |
| -34.430|  -34.430|-1126217.375|-1126217.375|   94.95%|   0:00:00.0|10439.4M|      best|  default| mem_ctrl/mem_reg[696][2]/SE  |
| -34.382|  -34.382|-1124667.125|-1124667.125|   94.95%|   0:00:00.0|10439.4M|      best|  default| mem_ctrl/mem_reg[696][2]/SE  |
| -34.377|  -34.377|-1124493.375|-1124493.375|   94.95%|   0:00:00.0|10439.4M|      best|  default| mem_ctrl/mem_reg[696][2]/SE  |
| -34.374|  -34.374|-1124388.500|-1124388.500|   94.95%|   0:00:01.0|10439.4M|      best|  default| mem_ctrl/mem_reg[696][2]/SE  |
| -34.364|  -34.364|-1124083.625|-1124083.625|   94.95%|   0:00:00.0|10439.4M|      best|  default| mem_ctrl/mem_reg[696][2]/SE  |
| -34.360|  -34.360|-1123936.125|-1123936.125|   94.95%|   0:00:00.0|10439.4M|      best|  default| mem_ctrl/mem_reg[696][2]/SE  |
| -34.355|  -34.355|-1123778.875|-1123778.875|   94.95%|   0:00:01.0|10439.4M|      best|  default| mem_ctrl/mem_reg[696][2]/SE  |
| -34.352|  -34.352|-1123677.250|-1123677.250|   94.95%|   0:00:00.0|10439.4M|      best|  default| mem_ctrl/mem_reg[696][2]/SE  |
| -34.341|  -34.341|-1123333.125|-1123333.125|   94.95%|   0:00:00.0|10439.4M|      best|  default| mem_ctrl/mem_reg[696][2]/SE  |
| -34.221|  -34.221|-1119387.875|-1119387.875|   94.95%|   0:00:01.0|10439.4M|      best|  default| mem_ctrl/mem_reg[696][2]/SE  |
| -34.155|  -34.155|-1117214.375|-1117214.375|   94.95%|   0:00:00.0|10439.4M|      best|  default| mem_ctrl/mem_reg[696][2]/SE  |
| -34.138|  -34.138|-1116670.250|-1116670.250|   94.95%|   0:00:00.0|10439.4M|      best|  default| mem_ctrl/mem_reg[696][2]/SE  |
| -34.127|  -34.127|-1116303.250|-1116303.250|   94.95%|   0:00:01.0|10439.4M|      best|  default| mem_ctrl/mem_reg[696][2]/SE  |
| -34.088|  -34.088|-1115024.875|-1115024.875|   94.95%|   0:00:00.0|10439.4M|      best|  default| mem_ctrl/mem_reg[696][2]/SE  |
| -34.077|  -34.077|-1114674.250|-1114674.250|   94.95%|   0:00:00.0|10439.4M|      best|  default| mem_ctrl/mem_reg[696][2]/SE  |
| -34.065|  -34.065|-1114264.500|-1114264.500|   94.95%|   0:00:00.0|10439.4M|      best|  default| mem_ctrl/mem_reg[696][2]/SE  |
| -34.053|  -34.053|-1113867.875|-1113867.875|   94.95%|   0:00:01.0|10439.4M|      best|  default| mem_ctrl/mem_reg[696][2]/SE  |
| -34.037|  -34.037|-1113363.125|-1113363.125|   94.95%|   0:00:00.0|10442.5M|      best|  default| mem_ctrl/mem_reg[696][2]/SE  |
| -34.016|  -34.016|-1112658.500|-1112658.500|   94.95%|   0:00:00.0|10442.5M|      best|  default| mem_ctrl/mem_reg[696][2]/SE  |
| -34.012|  -34.012|-1112527.375|-1112527.375|   94.95%|   0:00:01.0|10442.5M|      best|  default| mem_ctrl/mem_reg[696][2]/SE  |
| -33.945|  -33.945|-1110328.125|-1110328.125|   94.95%|   0:00:00.0|10442.5M|      best|  default| mem_ctrl/mem_reg[696][2]/SE  |
| -33.935|  -33.935|-1110006.875|-1110006.875|   94.95%|   0:00:00.0|10442.5M|      best|  default| mem_ctrl/mem_reg[696][2]/SE  |
| -33.924|  -33.924|-1109636.500|-1109636.500|   94.95%|   0:00:01.0|10442.5M|      best|  default| mem_ctrl/mem_reg[696][2]/SE  |
| -33.899|  -33.899|-1108823.750|-1108823.750|   94.95%|   0:00:00.0|10442.5M|      best|  default| mem_ctrl/mem_reg[696][2]/SE  |
| -33.869|  -33.869|-1107837.125|-1107837.125|   94.95%|   0:00:00.0|10442.5M|      best|  default| mem_ctrl/mem_reg[696][2]/SE  |
| -33.832|  -33.832|-1106627.625|-1106627.625|   94.95%|   0:00:00.0|10442.5M|      best|  default| mem_ctrl/mem_reg[696][2]/SE  |
| -33.822|  -33.822|-1106319.625|-1106319.625|   94.95%|   0:00:01.0|10442.5M|      best|  default| mem_ctrl/mem_reg[696][2]/SE  |
| -33.809|  -33.809|-1105873.875|-1105873.875|   94.95%|   0:00:00.0|10442.5M|      best|  default| mem_ctrl/mem_reg[696][2]/SE  |
| -33.790|  -33.790|-1105251.125|-1105251.125|   94.95%|   0:00:00.0|10442.5M|      best|  default| mem_ctrl/mem_reg[696][2]/SE  |
| -33.774|  -33.774|-1104736.500|-1104736.500|   94.95%|   0:00:01.0|10442.5M|      best|  default| mem_ctrl/mem_reg[696][2]/SE  |
| -33.769|  -33.769|-1104562.750|-1104562.750|   94.95%|   0:00:00.0|10442.5M|      best|  default| mem_ctrl/mem_reg[696][2]/SE  |
| -33.765|  -33.765|-1104435.000|-1104435.000|   94.95%|   0:00:00.0|10442.5M|      best|  default| mem_ctrl/mem_reg[696][2]/SE  |
| -33.760|  -33.760|-1104261.250|-1104261.250|   94.95%|   0:00:01.0|10442.5M|      best|  default| mem_ctrl/mem_reg[696][2]/SE  |
| -33.753|  -33.753|-1104041.625|-1104041.625|   94.95%|   0:00:00.0|10442.5M|      best|  default| mem_ctrl/mem_reg[696][2]/SE  |
| -33.749|  -33.749|-1103920.375|-1103920.375|   94.95%|   0:00:00.0|10442.5M|      best|  default| mem_ctrl/mem_reg[696][2]/SE  |
| -33.731|  -33.731|-1103337.000|-1103337.000|   94.95%|   0:00:00.0|10442.5M|      best|  default| mem_ctrl/mem_reg[696][2]/SE  |
| -33.724|  -33.724|-1103094.000|-1103094.000|   94.95%|   0:00:01.0|10442.5M|      best|  default| mem_ctrl/mem_reg[696][2]/SE  |
| -33.695|  -33.695|-1102130.875|-1102130.875|   94.95%|   0:00:00.0|10442.5M|      best|  default| mem_ctrl/mem_reg[696][2]/SE  |
| -33.669|  -33.669|-1101305.375|-1101305.375|   94.95%|   0:00:01.0|10442.5M|      best|  default| mem_ctrl/mem_reg[696][2]/SE  |
| -33.650|  -33.650|-1100672.125|-1100672.125|   94.95%|   0:00:00.0|10442.5M|      best|  default| mem_ctrl/mem_reg[696][2]/SE  |
| -33.621|  -33.621|-1099725.625|-1099725.625|   94.95%|   0:00:00.0|10442.5M|      best|  default| mem_ctrl/mem_reg[696][2]/SE  |
| -33.571|  -33.571|-1098082.750|-1098082.750|   94.95%|   0:00:01.0|10442.5M|      best|  default| mem_ctrl/mem_reg[696][2]/SE  |
| -33.567|  -33.567|-1097948.375|-1097948.375|   94.95%|   0:00:00.0|10442.5M|      best|  default| mem_ctrl/mem_reg[696][2]/SE  |
| -33.487|  -33.487|-1095323.000|-1095323.000|   94.95%|   0:00:00.0|10442.5M|      best|  default| mem_ctrl/mem_reg[696][2]/SE  |
| -33.483|  -33.483|-1095189.500|-1095189.500|   94.95%|   0:00:01.0|10442.5M|      best|  default| mem_ctrl/mem_reg[696][2]/SE  |
| -33.471|  -33.471|-1094803.750|-1094803.750|   94.95%|   0:00:00.0|10442.5M|      best|  default| mem_ctrl/mem_reg[696][2]/SE  |
| -33.428|  -33.428|-1093399.000|-1093399.000|   94.95%|   0:00:01.0|10442.5M|      best|  default| mem_ctrl/mem_reg[696][2]/SE  |
| -33.412|  -33.412|-1092857.750|-1092857.750|   94.95%|   0:00:00.0|10442.5M|      best|  default| mem_ctrl/mem_reg[696][2]/SE  |
| -33.400|  -33.400|-1092478.000|-1092478.000|   94.95%|   0:00:00.0|10442.5M|      best|  default| mem_ctrl/mem_reg[696][2]/SE  |
| -33.385|  -33.385|-1091977.875|-1091977.875|   94.95%|   0:00:00.0|10442.5M|      best|  default| mem_ctrl/mem_reg[696][2]/SE  |
| -33.373|  -33.373|-1091583.250|-1091583.250|   94.95%|   0:00:01.0|10442.5M|      best|  default| mem_ctrl/mem_reg[696][2]/SE  |
| -33.369|  -33.369|-1091475.000|-1091475.000|   94.95%|   0:00:00.0|10442.5M|      best|  default| mem_ctrl/mem_reg[696][2]/SE  |
| -33.362|  -33.362|-1091239.125|-1091239.125|   94.95%|   0:00:00.0|10442.5M|      best|  default| mem_ctrl/mem_reg[696][2]/SE  |
| -33.357|  -33.357|-1091068.625|-1091068.625|   94.95%|   0:00:01.0|10442.5M|      best|  default| mem_ctrl/mem_reg[696][2]/SE  |
| -33.351|  -33.351|-1090881.750|-1090881.750|   94.95%|   0:00:00.0|10442.5M|      best|  default| mem_ctrl/mem_reg[696][2]/SE  |
| -33.346|  -33.346|-1090717.875|-1090717.875|   94.95%|   0:00:00.0|10442.5M|      best|  default| mem_ctrl/mem_reg[696][2]/SE  |
| -33.340|  -33.340|-1090498.375|-1090498.375|   94.95%|   0:00:01.0|10442.5M|      best|  default| mem_ctrl/mem_reg[696][2]/SE  |
| -33.336|  -33.336|-1090377.125|-1090377.125|   94.95%|   0:00:00.0|10442.5M|      best|  default| mem_ctrl/mem_reg[696][2]/SE  |
| -33.330|  -33.330|-1090200.125|-1090200.125|   94.95%|   0:00:00.0|10442.5M|      best|  default| mem_ctrl/mem_reg[696][2]/SE  |
| -33.317|  -33.317|-1089770.750|-1089770.750|   94.95%|   0:00:01.0|10442.5M|      best|  default| mem_ctrl/mem_reg[696][2]/SE  |
| -33.299|  -33.299|-1089187.250|-1089187.250|   94.95%|   0:00:00.0|10442.5M|      best|  default| mem_ctrl/mem_reg[696][2]/SE  |
| -33.275|  -33.275|-1088367.875|-1088367.875|   94.95%|   0:00:00.0|10442.5M|      best|  default| mem_ctrl/mem_reg[696][2]/SE  |
| -33.271|  -33.271|-1088243.375|-1088243.375|   94.95%|   0:00:01.0|10442.5M|      best|  default| mem_ctrl/mem_reg[696][2]/SE  |
| -33.253|  -33.253|-1087653.250|-1087653.250|   94.95%|   0:00:00.0|10442.5M|      best|  default| mem_ctrl/mem_reg[696][2]/SE  |
| -33.249|  -33.249|-1087538.750|-1087538.750|   94.95%|   0:00:00.0|10442.5M|      best|  default| mem_ctrl/mem_reg[696][2]/SE  |
| -33.240|  -33.240|-1087247.000|-1087247.000|   94.95%|   0:00:01.0|10442.5M|      best|  default| mem_ctrl/mem_reg[696][2]/SE  |
| -33.180|  -33.180|-1085257.375|-1085257.375|   94.95%|   0:00:00.0|10442.5M|      best|  default| mem_ctrl/mem_reg[696][2]/SE  |
| -33.124|  -33.124|-1083448.125|-1083448.125|   94.95%|   0:00:00.0|10442.5M|      best|  default| mem_ctrl/mem_reg[696][2]/SE  |
| -33.093|  -33.093|-1082428.875|-1082428.875|   94.95%|   0:00:01.0|10442.5M|      best|  default| mem_ctrl/mem_reg[696][2]/SE  |
| -33.050|  -33.050|-1081019.500|-1081019.500|   94.95%|   0:00:00.0|10442.5M|      best|  default| mem_ctrl/mem_reg[696][2]/SE  |
| -33.038|  -33.038|-1080629.500|-1080629.500|   94.95%|   0:00:00.0|10442.5M|      best|  default| mem_ctrl/mem_reg[696][2]/SE  |
| -33.026|  -33.026|-1080213.250|-1080213.250|   94.95%|   0:00:01.0|10442.5M|      best|  default| mem_ctrl/mem_reg[696][2]/SE  |
| -33.013|  -33.013|-1079780.625|-1079780.625|   94.95%|   0:00:00.0|10442.5M|      best|  default| mem_ctrl/mem_reg[696][2]/SE  |
| -32.998|  -32.998|-1079302.125|-1079302.125|   94.95%|   0:00:00.0|10442.5M|      best|  default| mem_ctrl/mem_reg[696][2]/SE  |
| -32.991|  -32.991|-1079062.750|-1079062.750|   94.95%|   0:00:01.0|10442.5M|      best|  default| mem_ctrl/mem_reg[696][2]/SE  |
| -32.976|  -32.976|-1078577.625|-1078577.625|   94.95%|   0:00:00.0|10442.5M|      best|  default| mem_ctrl/mem_reg[696][2]/SE  |
| -32.945|  -32.945|-1077555.000|-1077555.000|   94.95%|   0:00:00.0|10442.5M|      best|  default| mem_ctrl/mem_reg[696][2]/SE  |
| -32.940|  -32.940|-1077391.250|-1077391.250|   94.95%|   0:00:01.0|10442.5M|      best|  default| mem_ctrl/mem_reg[696][2]/SE  |
| -32.933|  -32.933|-1077184.750|-1077184.750|   94.95%|   0:00:00.0|10442.5M|      best|  default| mem_ctrl/mem_reg[696][2]/SE  |
| -32.891|  -32.891|-1075814.750|-1075814.750|   94.95%|   0:00:00.0|10442.5M|      best|  default| mem_ctrl/mem_reg[696][2]/SE  |
| -32.878|  -32.878|-1075382.125|-1075382.125|   94.95%|   0:00:01.0|10442.5M|      best|  default| mem_ctrl/mem_reg[696][2]/SE  |
| -32.872|  -32.872|-1075175.500|-1075175.500|   94.95%|   0:00:00.0|10442.5M|      best|  default| mem_ctrl/mem_reg[696][2]/SE  |
| -32.862|  -32.862|-1074861.000|-1074861.000|   94.95%|   0:00:00.0|10442.5M|      best|  default| mem_ctrl/mem_reg[696][2]/SE  |
| -32.854|  -32.854|-1074599.500|-1074599.500|   94.95%|   0:00:01.0|10442.5M|      best|  default| mem_ctrl/mem_reg[696][2]/SE  |
| -32.850|  -32.850|-1074458.625|-1074458.625|   94.95%|   0:00:00.0|10442.5M|      best|  default| mem_ctrl/mem_reg[696][2]/SE  |
| -32.846|  -32.846|-1074334.125|-1074334.125|   94.95%|   0:00:01.0|10442.5M|      best|  default| mem_ctrl/mem_reg[696][2]/SE  |
| -32.843|  -32.843|-1074219.500|-1074219.500|   94.95%|   0:00:00.0|10442.5M|      best|  default| mem_ctrl/mem_reg[696][2]/SE  |
| -32.832|  -32.832|-1073855.625|-1073855.625|   94.95%|   0:00:00.0|10442.5M|      best|  default| mem_ctrl/mem_reg[696][2]/SE  |
| -32.828|  -32.828|-1073734.375|-1073734.375|   94.95%|   0:00:00.0|10442.5M|      best|  default| mem_ctrl/mem_reg[696][2]/SE  |
| -32.825|  -32.825|-1073632.750|-1073632.750|   94.95%|   0:00:01.0|10442.5M|      best|  default| mem_ctrl/mem_reg[696][2]/SE  |
| -32.818|  -32.818|-1073406.500|-1073406.500|   94.95%|   0:00:00.0|10442.5M|      best|  default| mem_ctrl/mem_reg[696][2]/SE  |
| -32.801|  -32.801|-1072852.625|-1072852.625|   94.95%|   0:00:00.0|10442.5M|      best|  default| mem_ctrl/mem_reg[696][2]/SE  |
| -32.796|  -32.796|-1072695.250|-1072695.250|   94.95%|   0:00:01.0|10442.5M|      best|  default| mem_ctrl/mem_reg[696][2]/SE  |
| -32.778|  -32.778|-1072085.750|-1072085.750|   94.95%|   0:00:00.0|10442.5M|      best|  default| mem_ctrl/mem_reg[696][2]/SE  |
| -32.772|  -32.772|-1071908.750|-1071908.750|   94.95%|   0:00:00.0|10442.5M|      best|  default| mem_ctrl/mem_reg[696][2]/SE  |
| -32.761|  -32.761|-1071551.375|-1071551.375|   94.95%|   0:00:01.0|10442.5M|      best|  default| mem_ctrl/mem_reg[696][2]/SE  |
| -32.755|  -32.755|-1071335.125|-1071335.125|   94.95%|   0:00:00.0|10442.5M|      best|  default| mem_ctrl/mem_reg[696][2]/SE  |
| -32.744|  -32.744|-1070981.125|-1070981.125|   94.95%|   0:00:00.0|10442.5M|      best|  default| mem_ctrl/mem_reg[696][2]/SE  |
| -32.734|  -32.734|-1070640.250|-1070640.250|   94.95%|   0:00:00.0|10442.5M|      best|  default| mem_ctrl/mem_reg[696][2]/SE  |
| -32.730|  -32.730|-1070538.625|-1070538.625|   94.95%|   0:00:01.0|10442.5M|      best|  default| mem_ctrl/mem_reg[696][2]/SE  |
| -32.728|  -32.728|-1070463.250|-1070463.250|   94.95%|   0:00:00.0|10442.5M|      best|  default| mem_ctrl/mem_reg[696][2]/SE  |
| -32.722|  -32.722|-1070269.750|-1070269.750|   94.95%|   0:00:01.0|10442.5M|      best|  default| mem_ctrl/mem_reg[696][2]/SE  |
| -32.707|  -32.707|-1069768.375|-1069768.375|   94.95%|   0:00:00.0|10442.5M|      best|  default| mem_ctrl/mem_reg[696][2]/SE  |
| -32.692|  -32.692|-1069283.250|-1069283.250|   94.95%|   0:00:00.0|10442.5M|      best|  default| mem_ctrl/mem_reg[696][2]/SE  |
| -32.685|  -32.685|-1069040.750|-1069040.750|   94.95%|   0:00:01.0|10442.5M|      best|  default| mem_ctrl/mem_reg[696][2]/SE  |
| -32.672|  -32.672|-1068614.625|-1068614.625|   94.95%|   0:00:00.0|10442.5M|      best|  default| mem_ctrl/mem_reg[696][2]/SE  |
| -32.668|  -32.668|-1068483.500|-1068483.500|   94.95%|   0:00:00.0|10442.5M|      best|  default| mem_ctrl/mem_reg[696][2]/SE  |
| -32.665|  -32.665|-1068382.000|-1068382.000|   94.95%|   0:00:01.0|10442.5M|      best|  default| mem_ctrl/mem_reg[696][2]/SE  |
| -32.636|  -32.636|-1067447.750|-1067447.750|   94.95%|   0:00:00.0|10442.5M|      best|  default| mem_ctrl/mem_reg[696][2]/SE  |
| -32.595|  -32.595|-1066104.000|-1066104.000|   94.95%|   0:00:01.0|10442.5M|      best|  default| mem_ctrl/mem_reg[696][2]/SE  |
| -32.570|  -32.570|-1065274.750|-1065274.750|   94.95%|   0:00:00.0|10442.5M|      best|  default| mem_ctrl/mem_reg[696][2]/SE  |
| -32.533|  -32.533|-1064058.750|-1064058.750|   94.95%|   0:00:00.0|10442.5M|      best|  default| mem_ctrl/mem_reg[696][2]/SE  |
| -32.522|  -32.522|-1063721.125|-1063721.125|   94.95%|   0:00:00.0|10442.5M|      best|  default| mem_ctrl/mem_reg[696][2]/SE  |
| -32.519|  -32.519|-1063616.250|-1063616.250|   94.95%|   0:00:01.0|10442.5M|      best|  default| mem_ctrl/mem_reg[696][2]/SE  |
| -32.511|  -32.511|-1063354.125|-1063354.125|   94.95%|   0:00:00.0|10442.5M|      best|  default| mem_ctrl/mem_reg[696][2]/SE  |
| -32.506|  -32.506|-1063193.625|-1063193.625|   94.95%|   0:00:00.0|10442.5M|      best|  default| mem_ctrl/mem_reg[696][2]/SE  |
| -32.501|  -32.501|-1063032.875|-1063032.875|   94.95%|   0:00:01.0|10442.5M|      best|  default| mem_ctrl/mem_reg[696][2]/SE  |
| -32.498|  -32.498|-1062924.750|-1062924.750|   94.95%|   0:00:00.0|10442.5M|      best|  default| mem_ctrl/mem_reg[696][2]/SE  |
| -32.489|  -32.489|-1062642.875|-1062642.875|   94.95%|   0:00:00.0|10442.5M|      best|  default| mem_ctrl/mem_reg[696][2]/SE  |
| -32.476|  -32.476|-1062187.250|-1062187.250|   94.95%|   0:00:01.0|10442.5M|      best|  default| mem_ctrl/mem_reg[696][2]/SE  |
| -32.455|  -32.455|-1061521.875|-1061521.875|   94.95%|   0:00:00.0|10442.5M|      best|  default| mem_ctrl/mem_reg[696][2]/SE  |
| -32.444|  -32.444|-1061151.500|-1061151.500|   94.95%|   0:00:00.0|10442.5M|      best|  default| mem_ctrl/mem_reg[696][2]/SE  |
| -32.434|  -32.434|-1060820.500|-1060820.500|   94.95%|   0:00:01.0|10442.5M|      best|  default| mem_ctrl/mem_reg[696][2]/SE  |
| -32.430|  -32.430|-1060676.250|-1060676.250|   94.95%|   0:00:00.0|10442.5M|      best|  default| mem_ctrl/mem_reg[696][2]/SE  |
| -32.420|  -32.420|-1060364.875|-1060364.875|   94.95%|   0:00:00.0|10442.5M|      best|  default| mem_ctrl/mem_reg[696][2]/SE  |
| -32.413|  -32.413|-1060135.500|-1060135.500|   94.96%|   0:00:01.0|10442.5M|      best|  default| mem_ctrl/mem_reg[696][2]/SE  |
| -32.408|  -32.408|-1059955.125|-1059955.125|   94.96%|   0:00:00.0|10442.5M|      best|  default| mem_ctrl/mem_reg[696][2]/SE  |
| -32.394|  -32.394|-1059516.125|-1059516.125|   94.96%|   0:00:00.0|10442.5M|      best|  default| mem_ctrl/mem_reg[696][2]/SE  |
| -32.383|  -32.383|-1059148.875|-1059148.875|   94.96%|   0:00:01.0|10442.5M|      best|  default| mem_ctrl/mem_reg[696][2]/SE  |
| -32.372|  -32.372|-1058788.500|-1058788.500|   94.96%|   0:00:00.0|10442.5M|      best|  default| mem_ctrl/mem_reg[696][2]/SE  |
| -32.358|  -32.358|-1058342.625|-1058342.625|   94.96%|   0:00:00.0|10442.5M|      best|  default| mem_ctrl/mem_reg[696][2]/SE  |
| -32.347|  -32.347|-1057959.125|-1057959.125|   94.96%|   0:00:01.0|10442.5M|      best|  default| mem_ctrl/mem_reg[696][2]/SE  |
| -32.339|  -32.339|-1057703.375|-1057703.375|   94.96%|   0:00:00.0|10442.5M|      best|  default| mem_ctrl/mem_reg[696][2]/SE  |
| -32.327|  -32.327|-1057303.625|-1057303.625|   94.96%|   0:00:00.0|10442.5M|      best|  default| mem_ctrl/mem_reg[696][2]/SE  |
| -32.314|  -32.314|-1056877.500|-1056877.500|   94.96%|   0:00:01.0|10442.5M|      best|  default| mem_ctrl/mem_reg[696][2]/SE  |
| -32.293|  -32.293|-1056212.250|-1056212.250|   94.96%|   0:00:00.0|10442.5M|      best|  default| mem_ctrl/mem_reg[696][2]/SE  |
| -32.276|  -32.276|-1055658.250|-1055658.250|   94.96%|   0:00:00.0|10442.5M|      best|  default| mem_ctrl/mem_reg[696][2]/SE  |
| -32.271|  -32.271|-1055494.500|-1055494.500|   94.96%|   0:00:01.0|10442.5M|      best|  default| mem_ctrl/mem_reg[696][2]/SE  |
| -32.266|  -32.266|-1055304.250|-1055304.250|   94.96%|   0:00:00.0|10442.5M|      best|  default| mem_ctrl/mem_reg[696][2]/SE  |
| -32.263|  -32.263|-1055202.750|-1055202.750|   94.96%|   0:00:00.0|10442.5M|      best|  default| mem_ctrl/mem_reg[696][2]/SE  |
| -32.252|  -32.252|-1054852.000|-1054852.000|   94.96%|   0:00:01.0|10442.5M|      best|  default| mem_ctrl/mem_reg[696][2]/SE  |
| -32.239|  -32.239|-1054442.250|-1054442.250|   94.96%|   0:00:00.0|10442.5M|      best|  default| mem_ctrl/mem_reg[696][2]/SE  |
| -32.232|  -32.232|-1054189.875|-1054189.875|   94.96%|   0:00:00.0|10442.5M|      best|  default| mem_ctrl/mem_reg[696][2]/SE  |
| -32.228|  -32.228|-1054081.750|-1054081.750|   94.96%|   0:00:01.0|10442.5M|      best|  default| mem_ctrl/mem_reg[696][2]/SE  |
| -32.225|  -32.225|-1053973.625|-1053973.625|   94.96%|   0:00:00.0|10442.5M|      best|  default| mem_ctrl/mem_reg[696][2]/SE  |
| -32.222|  -32.222|-1053872.000|-1053872.000|   94.96%|   0:00:00.0|10442.5M|      best|  default| mem_ctrl/mem_reg[696][2]/SE  |
| -32.219|  -32.219|-1053770.375|-1053770.375|   94.96%|   0:00:01.0|10442.5M|      best|  default| mem_ctrl/mem_reg[696][2]/SE  |
| -32.211|  -32.211|-1053511.375|-1053511.375|   94.96%|   0:00:00.0|10442.5M|      best|  default| mem_ctrl/mem_reg[696][2]/SE  |
| -32.203|  -32.203|-1053239.500|-1053239.500|   94.96%|   0:00:00.0|10442.5M|      best|  default| mem_ctrl/mem_reg[696][2]/SE  |
| -32.195|  -32.195|-1052980.375|-1052980.375|   94.96%|   0:00:01.0|10442.5M|      best|  default| mem_ctrl/mem_reg[696][2]/SE  |
| -32.180|  -32.180|-1052505.250|-1052505.250|   94.96%|   0:00:00.0|10442.5M|      best|  default| mem_ctrl/mem_reg[696][2]/SE  |
| -32.167|  -32.167|-1052085.625|-1052085.625|   94.96%|   0:00:00.0|10442.5M|      best|  default| mem_ctrl/mem_reg[696][2]/SE  |
| -32.162|  -32.162|-1051921.750|-1051921.750|   94.96%|   0:00:01.0|10442.5M|      best|  default| mem_ctrl/mem_reg[696][2]/SE  |
| -32.159|  -32.159|-1051813.625|-1051813.625|   94.96%|   0:00:00.0|10442.5M|      best|  default| mem_ctrl/mem_reg[696][2]/SE  |
| -32.157|  -32.157|-1051731.625|-1051731.625|   94.96%|   0:00:00.0|10442.5M|      best|  default| mem_ctrl/mem_reg[696][2]/SE  |
| -32.153|  -32.153|-1051600.500|-1051600.500|   94.96%|   0:00:01.0|10442.5M|      best|  default| mem_ctrl/mem_reg[696][2]/SE  |
| -32.136|  -32.136|-1051056.500|-1051056.500|   94.96%|   0:00:00.0|10442.5M|      best|  default| mem_ctrl/mem_reg[696][2]/SE  |
| -32.125|  -32.125|-1050682.750|-1050682.750|   94.96%|   0:00:01.0|10442.5M|      best|  default| mem_ctrl/mem_reg[696][2]/SE  |
| -32.121|  -32.121|-1050561.500|-1050561.500|   94.96%|   0:00:00.0|10442.5M|      best|  default| mem_ctrl/mem_reg[696][2]/SE  |
| -32.117|  -32.117|-1050440.250|-1050440.250|   94.96%|   0:00:00.0|10442.5M|      best|  default| mem_ctrl/mem_reg[696][2]/SE  |
| -32.095|  -32.095|-1049712.625|-1049712.625|   94.96%|   0:00:01.0|10442.5M|      best|  default| mem_ctrl/mem_reg[696][2]/SE  |
| -32.092|  -32.092|-1049611.000|-1049611.000|   94.96%|   0:00:00.0|10442.5M|      best|  default| mem_ctrl/mem_reg[696][2]/SE  |
| -32.082|  -32.082|-1049273.500|-1049273.500|   94.96%|   0:00:00.0|10442.5M|      best|  default| mem_ctrl/mem_reg[696][2]/SE  |
| -32.065|  -32.065|-1048729.375|-1048729.375|   94.96%|   0:00:01.0|10442.5M|      best|  default| mem_ctrl/mem_reg[696][2]/SE  |
| -32.039|  -32.039|-1047887.062|-1047887.062|   94.96%|   0:00:00.0|10442.5M|      best|  default| mem_ctrl/mem_reg[696][2]/SE  |
| -32.032|  -32.032|-1047651.062|-1047651.062|   94.96%|   0:00:00.0|10442.5M|      best|  default| mem_ctrl/mem_reg[696][2]/SE  |
| -32.023|  -32.023|-1047362.562|-1047362.562|   94.96%|   0:00:01.0|10442.5M|      best|  default| mem_ctrl/mem_reg[696][2]/SE  |
| -32.017|  -32.017|-1047162.625|-1047162.625|   94.96%|   0:00:00.0|10442.5M|      best|  default| mem_ctrl/mem_reg[696][2]/SE  |
| -32.010|  -32.010|-1046920.125|-1046920.125|   94.96%|   0:00:00.0|10442.5M|      best|  default| mem_ctrl/mem_reg[696][2]/SE  |
| -31.990|  -31.990|-1046267.812|-1046267.812|   94.96%|   0:00:01.0|10442.5M|      best|  default| mem_ctrl/mem_reg[696][2]/SE  |
| -31.977|  -31.977|-1045858.188|-1045858.188|   94.96%|   0:00:00.0|10442.5M|      best|  default| mem_ctrl/mem_reg[696][2]/SE  |
| -31.974|  -31.974|-1045746.750|-1045746.750|   94.96%|   0:00:00.0|10442.5M|      best|  default| mem_ctrl/mem_reg[696][2]/SE  |
| -31.963|  -31.963|-1045402.562|-1045402.562|   94.96%|   0:00:01.0|10442.5M|      best|  default| mem_ctrl/mem_reg[696][2]/SE  |
| -31.959|  -31.959|-1045251.875|-1045251.875|   94.96%|   0:00:00.0|10442.5M|      best|  default| mem_ctrl/mem_reg[696][2]/SE  |
| -31.936|  -31.936|-1044491.438|-1044491.438|   94.96%|   0:00:00.0|10442.5M|      best|  default| mem_ctrl/mem_reg[696][2]/SE  |
| -31.923|  -31.923|-1044085.000|-1044085.000|   94.96%|   0:00:01.0|10442.5M|      best|  default| mem_ctrl/mem_reg[696][2]/SE  |
| -31.912|  -31.912|-1043721.188|-1043721.188|   94.96%|   0:00:00.0|10442.5M|      best|  default| mem_ctrl/mem_reg[696][2]/SE  |
| -31.900|  -31.900|-1043331.188|-1043331.188|   94.96%|   0:00:00.0|10442.5M|      best|  default| mem_ctrl/mem_reg[696][2]/SE  |
| -31.897|  -31.897|-1043216.438|-1043216.438|   94.96%|   0:00:01.0|10442.5M|      best|  default| mem_ctrl/mem_reg[696][2]/SE  |
| -31.875|  -31.875|-1042518.312|-1042518.312|   94.96%|   0:00:00.0|10445.5M|      best|  default| mem_ctrl/mem_reg[696][2]/SE  |
| -31.861|  -31.861|-1042059.375|-1042059.375|   94.96%|   0:00:00.0|10445.5M|      best|  default| mem_ctrl/mem_reg[696][2]/SE  |
| -31.855|  -31.855|-1041843.062|-1041843.062|   94.96%|   0:00:01.0|10445.5M|      best|  default| mem_ctrl/mem_reg[696][2]/SE  |
| -31.842|  -31.842|-1041423.562|-1041423.562|   94.96%|   0:00:00.0|10445.5M|      best|  default| mem_ctrl/mem_reg[696][2]/SE  |
| -31.832|  -31.832|-1041089.312|-1041089.312|   94.96%|   0:00:00.0|10445.5M|      best|  default| mem_ctrl/mem_reg[696][2]/SE  |
| -31.827|  -31.827|-1040945.062|-1040945.062|   94.96%|   0:00:01.0|10445.5M|      best|  default| mem_ctrl/mem_reg[696][2]/SE  |
| -31.814|  -31.814|-1040492.750|-1040492.750|   94.96%|   0:00:00.0|10445.5M|      best|  default| mem_ctrl/mem_reg[696][2]/SE  |
| -31.807|  -31.807|-1040279.625|-1040279.625|   94.96%|   0:00:00.0|10445.5M|      best|  default| mem_ctrl/mem_reg[696][2]/SE  |
| -31.788|  -31.788|-1039653.625|-1039653.625|   94.96%|   0:00:01.0|10445.5M|      best|  default| mem_ctrl/mem_reg[696][2]/SE  |
| -31.780|  -31.780|-1039381.562|-1039381.562|   94.96%|   0:00:00.0|10445.5M|      best|  default| mem_ctrl/mem_reg[696][2]/SE  |
| -31.770|  -31.770|-1039073.562|-1039073.562|   94.96%|   0:00:00.0|10445.5M|      best|  default| mem_ctrl/mem_reg[696][2]/SE  |
| -31.762|  -31.762|-1038798.250|-1038798.250|   94.96%|   0:00:01.0|10445.5M|      best|  default| mem_ctrl/mem_reg[696][2]/SE  |
| -31.753|  -31.753|-1038513.000|-1038513.000|   94.96%|   0:00:00.0|10445.5M|      best|  default| mem_ctrl/mem_reg[696][2]/SE  |
| -31.743|  -31.743|-1038182.062|-1038182.062|   94.96%|   0:00:00.0|10445.5M|      best|  default| mem_ctrl/mem_reg[696][2]/SE  |
| -31.737|  -31.737|-1037995.125|-1037995.125|   94.96%|   0:00:01.0|10445.5M|      best|  default| mem_ctrl/mem_reg[696][2]/SE  |
| -31.731|  -31.731|-1037769.062|-1037769.062|   94.96%|   0:00:00.0|10445.5M|      best|  default| mem_ctrl/mem_reg[696][2]/SE  |
| -31.725|  -31.725|-1037582.250|-1037582.250|   94.96%|   0:00:00.0|10445.5M|      best|  default| mem_ctrl/mem_reg[696][2]/SE  |
| -31.722|  -31.722|-1037470.812|-1037470.812|   94.96%|   0:00:01.0|10445.5M|      best|  default| mem_ctrl/mem_reg[696][2]/SE  |
| -31.712|  -31.712|-1037175.750|-1037175.750|   94.96%|   0:00:00.0|10445.5M|      best|  default| mem_ctrl/mem_reg[696][2]/SE  |
| -31.709|  -31.709|-1037077.375|-1037077.375|   94.96%|   0:00:00.0|10445.5M|      best|  default| mem_ctrl/mem_reg[696][2]/SE  |
| -31.701|  -31.701|-1036795.562|-1036795.562|   94.96%|   0:00:01.0|10445.5M|      best|  default| mem_ctrl/mem_reg[696][2]/SE  |
| -31.695|  -31.695|-1036589.062|-1036589.062|   94.96%|   0:00:00.0|10445.5M|      best|  default| mem_ctrl/mem_reg[696][2]/SE  |
| -31.688|  -31.688|-1036362.812|-1036362.812|   94.96%|   0:00:00.0|10445.5M|      best|  default| mem_ctrl/mem_reg[696][2]/SE  |
| -31.668|  -31.668|-1035720.688|-1035720.688|   94.96%|   0:00:01.0|10445.5M|      best|  default| mem_ctrl/mem_reg[696][2]/SE  |
| -31.661|  -31.661|-1035487.812|-1035487.812|   94.96%|   0:00:00.0|10445.5M|      best|  default| mem_ctrl/mem_reg[696][2]/SE  |
| -31.656|  -31.656|-1035337.062|-1035337.062|   94.96%|   0:00:00.0|10445.5M|      best|  default| mem_ctrl/mem_reg[696][2]/SE  |
| -31.645|  -31.645|-1034947.125|-1034947.125|   94.96%|   0:00:01.0|10445.5M|      best|  default| mem_ctrl/mem_reg[696][2]/SE  |
| -31.626|  -31.626|-1034344.062|-1034344.062|   94.96%|   0:00:00.0|10445.5M|      best|  default| mem_ctrl/mem_reg[696][2]/SE  |
| -31.607|  -31.607|-1033711.062|-1033711.062|   94.96%|   0:00:00.0|10445.5M|      best|  default| mem_ctrl/mem_reg[696][2]/SE  |
| -31.601|  -31.601|-1033518.000|-1033518.000|   94.96%|   0:00:01.0|10445.5M|      best|  default| mem_ctrl/mem_reg[696][2]/SE  |
| -31.596|  -31.596|-1033370.500|-1033370.500|   94.96%|   0:00:00.0|10445.5M|      best|  default| mem_ctrl/mem_reg[696][2]/SE  |
| -31.568|  -31.568|-1032430.062|-1032430.062|   94.96%|   0:00:01.0|10445.5M|      best|  default| mem_ctrl/mem_reg[696][2]/SE  |
| -31.546|  -31.546|-1031723.438|-1031723.438|   94.96%|   0:00:00.0|10445.5M|      best|  default| mem_ctrl/mem_reg[696][2]/SE  |
| -31.537|  -31.537|-1031420.375|-1031420.375|   94.96%|   0:00:00.0|10445.5M|      best|  default| mem_ctrl/mem_reg[696][2]/SE  |
| -31.525|  -31.525|-1031037.812|-1031037.812|   94.96%|   0:00:01.0|10445.5M|      best|  default| mem_ctrl/mem_reg[696][2]/SE  |
| -31.514|  -31.514|-1030665.938|-1030665.938|   94.96%|   0:00:00.0|10445.5M|      best|  default| mem_ctrl/mem_reg[696][2]/SE  |
| -31.511|  -31.511|-1030561.312|-1030561.312|   94.96%|   0:00:00.0|10445.5M|      best|  default| mem_ctrl/mem_reg[696][2]/SE  |
| -31.499|  -31.499|-1030168.375|-1030168.375|   94.96%|   0:00:01.0|10445.5M|      best|  default| mem_ctrl/mem_reg[696][2]/SE  |
| -31.496|  -31.496|-1030066.750|-1030066.750|   94.96%|   0:00:00.0|10445.5M|      best|  default| mem_ctrl/mem_reg[696][2]/SE  |
| -31.488|  -31.488|-1029830.750|-1029830.750|   94.96%|   0:00:00.0|10445.5M|      best|  default| mem_ctrl/mem_reg[696][2]/SE  |
| -31.485|  -31.485|-1029725.938|-1029725.938|   94.96%|   0:00:01.0|10445.5M|      best|  default| mem_ctrl/mem_reg[696][2]/SE  |
| -31.472|  -31.472|-1029286.688|-1029286.688|   94.96%|   0:00:00.0|10445.5M|      best|  default| mem_ctrl/mem_reg[696][2]/SE  |
| -31.467|  -31.467|-1029122.750|-1029122.750|   94.96%|   0:00:00.0|10445.5M|      best|  default| mem_ctrl/mem_reg[696][2]/SE  |
| -31.454|  -31.454|-1028686.875|-1028686.875|   94.96%|   0:00:01.0|10445.5M|      best|  default| mem_ctrl/mem_reg[696][2]/SE  |
| -31.447|  -31.447|-1028480.375|-1028480.375|   94.96%|   0:00:00.0|10445.5M|      best|  default| mem_ctrl/mem_reg[696][2]/SE  |
| -31.440|  -31.440|-1028234.625|-1028234.625|   94.96%|   0:00:00.0|10445.5M|      best|  default| mem_ctrl/mem_reg[696][2]/SE  |
| -31.431|  -31.431|-1027959.188|-1027959.188|   94.96%|   0:00:01.0|10445.5M|      best|  default| mem_ctrl/mem_reg[696][2]/SE  |
| -31.408|  -31.408|-1027202.062|-1027202.062|   94.96%|   0:00:00.0|10445.5M|      best|  default| mem_ctrl/mem_reg[696][2]/SE  |
| -31.391|  -31.391|-1026648.125|-1026648.125|   94.97%|   0:00:00.0|10445.5M|      best|  default| mem_ctrl/mem_reg[696][2]/SE  |
| -31.382|  -31.382|-1026353.188|-1026353.188|   94.97%|   0:00:01.0|10445.5M|      best|  default| mem_ctrl/mem_reg[696][2]/SE  |
| -31.362|  -31.362|-1025684.625|-1025684.625|   94.97%|   0:00:00.0|10445.5M|      best|  default| mem_ctrl/mem_reg[696][2]/SE  |
| -31.357|  -31.357|-1025530.500|-1025530.500|   94.97%|   0:00:00.0|10445.5M|      best|  default| mem_ctrl/mem_reg[696][2]/SE  |
| -31.352|  -31.352|-1025350.188|-1025350.188|   94.97%|   0:00:01.0|10445.5M|      best|  default| mem_ctrl/mem_reg[696][2]/SE  |
| -31.345|  -31.345|-1025117.562|-1025117.562|   94.97%|   0:00:00.0|10445.5M|      best|  default| mem_ctrl/mem_reg[696][2]/SE  |
| -31.340|  -31.340|-1024953.625|-1024953.625|   94.97%|   0:00:00.0|10445.5M|      best|  default| mem_ctrl/mem_reg[696][2]/SE  |
| -31.334|  -31.334|-1024783.250|-1024783.250|   94.97%|   0:00:01.0|10445.5M|      best|  default| mem_ctrl/mem_reg[696][2]/SE  |
| -31.322|  -31.322|-1024366.938|-1024366.938|   94.97%|   0:00:00.0|10445.5M|      best|  default| mem_ctrl/mem_reg[696][2]/SE  |
| -31.316|  -31.316|-1024193.250|-1024193.250|   94.97%|   0:00:00.0|10445.5M|      best|  default| mem_ctrl/mem_reg[696][2]/SE  |
| -31.304|  -31.304|-1023796.625|-1023796.625|   94.97%|   0:00:01.0|10445.5M|      best|  default| mem_ctrl/mem_reg[696][2]/SE  |
| -31.293|  -31.293|-1023413.188|-1023413.188|   94.97%|   0:00:00.0|10445.5M|      best|  default| mem_ctrl/mem_reg[696][2]/SE  |
| -31.286|  -31.286|-1023200.188|-1023200.188|   94.97%|   0:00:00.0|10445.5M|      best|  default| mem_ctrl/mem_reg[696][2]/SE  |
| -31.280|  -31.280|-1023000.188|-1023000.188|   94.97%|   0:00:01.0|10445.5M|      best|  default| mem_ctrl/mem_reg[696][2]/SE  |
| -31.276|  -31.276|-1022882.188|-1022882.188|   94.97%|   0:00:00.0|10445.5M|      best|  default| mem_ctrl/mem_reg[696][2]/SE  |
| -31.263|  -31.263|-1022429.875|-1022429.875|   94.97%|   0:00:00.0|10445.5M|      best|  default| mem_ctrl/mem_reg[696][2]/SE  |
| -31.259|  -31.259|-1022298.812|-1022298.812|   94.97%|   0:00:01.0|10445.5M|      best|  default| mem_ctrl/mem_reg[696][2]/SE  |
| -31.252|  -31.252|-1022079.188|-1022079.188|   94.97%|   0:00:00.0|10445.5M|      best|  default| mem_ctrl/mem_reg[696][2]/SE  |
| -31.243|  -31.243|-1021780.938|-1021780.938|   94.97%|   0:00:00.0|10445.5M|      best|  default| mem_ctrl/mem_reg[696][2]/SE  |
| -31.232|  -31.232|-1021440.125|-1021440.125|   94.97%|   0:00:01.0|10445.5M|      best|  default| mem_ctrl/mem_reg[696][2]/SE  |
| -31.226|  -31.226|-1021227.062|-1021227.062|   94.97%|   0:00:00.0|10445.5M|      best|  default| mem_ctrl/mem_reg[696][2]/SE  |
| -31.221|  -31.221|-1021069.750|-1021069.750|   94.97%|   0:00:01.0|10445.5M|      best|  default| mem_ctrl/mem_reg[696][2]/SE  |
| -31.208|  -31.208|-1020650.188|-1020650.188|   94.97%|   0:00:00.0|10445.5M|      best|  default| mem_ctrl/mem_reg[696][2]/SE  |
| -31.201|  -31.201|-1020394.250|-1020394.250|   94.97%|   0:00:00.0|10445.5M|      best|  default| mem_ctrl/mem_reg[696][2]/SE  |
| -31.196|  -31.196|-1020250.312|-1020250.312|   94.97%|   0:00:01.0|10445.5M|      best|  default| mem_ctrl/mem_reg[696][2]/SE  |
| -31.189|  -31.189|-1020027.438|-1020027.438|   94.97%|   0:00:00.0|10445.5M|      best|  default| mem_ctrl/mem_reg[696][2]/SE  |
| -31.176|  -31.176|-1019584.938|-1019584.938|   94.97%|   0:00:00.0|10445.5M|      best|  default| mem_ctrl/mem_reg[696][2]/SE  |
| -31.165|  -31.165|-1019231.000|-1019231.000|   94.97%|   0:00:01.0|10445.5M|      best|  default| mem_ctrl/mem_reg[696][2]/SE  |
| -31.159|  -31.159|-1019021.188|-1019021.188|   94.97%|   0:00:00.0|10445.5M|      best|  default| mem_ctrl/mem_reg[696][2]/SE  |
| -31.148|  -31.148|-1018683.500|-1018683.500|   94.97%|   0:00:00.0|10445.5M|      best|  default| mem_ctrl/mem_reg[696][2]/SE  |
| -31.143|  -31.143|-1018526.250|-1018526.250|   94.97%|   0:00:01.0|10445.5M|      best|  default| mem_ctrl/mem_reg[696][2]/SE  |
| -31.138|  -31.138|-1018329.625|-1018329.625|   94.97%|   0:00:00.0|10445.5M|      best|  default| mem_ctrl/mem_reg[696][2]/SE  |
| -31.133|  -31.133|-1018198.500|-1018198.500|   94.97%|   0:00:00.0|10445.5M|      best|  default| mem_ctrl/mem_reg[696][2]/SE  |
| -31.130|  -31.130|-1018077.125|-1018077.125|   94.97%|   0:00:01.0|10445.5M|      best|  default| mem_ctrl/mem_reg[696][2]/SE  |
| -31.127|  -31.127|-1017975.625|-1017975.625|   94.97%|   0:00:00.0|10445.5M|      best|  default| mem_ctrl/mem_reg[696][2]/SE  |
| -31.113|  -31.113|-1017515.312|-1017515.312|   94.97%|   0:00:00.0|10445.5M|      best|  default| mem_ctrl/mem_reg[696][2]/SE  |
| -31.105|  -31.105|-1017244.750|-1017244.750|   94.97%|   0:00:01.0|10445.5M|      best|  default| mem_ctrl/mem_reg[696][2]/SE  |
| -31.089|  -31.089|-1016739.562|-1016739.562|   94.97%|   0:00:00.0|10445.5M|      best|  default| mem_ctrl/mem_reg[696][2]/SE  |
| -31.079|  -31.079|-1016415.500|-1016415.500|   94.97%|   0:00:00.0|10445.5M|      best|  default| mem_ctrl/mem_reg[696][2]/SE  |
| -31.071|  -31.071|-1016150.688|-1016150.688|   94.97%|   0:00:01.0|10445.5M|      best|  default| mem_ctrl/mem_reg[696][2]/SE  |
| -31.061|  -31.061|-1015812.438|-1015812.438|   94.97%|   0:00:00.0|10445.5M|      best|  default| mem_ctrl/mem_reg[696][2]/SE  |
| -31.051|  -31.051|-1015473.875|-1015473.875|   94.97%|   0:00:00.0|10445.5M|      best|  default| mem_ctrl/mem_reg[696][2]/SE  |
| -31.045|  -31.045|-1015281.438|-1015281.438|   94.97%|   0:00:01.0|10445.5M|      best|  default| mem_ctrl/mem_reg[696][2]/SE  |
| -31.035|  -31.035|-1014963.562|-1014963.562|   94.97%|   0:00:00.0|10445.5M|      best|  default| mem_ctrl/mem_reg[696][2]/SE  |
| -31.024|  -31.024|-1014619.375|-1014619.375|   94.97%|   0:00:01.0|10445.5M|      best|  default| mem_ctrl/mem_reg[696][2]/SE  |
| -31.007|  -31.007|-1014052.375|-1014052.375|   94.97%|   0:00:00.0|10445.5M|      best|  default| mem_ctrl/mem_reg[696][2]/SE  |
| -31.003|  -31.003|-1013911.375|-1013911.375|   94.97%|   0:00:00.0|10445.5M|      best|  default| mem_ctrl/mem_reg[696][2]/SE  |
| -31.000|  -31.000|-1013806.562|-1013806.562|   94.97%|   0:00:01.0|10445.5M|      best|  default| mem_ctrl/mem_reg[696][2]/SE  |
| -30.995|  -30.995|-1013665.625|-1013665.625|   94.97%|   0:00:00.0|10445.5M|      best|  default| mem_ctrl/mem_reg[696][2]/SE  |
| -30.992|  -30.992|-1013550.875|-1013550.875|   94.97%|   0:00:00.0|10445.5M|      best|  default| mem_ctrl/mem_reg[696][2]/SE  |
| -30.980|  -30.980|-1013167.375|-1013167.375|   94.97%|   0:00:01.0|10445.5M|      best|  default| mem_ctrl/mem_reg[696][2]/SE  |
| -30.977|  -30.977|-1013055.938|-1013055.938|   94.97%|   0:00:00.0|10445.5M|      best|  default| mem_ctrl/mem_reg[696][2]/SE  |
| -30.973|  -30.973|-1012937.938|-1012937.938|   94.97%|   0:00:00.0|10445.5M|      best|  default| mem_ctrl/mem_reg[696][2]/SE  |
| -30.968|  -30.968|-1012764.250|-1012764.250|   94.97%|   0:00:00.0|10445.5M|      best|  default| mem_ctrl/mem_reg[696][2]/SE  |
| -30.964|  -30.964|-1012649.438|-1012649.438|   94.97%|   0:00:01.0|10445.5M|      best|  default| mem_ctrl/mem_reg[696][2]/SE  |
| -30.959|  -30.959|-1012491.938|-1012491.938|   94.97%|   0:00:00.0|10445.5M|      best|  default| mem_ctrl/mem_reg[696][2]/SE  |
| -30.956|  -30.956|-1012374.125|-1012374.125|   94.97%|   0:00:00.0|10445.5M|      best|  default| mem_ctrl/mem_reg[696][2]/SE  |
| -30.948|  -30.948|-1012108.688|-1012108.688|   94.97%|   0:00:01.0|10445.5M|      best|  default| mem_ctrl/mem_reg[696][2]/SE  |
| -30.941|  -30.941|-1011885.812|-1011885.812|   94.97%|   0:00:00.0|10445.5M|      best|  default| mem_ctrl/mem_reg[696][2]/SE  |
| -30.935|  -30.935|-1011705.562|-1011705.562|   94.97%|   0:00:00.0|10445.5M|      best|  default| mem_ctrl/mem_reg[696][2]/SE  |
| -30.931|  -30.931|-1011561.375|-1011561.375|   94.97%|   0:00:01.0|10445.5M|      best|  default| mem_ctrl/mem_reg[696][2]/SE  |
| -30.927|  -30.927|-1011423.688|-1011423.688|   94.97%|   0:00:00.0|10445.5M|      best|  default| mem_ctrl/mem_reg[696][2]/SE  |
| -30.920|  -30.920|-1011217.188|-1011217.188|   94.97%|   0:00:00.0|10445.5M|      best|  default| mem_ctrl/mem_reg[696][2]/SE  |
| -30.911|  -30.911|-1010896.000|-1010896.000|   94.97%|   0:00:01.0|10445.5M|      best|  default| mem_ctrl/mem_reg[696][2]/SE  |
| -30.907|  -30.907|-1010764.875|-1010764.875|   94.97%|   0:00:00.0|10445.5M|      best|  default| mem_ctrl/mem_reg[696][2]/SE  |
| -30.903|  -30.903|-1010653.500|-1010653.500|   94.97%|   0:00:00.0|10445.5M|      best|  default| mem_ctrl/mem_reg[696][2]/SE  |
| -30.900|  -30.900|-1010547.812|-1010547.812|   94.97%|   0:00:01.0|10445.5M|      best|  default| mem_ctrl/mem_reg[696][1]/SE  |
| -30.895|  -30.895|-1010391.250|-1010391.250|   94.97%|   0:00:00.0|10445.5M|      best|  default| mem_ctrl/mem_reg[696][2]/SE  |
| -30.887|  -30.887|-1010115.938|-1010115.938|   94.97%|   0:00:00.0|10445.5M|      best|  default| mem_ctrl/mem_reg[696][2]/SE  |
| -30.872|  -30.872|-1009614.500|-1009614.500|   94.97%|   0:00:01.0|10445.5M|      best|  default| mem_ctrl/mem_reg[696][2]/SE  |
| -30.868|  -30.868|-1009489.875|-1009489.875|   94.97%|   0:00:00.0|10445.5M|      best|  default| mem_ctrl/mem_reg[696][2]/SE  |
| -30.863|  -30.863|-1009319.438|-1009319.438|   94.97%|   0:00:01.0|10445.5M|      best|  default| mem_ctrl/mem_reg[696][2]/SE  |
| -30.854|  -30.854|-1009027.750|-1009027.750|   94.97%|   0:00:00.0|10445.5M|      best|  default| mem_ctrl/mem_reg[696][2]/SE  |
| -30.850|  -30.850|-1008913.062|-1008913.062|   94.97%|   0:00:00.0|10445.5M|      best|  default| mem_ctrl/mem_reg[696][2]/SE  |
| -30.839|  -30.839|-1008545.938|-1008545.938|   94.97%|   0:00:01.0|10445.5M|      best|  default| mem_ctrl/mem_reg[696][2]/SE  |
| -30.825|  -30.825|-1008077.188|-1008077.188|   94.97%|   0:00:00.0|10445.5M|      best|  default| mem_ctrl/mem_reg[696][2]/SE  |
| -30.821|  -30.821|-1007969.062|-1007969.062|   94.97%|   0:00:00.0|10445.5M|      best|  default| mem_ctrl/mem_reg[696][2]/SE  |
| -30.816|  -30.816|-1007782.250|-1007782.250|   94.97%|   0:00:01.0|10445.5M|      best|  default| mem_ctrl/mem_reg[696][2]/SE  |
| -30.812|  -30.812|-1007667.562|-1007667.562|   94.97%|   0:00:00.0|10445.5M|      best|  default| mem_ctrl/mem_reg[696][2]/SE  |
| -30.807|  -30.807|-1007496.750|-1007496.750|   94.97%|   0:00:01.0|10445.5M|      best|  default| mem_ctrl/mem_reg[696][2]/SE  |
| -30.800|  -30.800|-1007280.812|-1007280.812|   94.97%|   0:00:00.0|10445.5M|      best|  default| mem_ctrl/mem_reg[696][2]/SE  |
| -30.797|  -30.797|-1007179.250|-1007179.250|   94.97%|   0:00:00.0|10445.5M|      best|  default| mem_ctrl/mem_reg[696][2]/SE  |
| -30.783|  -30.783|-1006723.562|-1006723.562|   94.97%|   0:00:01.0|10445.5M|      best|  default| mem_ctrl/mem_reg[696][2]/SE  |
| -30.779|  -30.779|-1006585.812|-1006585.812|   94.97%|   0:00:00.0|10445.5M|      best|  default| mem_ctrl/mem_reg[696][2]/SE  |
| -30.776|  -30.776|-1006474.062|-1006474.062|   94.97%|   0:00:00.0|10445.5M|      best|  default| mem_ctrl/mem_reg[696][2]/SE  |
| -30.771|  -30.771|-1006333.250|-1006333.250|   94.97%|   0:00:01.0|10445.5M|      best|  default| mem_ctrl/mem_reg[696][2]/SE  |
| -30.768|  -30.768|-1006205.750|-1006205.750|   94.97%|   0:00:00.0|10445.5M|      best|  default| mem_ctrl/mem_reg[696][2]/SE  |
| -30.762|  -30.762|-1006022.188|-1006022.188|   94.98%|   0:00:01.0|10445.5M|      best|  default| mem_ctrl/mem_reg[696][2]/SE  |
| -30.760|  -30.760|-1005940.250|-1005940.250|   94.98%|   0:00:00.0|10445.5M|      best|  default| mem_ctrl/mem_reg[696][2]/SE  |
| -30.756|  -30.756|-1005832.125|-1005832.125|   94.98%|   0:00:01.0|10445.5M|      best|  default| mem_ctrl/mem_reg[696][2]/SE  |
| -30.751|  -30.751|-1005668.312|-1005668.312|   94.98%|   0:00:00.0|10445.5M|      best|  default| mem_ctrl/mem_reg[696][2]/SE  |
| -30.743|  -30.743|-1005383.188|-1005383.188|   94.98%|   0:00:00.0|10445.5M|      best|  default| mem_ctrl/mem_reg[696][2]/SE  |
| -30.729|  -30.729|-1004924.250|-1004924.250|   94.98%|   0:00:01.0|10445.5M|      best|  default| mem_ctrl/mem_reg[696][2]/SE  |
| -30.723|  -30.723|-1004757.125|-1004757.125|   94.98%|   0:00:00.0|10445.5M|      best|  default| mem_ctrl/mem_reg[696][2]/SE  |
| -30.720|  -30.720|-1004649.000|-1004649.000|   94.98%|   0:00:00.0|10445.5M|      best|  default| mem_ctrl/mem_reg[696][2]/SE  |
| -30.717|  -30.717|-1004547.375|-1004547.375|   94.98%|   0:00:01.0|10445.5M|      best|  default| mem_ctrl/mem_reg[696][2]/SE  |
| -30.709|  -30.709|-1004291.688|-1004291.688|   94.98%|   0:00:00.0|10445.5M|      best|  default| mem_ctrl/mem_reg[696][2]/SE  |
| -30.684|  -30.684|-1003469.000|-1003469.000|   94.98%|   0:00:00.0|10445.5M|      best|  default| mem_ctrl/mem_reg[696][2]/SE  |
| -30.676|  -30.676|-1003203.500|-1003203.500|   94.98%|   0:00:01.0|10445.5M|      best|  default| mem_ctrl/mem_reg[696][2]/SE  |
| -30.667|  -30.667|-1002921.688|-1002921.688|   94.98%|   0:00:00.0|10445.5M|      best|  default| mem_ctrl/mem_reg[696][2]/SE  |
| -30.664|  -30.664|-1002807.000|-1002807.000|   94.98%|   0:00:00.0|10445.5M|      best|  default| mem_ctrl/mem_reg[696][2]/SE  |
| -30.657|  -30.657|-1002593.875|-1002593.875|   94.98%|   0:00:01.0|10445.5M|      best|  default| mem_ctrl/mem_reg[696][2]/SE  |
| -30.650|  -30.650|-1002348.062|-1002348.062|   94.98%|   0:00:00.0|10445.5M|      best|  default| mem_ctrl/mem_reg[696][2]/SE  |
| -30.645|  -30.645|-1002194.000|-1002194.000|   94.98%|   0:00:01.0|10445.5M|      best|  default| mem_ctrl/mem_reg[696][2]/SE  |
| -30.630|  -30.630|-1001705.625|-1001705.625|   94.98%|   0:00:00.0|10445.5M|      best|  default| mem_ctrl/mem_reg[696][2]/SE  |
| -30.627|  -30.627|-1001587.688|-1001587.688|   94.98%|   0:00:00.0|10445.5M|      best|  default| mem_ctrl/mem_reg[696][2]/SE  |
| -30.622|  -30.622|-1001417.250|-1001417.250|   94.98%|   0:00:01.0|10445.5M|      best|  default| mem_ctrl/mem_reg[696][2]/SE  |
| -30.617|  -30.617|-1001253.312|-1001253.312|   94.98%|   0:00:00.0|10445.5M|      best|  default| mem_ctrl/mem_reg[696][2]/SE  |
| -30.613|  -30.613|-1001148.438|-1001148.438|   94.98%|   0:00:00.0|10445.5M|      best|  default| mem_ctrl/mem_reg[696][2]/SE  |
| -30.607|  -30.607|-1000938.688|-1000938.688|   94.98%|   0:00:01.0|10445.5M|      best|  default| mem_ctrl/mem_reg[696][2]/SE  |
| -30.601|  -30.601|-1000742.062|-1000742.062|   94.98%|   0:00:00.0|10445.5M|      best|  default| mem_ctrl/mem_reg[696][2]/SE  |
| -30.597|  -30.597|-1000620.812|-1000620.812|   94.98%|   0:00:01.0|10445.5M|      best|  default| mem_ctrl/mem_reg[696][2]/SE  |
| -30.588|  -30.588|-1000322.500|-1000322.500|   94.98%|   0:00:00.0|10445.5M|      best|  default| mem_ctrl/mem_reg[696][2]/SE  |
| -30.577|  -30.577| -999945.625| -999945.625|   94.98%|   0:00:00.0|10445.5M|      best|  default| mem_ctrl/mem_reg[696][2]/SE  |
| -30.571|  -30.571| -999762.000| -999762.000|   94.98%|   0:00:01.0|10445.5M|      best|  default| mem_ctrl/mem_reg[696][2]/SE  |
| -30.562|  -30.562| -999483.438| -999483.438|   94.98%|   0:00:00.0|10445.5M|      best|  default| mem_ctrl/mem_reg[696][2]/SE  |
| -30.557|  -30.557| -999309.688| -999309.688|   94.98%|   0:00:00.0|10445.5M|      best|  default| mem_ctrl/mem_reg[696][2]/SE  |
| -30.554|  -30.554| -999208.125| -999208.125|   94.98%|   0:00:01.0|10445.5M|      best|  default| mem_ctrl/mem_reg[696][2]/SE  |
| -30.544|  -30.544| -998877.062| -998877.062|   94.98%|   0:00:00.0|10445.5M|      best|  default| mem_ctrl/mem_reg[696][2]/SE  |
| -30.541|  -30.541| -998768.938| -998768.938|   94.98%|   0:00:00.0|10445.5M|      best|  default| mem_ctrl/mem_reg[696][2]/SE  |
| -30.524|  -30.524| -998237.938| -998237.938|   94.98%|   0:00:01.0|10445.5M|      best|  default| mem_ctrl/mem_reg[696][2]/SE  |
| -30.521|  -30.521| -998126.500| -998126.500|   94.98%|   0:00:00.0|10445.5M|      best|  default| mem_ctrl/mem_reg[696][2]/SE  |
| -30.516|  -30.516| -997956.000| -997956.000|   94.98%|   0:00:00.0|10445.5M|      best|  default| mem_ctrl/mem_reg[696][2]/SE  |
| -30.502|  -30.502| -997513.562| -997513.562|   94.98%|   0:00:01.0|10445.5M|      best|  default| mem_ctrl/mem_reg[696][2]/SE  |
| -30.498|  -30.498| -997359.500| -997359.500|   94.98%|   0:00:00.0|10445.5M|      best|  default| mem_ctrl/mem_reg[696][2]/SE  |
| -30.492|  -30.492| -997175.812| -997175.812|   94.98%|   0:00:00.0|10445.5M|      best|  default| mem_ctrl/mem_reg[696][2]/SE  |
| -30.488|  -30.488| -997044.812| -997044.812|   94.98%|   0:00:01.0|10445.5M|      best|  default| mem_ctrl/mem_reg[696][2]/SE  |
| -30.483|  -30.483| -996887.625| -996887.625|   94.98%|   0:00:00.0|10445.5M|      best|  default| mem_ctrl/mem_reg[696][2]/SE  |
| -30.480|  -30.480| -996779.438| -996779.438|   94.98%|   0:00:00.0|10445.5M|      best|  default| mem_ctrl/mem_reg[696][2]/SE  |
| -30.477|  -30.477| -996671.250| -996671.250|   94.98%|   0:00:01.0|10445.5M|      best|  default| mem_ctrl/mem_reg[696][2]/SE  |
| -30.472|  -30.472| -996504.000| -996504.000|   94.98%|   0:00:00.0|10445.5M|      best|  default| mem_ctrl/mem_reg[696][2]/SE  |
| -30.463|  -30.463| -996238.625| -996238.625|   94.98%|   0:00:00.0|10445.5M|      best|  default| mem_ctrl/mem_reg[696][2]/SE  |
| -30.457|  -30.457| -996032.125| -996032.125|   94.98%|   0:00:01.0|10445.5M|      best|  default| mem_ctrl/mem_reg[696][2]/SE  |
| -30.453|  -30.453| -995881.375| -995881.375|   94.98%|   0:00:00.0|10445.5M|      best|  default| mem_ctrl/mem_reg[696][2]/SE  |
| -30.445|  -30.445| -995642.062| -995642.062|   94.98%|   0:00:00.0|10445.5M|      best|  default| mem_ctrl/mem_reg[696][2]/SE  |
| -30.441|  -30.441| -995504.438| -995504.438|   94.98%|   0:00:01.0|10445.5M|      best|  default| mem_ctrl/mem_reg[696][2]/SE  |
| -30.434|  -30.434| -995278.250| -995278.250|   94.98%|   0:00:00.0|10445.5M|      best|  default| mem_ctrl/mem_reg[696][2]/SE  |
| -30.429|  -30.429| -995107.812| -995107.812|   94.98%|   0:00:00.0|10445.5M|      best|  default| mem_ctrl/mem_reg[696][2]/SE  |
| -30.425|  -30.425| -994983.250| -994983.250|   94.98%|   0:00:01.0|10445.5M|      best|  default| mem_ctrl/mem_reg[696][2]/SE  |
| -30.421|  -30.421| -994845.625| -994845.625|   94.98%|   0:00:00.0|10445.5M|      best|  default| mem_ctrl/mem_reg[696][2]/SE  |
| -30.418|  -30.418| -994744.062| -994744.062|   94.98%|   0:00:00.0|10445.5M|      best|  default| mem_ctrl/mem_reg[696][2]/SE  |
| -30.413|  -30.413| -994590.000| -994590.000|   94.99%|   0:00:01.0|10445.5M|      best|  default| mem_ctrl/mem_reg[696][2]/SE  |
| -30.409|  -30.409| -994455.625| -994455.625|   94.99%|   0:00:00.0|10445.5M|      best|  default| mem_ctrl/mem_reg[696][2]/SE  |
| -30.406|  -30.406| -994354.000| -994354.000|   94.99%|   0:00:00.0|10445.5M|      best|  default| mem_ctrl/mem_reg[696][2]/SE  |
| -30.403|  -30.403| -994242.500| -994242.500|   94.99%|   0:00:01.0|10445.5M|      best|  default| mem_ctrl/mem_reg[696][2]/SE  |
| -30.398|  -30.398| -994095.062| -994095.062|   94.99%|   0:00:00.0|10445.5M|      best|  default| mem_ctrl/mem_reg[696][2]/SE  |
| -30.394|  -30.394| -993973.812| -993973.812|   94.99%|   0:00:00.0|10445.5M|      best|  default| mem_ctrl/mem_reg[696][2]/SE  |
| -30.390|  -30.390| -993845.938| -993845.938|   94.99%|   0:00:01.0|10445.5M|      best|  default| mem_ctrl/mem_reg[696][2]/SE  |
| -30.386|  -30.386| -993708.312| -993708.312|   94.99%|   0:00:00.0|10445.5M|      best|  default| mem_ctrl/mem_reg[696][2]/SE  |
| -30.382|  -30.382| -993570.625| -993570.625|   94.99%|   0:00:00.0|10445.5M|      best|  default| mem_ctrl/mem_reg[696][2]/SE  |
| -30.377|  -30.377| -993413.375| -993413.375|   94.99%|   0:00:01.0|10445.5M|      best|  default| mem_ctrl/mem_reg[696][2]/SE  |
| -30.371|  -30.371| -993210.125| -993210.125|   94.99%|   0:00:00.0|10445.5M|      best|  default| mem_ctrl/mem_reg[696][2]/SE  |
| -30.366|  -30.366| -993029.812| -993029.812|   94.99%|   0:00:01.0|10445.5M|      best|  default| mem_ctrl/mem_reg[696][2]/SE  |
| -30.360|  -30.360| -992856.062| -992856.062|   94.99%|   0:00:00.0|10445.5M|      best|  default| mem_ctrl/mem_reg[696][2]/SE  |
| -30.356|  -30.356| -992718.500| -992718.500|   94.99%|   0:00:00.0|10445.5M|      best|  default| mem_ctrl/mem_reg[696][2]/SE  |
| -30.353|  -30.353| -992616.875| -992616.875|   94.99%|   0:00:01.0|10445.5M|      best|  default| mem_ctrl/mem_reg[696][2]/SE  |
| -30.346|  -30.346| -992397.312| -992397.312|   94.99%|   0:00:00.0|10445.5M|      best|  default| mem_ctrl/mem_reg[696][2]/SE  |
| -30.343|  -30.343| -992279.312| -992279.312|   94.99%|   0:00:00.0|10445.5M|      best|  default| mem_ctrl/mem_reg[696][2]/SE  |
| -30.334|  -30.334| -991981.000| -991981.000|   94.99%|   0:00:01.0|10445.5M|      best|  default| mem_ctrl/mem_reg[696][2]/SE  |
| -30.329|  -30.329| -991833.500| -991833.500|   94.99%|   0:00:00.0|10445.5M|      best|  default| mem_ctrl/mem_reg[696][2]/SE  |
| -30.326|  -30.326| -991728.625| -991728.625|   94.99%|   0:00:00.0|10445.5M|      best|  default| mem_ctrl/mem_reg[696][2]/SE  |
| -30.318|  -30.318| -991479.562| -991479.562|   94.99%|   0:00:01.0|10445.5M|      best|  default| mem_ctrl/mem_reg[696][2]/SE  |
| -30.311|  -30.311| -991230.375| -991230.375|   94.99%|   0:00:00.0|10445.5M|      best|  default| mem_ctrl/mem_reg[696][2]/SE  |
| -30.306|  -30.306| -991073.062| -991073.062|   94.99%|   0:00:00.0|10445.5M|      best|  default| mem_ctrl/mem_reg[696][2]/SE  |
| -30.302|  -30.302| -990955.125| -990955.125|   94.99%|   0:00:01.0|10445.5M|      best|  default| mem_ctrl/mem_reg[696][2]/SE  |
| -30.295|  -30.295| -990712.562| -990712.562|   94.99%|   0:00:00.0|10445.5M|      best|  default| mem_ctrl/mem_reg[696][2]/SE  |
| -30.292|  -30.292| -990611.000| -990611.000|   94.99%|   0:00:00.0|10445.5M|      best|  default| mem_ctrl/mem_reg[696][2]/SE  |
| -30.288|  -30.288| -990486.375| -990486.375|   94.99%|   0:00:01.0|10445.5M|      best|  default| mem_ctrl/mem_reg[696][2]/SE  |
| -30.281|  -30.281| -990257.000| -990257.000|   94.99%|   0:00:00.0|10445.5M|      best|  default| mem_ctrl/mem_reg[696][2]/SE  |
| -30.266|  -30.266| -989762.062| -989762.062|   94.99%|   0:00:00.0|10445.5M|      best|  default| mem_ctrl/mem_reg[696][2]/SE  |
| -30.263|  -30.263| -989650.625| -989650.625|   94.99%|   0:00:01.0|10445.5M|      best|  default| mem_ctrl/mem_reg[696][2]/SE  |
| -30.256|  -30.256| -989447.438| -989447.438|   94.99%|   0:00:00.0|10445.5M|      best|  default| mem_ctrl/mem_reg[696][2]/SE  |
| -30.253|  -30.253| -989326.188| -989326.188|   94.99%|   0:00:00.0|10445.5M|      best|  default| mem_ctrl/mem_reg[696][2]/SE  |
| -30.249|  -30.249| -989195.062| -989195.062|   94.99%|   0:00:01.0|10445.5M|      best|  default| mem_ctrl/mem_reg[696][2]/SE  |
| -30.237|  -30.237| -988821.375| -988821.375|   94.99%|   0:00:00.0|10445.5M|      best|  default| mem_ctrl/mem_reg[696][2]/SE  |
| -30.233|  -30.233| -988670.625| -988670.625|   94.99%|   0:00:01.0|10445.5M|      best|  default| mem_ctrl/mem_reg[696][2]/SE  |
| -30.228|  -30.228| -988529.688| -988529.688|   94.99%|   0:00:00.0|10447.0M|      best|  default| mem_ctrl/mem_reg[696][2]/SE  |
| -30.225|  -30.225| -988421.500| -988421.500|   94.99%|   0:00:01.0|10447.0M|      best|  default| mem_ctrl/mem_reg[696][2]/SE  |
| -30.205|  -30.205| -987769.312| -987769.312|   94.99%|   0:00:00.0|10447.0M|      best|  default| mem_ctrl/mem_reg[696][2]/SE  |
| -30.199|  -30.199| -987572.625| -987572.625|   94.99%|   0:00:00.0|10447.0M|      best|  default| mem_ctrl/mem_reg[696][2]/SE  |
| -30.189|  -30.189| -987248.188| -987248.188|   94.99%|   0:00:01.0|10447.0M|      best|  default| mem_ctrl/mem_reg[696][2]/SE  |
| -30.185|  -30.185| -987113.812| -987113.812|   94.99%|   0:00:00.0|10447.0M|      best|  default| mem_ctrl/mem_reg[696][2]/SE  |
| -30.177|  -30.177| -986854.812| -986854.812|   94.99%|   0:00:00.0|10447.0M|      best|  default| mem_ctrl/mem_reg[696][2]/SE  |
| -30.171|  -30.171| -986658.188| -986658.188|   94.99%|   0:00:01.0|10447.0M|      best|  default| mem_ctrl/mem_reg[696][2]/SE  |
| -30.167|  -30.167| -986536.875| -986536.875|   94.99%|   0:00:00.0|10447.0M|      best|  default| mem_ctrl/mem_reg[696][2]/SE  |
| -30.161|  -30.161| -986310.750| -986310.750|   94.99%|   0:00:01.0|10447.0M|      best|  default| mem_ctrl/mem_reg[696][2]/SE  |
| -30.156|  -30.156| -986143.562| -986143.562|   94.99%|   0:00:00.0|10447.0M|      best|  default| mem_ctrl/mem_reg[696][2]/SE  |
| -30.150|  -30.150| -985979.688| -985979.688|   94.99%|   0:00:00.0|10447.0M|      best|  default| mem_ctrl/mem_reg[696][2]/SE  |
| -30.146|  -30.146| -985819.062| -985819.062|   94.99%|   0:00:01.0|10447.0M|      best|  default| mem_ctrl/mem_reg[696][2]/SE  |
| -30.142|  -30.142| -985688.000| -985688.000|   95.00%|   0:00:00.0|10447.0M|      best|  default| mem_ctrl/mem_reg[696][2]/SE  |
| -30.136|  -30.136| -985514.250| -985514.250|   95.00%|   0:00:00.0|10447.0M|      best|  default| mem_ctrl/mem_reg[696][2]/SE  |
| -30.131|  -30.131| -985337.250| -985337.250|   95.00%|   0:00:01.0|10447.0M|      best|  default| mem_ctrl/mem_reg[696][2]/SE  |
| -30.122|  -30.122| -985055.375| -985055.375|   95.00%|   0:00:00.0|10447.0M|      best|  default| mem_ctrl/mem_reg[696][2]/SE  |
| -30.119|  -30.119| -984940.688| -984940.688|   95.00%|   0:00:00.0|10447.0M|      best|  default| mem_ctrl/mem_reg[696][2]/SE  |
| -30.112|  -30.112| -984721.062| -984721.062|   95.00%|   0:00:01.0|10447.0M|      best|  default| mem_ctrl/mem_reg[696][2]/SE  |
| -30.109|  -30.109| -984609.625| -984609.625|   95.00%|   0:00:00.0|10447.0M|      best|  default| mem_ctrl/mem_reg[696][2]/SE  |
| -30.105|  -30.105| -984494.938| -984494.938|   95.00%|   0:00:00.0|10447.0M|      best|  default| mem_ctrl/mem_reg[696][2]/SE  |
| -30.098|  -30.098| -984272.062| -984272.062|   95.00%|   0:00:01.0|10447.0M|      best|  default| mem_ctrl/mem_reg[696][2]/SE  |
| -30.094|  -30.094| -984137.688| -984137.688|   95.00%|   0:00:00.0|10447.0M|      best|  default| mem_ctrl/mem_reg[696][2]/SE  |
| -30.087|  -30.087| -983911.500| -983911.500|   95.00%|   0:00:00.0|10447.0M|      best|  default| mem_ctrl/mem_reg[696][2]/SE  |
| -30.083|  -30.083| -983770.562| -983770.562|   95.00%|   0:00:01.0|10447.0M|      best|  default| mem_ctrl/mem_reg[696][2]/SE  |
| -30.080|  -30.080| -983675.562| -983675.562|   95.00%|   0:00:00.0|10447.0M|      best|  default| mem_ctrl/mem_reg[696][2]/SE  |
| -30.076|  -30.076| -983547.688| -983547.688|   95.00%|   0:00:00.0|10447.0M|      best|  default| mem_ctrl/mem_reg[696][2]/SE  |
| -30.072|  -30.072| -983400.188| -983400.188|   95.00%|   0:00:01.0|10447.0M|      best|  default| mem_ctrl/mem_reg[696][2]/SE  |
| -30.067|  -30.067| -983242.875| -983242.875|   95.00%|   0:00:00.0|10447.0M|      best|  default| mem_ctrl/mem_reg[696][2]/SE  |
| -30.061|  -30.061| -983059.375| -983059.375|   95.00%|   0:00:00.0|10447.0M|      best|  default| mem_ctrl/mem_reg[696][2]/SE  |
| -30.055|  -30.055| -982852.875| -982852.875|   95.00%|   0:00:01.0|10447.0M|      best|  default| mem_ctrl/mem_reg[696][2]/SE  |
| -30.049|  -30.049| -982662.750| -982662.750|   95.00%|   0:00:00.0|10447.0M|      best|  default| mem_ctrl/mem_reg[696][2]/SE  |
| -30.046|  -30.046| -982554.625| -982554.625|   95.00%|   0:00:00.0|10447.0M|      best|  default| mem_ctrl/mem_reg[696][2]/SE  |
| -30.043|  -30.043| -982446.438| -982446.438|   95.00%|   0:00:01.0|10447.0M|      best|  default| mem_ctrl/mem_reg[696][2]/SE  |
| -30.036|  -30.036| -982239.938| -982239.938|   95.00%|   0:00:00.0|10447.0M|      best|  default| mem_ctrl/mem_reg[696][2]/SE  |
| -30.033|  -30.033| -982135.062| -982135.062|   95.00%|   0:00:00.0|10447.0M|      best|  default| mem_ctrl/mem_reg[696][2]/SE  |
| -30.030|  -30.030| -982017.062| -982017.062|   95.00%|   0:00:01.0|10447.0M|      best|  default| mem_ctrl/mem_reg[696][2]/SE  |
| -30.027|  -30.027| -981945.000| -981945.000|   95.00%|   0:00:00.0|10447.0M|      best|  default| mem_ctrl/mem_reg[696][2]/SE  |
| -30.021|  -30.021| -981745.000| -981745.000|   95.00%|   0:00:00.0|10447.0M|      best|  default| mem_ctrl/mem_reg[696][2]/SE  |
| -30.017|  -30.017| -981597.562| -981597.562|   95.00%|   0:00:01.0|10447.0M|      best|  default| mem_ctrl/mem_reg[696][2]/SE  |
| -30.006|  -30.006| -981237.000| -981237.000|   95.00%|   0:00:00.0|10447.0M|      best|  default| mem_ctrl/mem_reg[696][2]/SE  |
| -30.002|  -30.002| -981122.375| -981122.375|   95.00%|   0:00:00.0|10447.0M|      best|  default| mem_ctrl/mem_reg[696][2]/SE  |
| -29.998|  -29.998| -980974.812| -980974.812|   95.00%|   0:00:01.0|10447.0M|      best|  default| mem_ctrl/mem_reg[696][2]/SE  |
| -29.994|  -29.994| -980843.750| -980843.750|   95.00%|   0:00:00.0|10447.0M|      best|  default| mem_ctrl/mem_reg[696][2]/SE  |
| -29.969|  -29.969| -980044.000| -980044.000|   95.00%|   0:00:01.0|10447.0M|      best|  default| mem_ctrl/mem_reg[696][2]/SE  |
| -29.952|  -29.952| -979467.188| -979467.188|   95.00%|   0:00:00.0|10447.0M|      best|  default| mem_ctrl/mem_reg[696][2]/SE  |
| -29.945|  -29.945| -979247.562| -979247.562|   95.00%|   0:00:00.0|10447.0M|      best|  default| mem_ctrl/mem_reg[696][2]/SE  |
| -29.939|  -29.939| -979054.188| -979054.188|   95.00%|   0:00:01.0|10447.0M|      best|  default| mem_ctrl/mem_reg[696][2]/SE  |
| -29.935|  -29.935| -978923.062| -978923.062|   95.00%|   0:00:00.0|10447.0M|      best|  default| mem_ctrl/mem_reg[696][2]/SE  |
| -29.931|  -29.931| -978775.562| -978775.562|   95.00%|   0:00:01.0|10447.0M|      best|  default| mem_ctrl/mem_reg[696][2]/SE  |
| -29.926|  -29.926| -978621.562| -978621.562|   95.00%|   0:00:00.0|10447.0M|      best|  default| mem_ctrl/mem_reg[696][2]/SE  |
| -29.921|  -29.921| -978464.188| -978464.188|   95.00%|   0:00:00.0|10447.0M|      best|  default| mem_ctrl/mem_reg[696][2]/SE  |
| -29.916|  -29.916| -978306.875| -978306.875|   95.00%|   0:00:01.0|10447.0M|      best|  default| mem_ctrl/mem_reg[696][2]/SE  |
| -29.913|  -29.913| -978192.125| -978192.125|   95.00%|   0:00:00.0|10447.0M|      best|  default| mem_ctrl/mem_reg[696][2]/SE  |
| -29.910|  -29.910| -978080.750| -978080.750|   95.00%|   0:00:01.0|10447.0M|      best|  default| mem_ctrl/mem_reg[696][2]/SE  |
| -29.898|  -29.898| -977692.812| -977692.812|   95.00%|   0:00:00.0|10447.0M|      best|  default| mem_ctrl/mem_reg[696][2]/SE  |
| -29.892|  -29.892| -977494.062| -977494.062|   95.00%|   0:00:01.0|10447.0M|      best|  default| mem_ctrl/mem_reg[696][2]/SE  |
| -29.884|  -29.884| -977238.375| -977238.375|   95.00%|   0:00:00.0|10447.0M|      best|  default| mem_ctrl/mem_reg[696][2]/SE  |
| -29.876|  -29.876| -976969.625| -976969.625|   95.00%|   0:00:01.0|10447.0M|      best|  default| mem_ctrl/mem_reg[696][2]/SE  |
| -29.867|  -29.867| -976687.750| -976687.750|   95.00%|   0:00:00.0|10447.0M|      best|  default| mem_ctrl/mem_reg[696][2]/SE  |
| -29.863|  -29.863| -976553.312| -976553.312|   95.00%|   0:00:00.0|10447.0M|      best|  default| mem_ctrl/mem_reg[696][2]/SE  |
| -29.858|  -29.858| -976399.312| -976399.312|   95.00%|   0:00:01.0|10447.0M|      best|  default| mem_ctrl/mem_reg[696][2]/SE  |
| -29.853|  -29.853| -976235.375| -976235.375|   95.00%|   0:00:00.0|10447.0M|      best|  default| mem_ctrl/mem_reg[696][2]/SE  |
| -29.849|  -29.849| -976101.062| -976101.062|   95.00%|   0:00:01.0|10447.0M|      best|  default| mem_ctrl/mem_reg[696][2]/SE  |
| -29.846|  -29.846| -975992.875| -975992.875|   95.00%|   0:00:00.0|10485.2M|      best|  default| mem_ctrl/mem_reg[696][2]/SE  |
| -29.830|  -29.830| -975489.562| -975489.562|   95.00%|   0:00:00.0|10485.2M|      best|  default| mem_ctrl/mem_reg[696][2]/SE  |
| -29.826|  -29.826| -975351.938| -975351.938|   95.00%|   0:00:01.0|10485.2M|      best|  default| mem_ctrl/mem_reg[696][2]/SE  |
| -29.821|  -29.821| -975193.188| -975193.188|   95.00%|   0:00:00.0|10485.2M|      best|  default| mem_ctrl/mem_reg[696][2]/SE  |
| -29.801|  -29.801| -974511.375| -974511.375|   95.00%|   0:00:01.0|10485.2M|      best|  default| mem_ctrl/mem_reg[696][2]/SE  |
| -29.793|  -29.793| -974268.875| -974268.875|   95.00%|   0:00:00.0|10485.2M|      best|  default| mem_ctrl/mem_reg[696][2]/SE  |
| -29.786|  -29.786| -974032.875| -974032.875|   95.00%|   0:00:01.0|10485.2M|      best|  default| mem_ctrl/mem_reg[696][2]/SE  |
| -29.774|  -29.774| -973649.375| -973649.375|   95.00%|   0:00:00.0|10485.2M|      best|  default| mem_ctrl/mem_reg[696][2]/SE  |
| -29.771|  -29.771| -973531.375| -973531.375|   95.00%|   0:00:00.0|10485.2M|      best|  default| mem_ctrl/mem_reg[696][2]/SE  |
| -29.766|  -29.766| -973370.812| -973370.812|   95.00%|   0:00:01.0|10485.2M|      best|  default| mem_ctrl/mem_reg[696][2]/SE  |
| -29.761|  -29.761| -973216.688| -973216.688|   95.00%|   0:00:00.0|10485.2M|      best|  default| mem_ctrl/mem_reg[696][2]/SE  |
| -29.754|  -29.754| -972987.250| -972987.250|   95.00%|   0:00:01.0|10485.2M|      best|  default| mem_ctrl/mem_reg[696][2]/SE  |
| -29.746|  -29.746| -972716.438| -972716.438|   95.00%|   0:00:00.0|10485.2M|      best|  default| mem_ctrl/mem_reg[696][1]/SE  |
| -29.740|  -29.740| -972525.125| -972525.125|   95.00%|   0:00:01.0|10485.2M|      best|  default| mem_ctrl/mem_reg[696][2]/SE  |
| -29.730|  -29.730| -972198.438| -972198.438|   95.00%|   0:00:00.0|10485.2M|      best|  default| mem_ctrl/mem_reg[696][2]/SE  |
| -29.726|  -29.726| -972057.562| -972057.562|   95.00%|   0:00:01.0|10485.2M|      best|  default| mem_ctrl/mem_reg[696][2]/SE  |
| -29.722|  -29.722| -971946.125| -971946.125|   95.00%|   0:00:00.0|10485.2M|      best|  default| mem_ctrl/mem_reg[696][2]/SE  |
| -29.716|  -29.716| -971733.188| -971733.188|   95.00%|   0:00:01.0|10485.2M|      best|  default| mem_ctrl/mem_reg[696][2]/SE  |
| -29.709|  -29.709| -971502.562| -971502.562|   95.00%|   0:00:01.0|10485.2M|      best|  default| mem_ctrl/mem_reg[696][2]/SE  |
| -29.704|  -29.704| -971355.062| -971355.062|   95.00%|   0:00:00.0|10485.2M|      best|  default| mem_ctrl/mem_reg[696][2]/SE  |
| -29.698|  -29.698| -971164.938| -971164.938|   95.00%|   0:00:01.0|10485.2M|      best|  default| mem_ctrl/mem_reg[696][2]/SE  |
| -29.692|  -29.692| -970945.062| -970945.062|   95.00%|   0:00:00.0|10485.2M|      best|  default| mem_ctrl/mem_reg[696][2]/SE  |
| -29.684|  -29.684| -970682.812| -970682.812|   95.00%|   0:00:00.0|10485.2M|      best|  default| mem_ctrl/mem_reg[696][2]/SE  |
| -29.679|  -29.679| -970520.062| -970520.062|   95.00%|   0:00:01.0|10485.2M|      best|  default| mem_ctrl/mem_reg[696][2]/SE  |
| -29.670|  -29.670| -970238.312| -970238.312|   95.00%|   0:00:00.0|10485.2M|      best|  default| mem_ctrl/mem_reg[696][2]/SE  |
| -29.665|  -29.665| -970061.250| -970061.250|   95.00%|   0:00:01.0|10485.2M|      best|  default| mem_ctrl/mem_reg[696][2]/SE  |
| -29.658|  -29.658| -969845.125| -969845.125|   95.00%|   0:00:00.0|10485.2M|      best|  default| mem_ctrl/mem_reg[696][2]/SE  |
| -29.656|  -29.656| -969768.938| -969768.938|   95.00%|   0:00:00.0|10485.2M|      best|  default| mem_ctrl/mem_reg[696][2]/SE  |
| -29.651|  -29.651| -969599.312| -969599.312|   95.00%|   0:00:01.0|10485.2M|      best|  default| mem_ctrl/mem_reg[696][2]/SE  |
| -29.645|  -29.645| -969423.812| -969423.812|   95.00%|   0:00:00.0|10485.2M|      best|  default| mem_ctrl/mem_reg[696][2]/SE  |
| -29.642|  -29.642| -969309.125| -969309.125|   95.00%|   0:00:01.0|10485.2M|      best|  default| mem_ctrl/mem_reg[696][2]/SE  |
| -29.636|  -29.636| -969119.750| -969119.750|   95.00%|   0:00:00.0|10485.2M|      best|  default| mem_ctrl/mem_reg[696][2]/SE  |
| -29.633|  -29.633| -969014.875| -969014.875|   95.00%|   0:00:01.0|10485.2M|      best|  default| mem_ctrl/mem_reg[696][2]/SE  |
| -29.627|  -29.627| -968821.500| -968821.500|   95.00%|   0:00:00.0|10485.2M|      best|  default| mem_ctrl/mem_reg[696][2]/SE  |
| -29.624|  -29.624| -968719.875| -968719.875|   95.00%|   0:00:01.0|10485.2M|      best|  default| mem_ctrl/mem_reg[696][2]/SE  |
| -29.620|  -29.620| -968577.688| -968577.688|   95.00%|   0:00:00.0|10504.3M|      best|  default| mem_ctrl/mem_reg[696][2]/SE  |
| -29.614|  -29.614| -968392.000| -968392.000|   95.00%|   0:00:01.0|10504.3M|      best|  default| mem_ctrl/mem_reg[696][2]/SE  |
| -29.608|  -29.608| -968180.500| -968180.500|   95.00%|   0:00:00.0|10504.3M|      best|  default| mem_ctrl/mem_reg[696][2]/SE  |
| -29.602|  -29.602| -968003.812| -968003.812|   95.00%|   0:00:01.0|10504.3M|      best|  default| mem_ctrl/mem_reg[696][2]/SE  |
| -29.593|  -29.593| -967700.438| -967700.438|   95.00%|   0:00:00.0|10504.3M|      best|  default| mem_ctrl/mem_reg[696][2]/SE  |
| -29.590|  -29.590| -967588.750| -967588.750|   95.00%|   0:00:01.0|10504.3M|      best|  default| mem_ctrl/mem_reg[696][2]/SE  |
| -29.583|  -29.583| -967395.438| -967395.438|   95.00%|   0:00:00.0|10504.3M|      best|  default| mem_ctrl/mem_reg[696][2]/SE  |
| -29.574|  -29.574| -967073.688| -967073.688|   95.00%|   0:00:01.0|10504.3M|      best|  default| mem_ctrl/mem_reg[696][2]/SE  |
| -29.565|  -29.565| -966793.000| -966793.000|   95.00%|   0:00:00.0|10504.3M|      best|  default| mem_ctrl/mem_reg[696][2]/SE  |
| -29.561|  -29.561| -966658.625| -966658.625|   95.00%|   0:00:01.0|10504.3M|      best|  default| mem_ctrl/mem_reg[696][2]/SE  |
| -29.557|  -29.557| -966517.688| -966517.688|   95.00%|   0:00:00.0|10504.3M|      best|  default| mem_ctrl/mem_reg[696][2]/SE  |
| -29.553|  -29.553| -966380.062| -966380.062|   95.00%|   0:00:00.0|10485.3M|      best|  default| mem_ctrl/mem_reg[696][2]/SE  |
| -29.547|  -29.547| -966196.500| -966196.500|   95.00%|   0:00:01.0|10485.3M|      best|  default| mem_ctrl/mem_reg[696][2]/SE  |
| -29.544|  -29.544| -966081.750| -966081.750|   95.00%|   0:00:00.0|10485.3M|      best|  default| mem_ctrl/mem_reg[696][2]/SE  |
| -29.540|  -29.540| -965973.562| -965973.562|   95.00%|   0:00:01.0|10485.3M|      best|  default| mem_ctrl/mem_reg[696][2]/SE  |
| -29.537|  -29.537| -965858.875| -965858.875|   95.00%|   0:00:00.0|10485.3M|      best|  default| mem_ctrl/mem_reg[696][2]/SE  |
| -29.534|  -29.534| -965750.688| -965750.688|   95.00%|   0:00:01.0|10485.3M|      best|  default| mem_ctrl/mem_reg[696][2]/SE  |
| -29.529|  -29.529| -965586.812| -965586.812|   95.00%|   0:00:00.0|10485.3M|      best|  default| mem_ctrl/mem_reg[696][2]/SE  |
| -29.523|  -29.523| -965400.000| -965400.000|   95.00%|   0:00:01.0|10485.3M|      best|  default| mem_ctrl/mem_reg[696][2]/SE  |
| -29.520|  -29.520| -965291.875| -965291.875|   95.00%|   0:00:00.0|10485.3M|      best|  default| mem_ctrl/mem_reg[696][2]/SE  |
| -29.513|  -29.513| -965083.812| -965083.812|   95.01%|   0:00:00.0|10485.3M|      best|  default| mem_ctrl/mem_reg[696][2]/SE  |
| -29.507|  -29.507| -964877.938| -964877.938|   95.00%|   0:00:01.0|10485.3M|      best|  default| mem_ctrl/mem_reg[696][2]/SE  |
| -29.502|  -29.502| -964700.812| -964700.812|   95.01%|   0:00:01.0|10485.3M|      best|  default| mem_ctrl/mem_reg[696][2]/SE  |
| -29.496|  -29.496| -964501.500| -964501.500|   95.01%|   0:00:00.0|10485.3M|      best|  default| mem_ctrl/mem_reg[696][2]/SE  |
| -29.492|  -29.492| -964396.688| -964396.688|   95.01%|   0:00:01.0|10485.3M|      best|  default| mem_ctrl/mem_reg[696][2]/SE  |
| -29.487|  -29.487| -964224.250| -964224.250|   95.01%|   0:00:00.0|10485.3M|      best|  default| mem_ctrl/mem_reg[696][2]/SE  |
| -29.483|  -29.483| -964087.312| -964087.312|   95.01%|   0:00:00.0|10485.3M|      best|  default| mem_ctrl/mem_reg[696][2]/SE  |
| -29.473|  -29.473| -963782.562| -963782.562|   95.01%|   0:00:01.0|10485.3M|      best|  default| mem_ctrl/mem_reg[696][2]/SE  |
| -29.469|  -29.469| -963647.500| -963647.500|   95.01%|   0:00:00.0|10485.3M|      best|  default| mem_ctrl/mem_reg[696][2]/SE  |
| -29.466|  -29.466| -963527.562| -963527.562|   95.01%|   0:00:01.0|10485.3M|      best|  default| mem_ctrl/mem_reg[696][2]/SE  |
| -29.462|  -29.462| -963421.062| -963421.062|   95.01%|   0:00:00.0|10485.3M|      best|  default| mem_ctrl/mem_reg[696][2]/SE  |
| -29.459|  -29.459| -963313.625| -963313.625|   95.01%|   0:00:01.0|10485.3M|      best|  default| mem_ctrl/mem_reg[696][2]/SE  |
| -29.454|  -29.454| -963132.625| -963132.625|   95.01%|   0:00:00.0|10485.3M|      best|  default| mem_ctrl/mem_reg[696][2]/SE  |
| -29.450|  -29.450| -963006.250| -963006.250|   95.01%|   0:00:01.0|10485.3M|      best|  default| mem_ctrl/mem_reg[696][2]/SE  |
| -29.447|  -29.447| -962902.938| -962902.938|   95.01%|   0:00:00.0|10485.3M|      best|  default| mem_ctrl/mem_reg[696][2]/SE  |
| -29.442|  -29.442| -962753.438| -962753.438|   95.01%|   0:00:00.0|10485.3M|      best|  default| mem_ctrl/mem_reg[696][2]/SE  |
| -29.438|  -29.438| -962615.312| -962615.312|   95.01%|   0:00:01.0|10485.3M|      best|  default| mem_ctrl/mem_reg[696][2]/SE  |
| -29.433|  -29.433| -962469.625| -962469.625|   95.01%|   0:00:00.0|10485.3M|      best|  default| mem_ctrl/mem_reg[696][2]/SE  |
| -29.426|  -29.426| -962225.125| -962225.125|   95.01%|   0:00:00.0|10485.3M|      best|  default| mem_ctrl/mem_reg[696][2]/SE  |
| -29.420|  -29.420| -962048.312| -962048.312|   95.01%|   0:00:01.0|10485.3M|      best|  default| mem_ctrl/mem_reg[696][2]/SE  |
| -29.415|  -29.415| -961874.625| -961874.625|   95.01%|   0:00:00.0|10485.3M|      best|  default| mem_ctrl/mem_reg[696][2]/SE  |
| -29.411|  -29.411| -961746.750| -961746.750|   95.01%|   0:00:01.0|10485.3M|      best|  default| mem_ctrl/mem_reg[696][2]/SE  |
| -29.408|  -29.408| -961645.188| -961645.188|   95.01%|   0:00:00.0|10485.3M|      best|  default| mem_ctrl/mem_reg[696][2]/SE  |
| -29.404|  -29.404| -961502.625| -961502.625|   95.01%|   0:00:01.0|10485.3M|      best|  default| mem_ctrl/mem_reg[696][2]/SE  |
| -29.400|  -29.400| -961375.312| -961375.312|   95.01%|   0:00:00.0|10485.3M|      best|  default| mem_ctrl/mem_reg[696][2]/SE  |
| -29.398|  -29.398| -961327.250| -961327.250|   95.01%|   0:00:00.0|10485.3M|      best|  default| mem_ctrl/mem_reg[696][2]/SE  |
| -29.395|  -29.395| -961225.625| -961225.625|   95.01%|   0:00:01.0|10485.3M|      best|  default| mem_ctrl/mem_reg[696][2]/SE  |
| -29.391|  -29.391| -961096.938| -961096.938|   95.01%|   0:00:00.0|10485.3M|      best|  default| mem_ctrl/mem_reg[696][2]/SE  |
| -29.388|  -29.388| -960996.188| -960996.188|   95.01%|   0:00:01.0|10485.3M|      best|  default| mem_ctrl/mem_reg[696][2]/SE  |
| -29.385|  -29.385| -960894.562| -960894.562|   95.01%|   0:00:00.0|10485.3M|      best|  default| mem_ctrl/mem_reg[696][2]/SE  |
| -29.381|  -29.381| -960770.000| -960770.000|   95.01%|   0:00:01.0|10485.3M|      best|  default| mem_ctrl/mem_reg[696][2]/SE  |
| -29.378|  -29.378| -960658.625| -960658.625|   95.01%|   0:00:00.0|10485.3M|      best|  default| mem_ctrl/mem_reg[696][2]/SE  |
| -29.375|  -29.375| -960547.188| -960547.188|   95.01%|   0:00:00.0|10485.3M|      best|  default| mem_ctrl/mem_reg[696][2]/SE  |
| -29.371|  -29.371| -960425.938| -960425.938|   95.01%|   0:00:01.0|10485.3M|      best|  default| mem_ctrl/mem_reg[696][2]/SE  |
| -29.367|  -29.367| -960307.375| -960307.375|   95.01%|   0:00:00.0|10485.3M|      best|  default| mem_ctrl/mem_reg[696][2]/SE  |
| -29.362|  -29.362| -960122.438| -960122.438|   95.01%|   0:00:01.0|10485.3M|      best|  default| mem_ctrl/mem_reg[696][2]/SE  |
| -29.356|  -29.356| -959932.500| -959932.500|   95.01%|   0:00:00.0|10485.3M|      best|  default| mem_ctrl/mem_reg[696][2]/SE  |
| -29.353|  -29.353| -959835.625| -959835.625|   95.01%|   0:00:01.0|10485.3M|      best|  default| mem_ctrl/mem_reg[696][2]/SE  |
| -29.348|  -29.348| -959669.688| -959669.688|   95.01%|   0:00:00.0|10485.3M|      best|  default| mem_ctrl/mem_reg[696][2]/SE  |
| -29.345|  -29.345| -959571.438| -959571.438|   95.01%|   0:00:01.0|10485.3M|      best|  default| mem_ctrl/mem_reg[696][2]/SE  |
| -29.340|  -29.340| -959417.625| -959417.625|   95.01%|   0:00:01.0|10485.3M|      best|  default| mem_ctrl/mem_reg[696][2]/SE  |
| -29.338|  -29.338| -959336.625| -959336.625|   95.01%|   0:00:00.0|10485.3M|      best|  default| mem_ctrl/mem_reg[696][2]/SE  |
| -29.333|  -29.333| -959196.438| -959196.438|   95.01%|   0:00:00.0|10485.3M|      best|  default| mem_ctrl/mem_reg[696][2]/SE  |
| -29.329|  -29.329| -959043.625| -959043.625|   95.01%|   0:00:01.0|10485.3M|      best|  default| mem_ctrl/mem_reg[696][2]/SE  |
| -29.325|  -29.325| -958909.062| -958909.062|   95.00%|   0:00:00.0|10485.3M|      best|  default| mem_ctrl/mem_reg[696][2]/SE  |
| -29.319|  -29.319| -958732.625| -958732.625|   95.00%|   0:00:01.0|10485.3M|      best|  default| mem_ctrl/mem_reg[696][2]/SE  |
| -29.316|  -29.316| -958624.500| -958624.500|   95.00%|   0:00:00.0|10485.3M|      best|  default| mem_ctrl/mem_reg[696][2]/SE  |
| -29.309|  -29.309| -958391.750| -958391.750|   95.00%|   0:00:01.0|10485.3M|      best|  default| mem_ctrl/mem_reg[696][2]/SE  |
| -29.305|  -29.305| -958281.250| -958281.250|   95.00%|   0:00:00.0|10485.3M|      best|  default| mem_ctrl/mem_reg[696][2]/SE  |
| -29.302|  -29.302| -958160.938| -958160.938|   95.01%|   0:00:01.0|10485.3M|      best|  default| mem_ctrl/mem_reg[696][2]/SE  |
| -29.297|  -29.297| -958016.875| -958016.875|   95.01%|   0:00:00.0|10485.3M|      best|  default| mem_ctrl/mem_reg[696][2]/SE  |
| -29.294|  -29.294| -957908.000| -957908.000|   95.01%|   0:00:01.0|10485.3M|      best|  default| mem_ctrl/mem_reg[696][2]/SE  |
| -29.290|  -29.290| -957774.375| -957774.375|   95.01%|   0:00:00.0|10485.3M|      best|  default| mem_ctrl/mem_reg[696][2]/SE  |
| -29.284|  -29.284| -957598.438| -957598.438|   95.01%|   0:00:01.0|10485.3M|      best|  default| mem_ctrl/mem_reg[696][2]/SE  |
| -29.281|  -29.281| -957479.125| -957479.125|   95.01%|   0:00:00.0|10485.3M|      best|  default| mem_ctrl/mem_reg[696][2]/SE  |
| -29.272|  -29.272| -957195.188| -957195.188|   95.01%|   0:00:01.0|10485.3M|      best|  default| mem_ctrl/mem_reg[696][2]/SE  |
| -29.269|  -29.269| -957101.062| -957101.062|   95.01%|   0:00:00.0|10485.3M|      best|  default| mem_ctrl/mem_reg[696][2]/SE  |
| -29.262|  -29.262| -956852.188| -956852.188|   95.01%|   0:00:01.0|10485.3M|      best|  default| mem_ctrl/mem_reg[696][2]/SE  |
| -29.258|  -29.258| -956731.000| -956731.000|   95.01%|   0:00:00.0|10485.3M|      best|  default| mem_ctrl/mem_reg[696][2]/SE  |
| -29.252|  -29.252| -956533.875| -956533.875|   95.01%|   0:00:01.0|10485.3M|      best|  default| mem_ctrl/mem_reg[696][2]/SE  |
| -29.248|  -29.248| -956414.062| -956414.062|   95.01%|   0:00:00.0|10466.3M|      best|  default| mem_ctrl/mem_reg[696][2]/SE  |
| -29.245|  -29.245| -956302.562| -956302.562|   95.01%|   0:00:01.0|10466.3M|      best|  default| mem_ctrl/mem_reg[696][2]/SE  |
| -29.238|  -29.238| -956052.000| -956052.000|   95.01%|   0:00:01.0|10466.3M|      best|  default| mem_ctrl/mem_reg[696][2]/SE  |
| -29.229|  -29.229| -955790.000| -955790.000|   95.01%|   0:00:00.0|10466.3M|      best|  default| mem_ctrl/mem_reg[696][2]/SE  |
| -29.226|  -29.226| -955671.812| -955671.812|   95.01%|   0:00:01.0|10466.3M|      best|  default| mem_ctrl/mem_reg[696][2]/SE  |
| -29.225|  -29.225| -955620.625| -955620.625|   95.01%|   0:00:00.0|10466.3M|      best|  default| mem_ctrl/mem_reg[696][2]/SE  |
| -29.220|  -29.220| -955483.500| -955483.500|   95.01%|   0:00:01.0|10466.3M|      best|  default| mem_ctrl/mem_reg[696][2]/SE  |
| -29.217|  -29.217| -955371.312| -955371.312|   95.01%|   0:00:00.0|10466.3M|      best|  default| mem_ctrl/mem_reg[696][2]/SE  |
| -29.215|  -29.215| -955329.125| -955329.125|   95.01%|   0:00:01.0|10466.3M|      best|  default| mem_ctrl/mem_reg[696][2]/SE  |
| -29.212|  -29.212| -955200.250| -955200.250|   95.01%|   0:00:00.0|10466.3M|      best|  default| mem_ctrl/mem_reg[696][2]/SE  |
| -29.208|  -29.208| -955073.000| -955073.000|   95.01%|   0:00:01.0|10466.3M|      best|  default| mem_ctrl/mem_reg[696][2]/SE  |
| -29.201|  -29.201| -954865.625| -954865.625|   95.01%|   0:00:00.0|10466.3M|      best|  default| mem_ctrl/mem_reg[696][2]/SE  |
| -29.196|  -29.196| -954703.000| -954703.000|   95.01%|   0:00:01.0|10466.3M|      best|  default| mem_ctrl/mem_reg[696][2]/SE  |
| -29.194|  -29.194| -954606.688| -954606.688|   95.01%|   0:00:00.0|10466.3M|      best|  default| mem_ctrl/mem_reg[696][2]/SE  |
| -29.186|  -29.186| -954357.625| -954357.625|   95.02%|   0:00:01.0|10466.3M|      best|  default| mem_ctrl/mem_reg[696][2]/SE  |
| -29.182|  -29.182| -954223.188| -954223.188|   95.02%|   0:00:00.0|10466.3M|      best|  default| mem_ctrl/mem_reg[696][2]/SE  |
| -29.177|  -29.177| -954086.062| -954086.062|   95.02%|   0:00:01.0|10466.3M|      best|  default| mem_ctrl/mem_reg[696][2]/SE  |
| -29.170|  -29.170| -953859.188| -953859.188|   95.02%|   0:00:01.0|10466.3M|      best|  default| mem_ctrl/mem_reg[696][2]/SE  |
| -29.167|  -29.167| -953726.938| -953726.938|   95.02%|   0:00:00.0|10466.3M|      best|  default| mem_ctrl/mem_reg[696][2]/SE  |
| -29.164|  -29.164| -953649.625| -953649.625|   95.02%|   0:00:00.0|10466.3M|      best|  default| mem_ctrl/mem_reg[696][2]/SE  |
| -29.161|  -29.161| -953525.938| -953525.938|   95.02%|   0:00:01.0|10466.3M|      best|  default| mem_ctrl/mem_reg[696][2]/SE  |
| -29.156|  -29.156| -953380.250| -953380.250|   95.02%|   0:00:00.0|10466.3M|      best|  default| mem_ctrl/mem_reg[696][2]/SE  |
| -29.153|  -29.153| -953270.500| -953270.500|   95.02%|   0:00:01.0|10466.3M|      best|  default| mem_ctrl/mem_reg[696][2]/SE  |
| -29.148|  -29.148| -953126.812| -953126.812|   95.02%|   0:00:00.0|10466.3M|      best|  default| mem_ctrl/mem_reg[696][2]/SE  |
| -29.144|  -29.144| -952987.688| -952987.688|   95.02%|   0:00:01.0|10466.3M|      best|  default| mem_ctrl/mem_reg[696][1]/SE  |
| -29.141|  -29.141| -952878.375| -952878.375|   95.02%|   0:00:00.0|10466.3M|      best|  default| mem_ctrl/mem_reg[696][2]/SE  |
| -29.138|  -29.138| -952798.625| -952798.625|   95.02%|   0:00:01.0|10466.3M|      best|  default| mem_ctrl/mem_reg[696][2]/SE  |
| -29.135|  -29.135| -952678.688| -952678.688|   95.02%|   0:00:00.0|10466.3M|      best|  default| mem_ctrl/mem_reg[696][2]/SE  |
| -29.131|  -29.131| -952577.062| -952577.062|   95.02%|   0:00:00.0|10466.3M|      best|  default| mem_ctrl/mem_reg[696][2]/SE  |
| -29.126|  -29.126| -952402.188| -952402.188|   95.02%|   0:00:01.0|10466.3M|      best|  default| mem_ctrl/mem_reg[696][2]/SE  |
| -29.122|  -29.122| -952253.312| -952253.312|   95.02%|   0:00:00.0|10485.4M|      best|  default| mem_ctrl/mem_reg[696][2]/SE  |
| -29.119|  -29.119| -952187.000| -952187.000|   95.02%|   0:00:01.0|10485.4M|      best|  default| mem_ctrl/mem_reg[696][2]/SE  |
| -29.118|  -29.118| -952121.938| -952121.938|   95.02%|   0:00:00.0|10485.4M|      best|  default| mem_ctrl/mem_reg[696][2]/SE  |
| -29.114|  -29.114| -951988.562| -951988.562|   95.02%|   0:00:01.0|10485.4M|      best|  default| mem_ctrl/mem_reg[696][2]/SE  |
| -29.110|  -29.110| -951887.062| -951887.062|   95.02%|   0:00:00.0|10504.5M|      best|  default| mem_ctrl/mem_reg[696][2]/SE  |
| -29.108|  -29.108| -951815.375| -951815.375|   95.02%|   0:00:01.0|10504.5M|      best|  default| mem_ctrl/mem_reg[696][2]/SE  |
| -29.102|  -29.102| -951622.938| -951622.938|   95.02%|   0:00:01.0|10504.5M|      best|  default| mem_ctrl/mem_reg[696][2]/SE  |
| -29.099|  -29.099| -951529.250| -951529.250|   95.02%|   0:00:00.0|10504.5M|      best|  default| mem_ctrl/mem_reg[696][2]/SE  |
| -29.098|  -29.098| -951483.062| -951483.062|   95.02%|   0:00:01.0|10504.5M|      best|  default| mem_ctrl/mem_reg[696][2]/SE  |
| -29.092|  -29.092| -951299.750| -951299.750|   95.02%|   0:00:00.0|10504.5M|      best|  default| mem_ctrl/mem_reg[696][2]/SE  |
| -29.089|  -29.089| -951200.062| -951200.062|   95.02%|   0:00:01.0|10504.5M|      best|  default| mem_ctrl/mem_reg[696][2]/SE  |
| -29.088|  -29.088| -951167.312| -951167.312|   95.02%|   0:00:00.0|10504.5M|      best|  default| mem_ctrl/mem_reg[696][2]/SE  |
| -29.086|  -29.086| -951104.062| -951104.062|   95.02%|   0:00:01.0|10504.5M|      best|  default| mem_ctrl/mem_reg[696][2]/SE  |
| -29.083|  -29.083| -950988.438| -950988.438|   95.02%|   0:00:00.0|10504.5M|      best|  default| mem_ctrl/mem_reg[696][2]/SE  |
| -29.079|  -29.079| -950854.000| -950854.000|   95.02%|   0:00:01.0|10504.5M|      best|  default| mem_ctrl/mem_reg[696][2]/SE  |
| -29.076|  -29.076| -950749.188| -950749.188|   95.02%|   0:00:00.0|10504.5M|      best|  default| mem_ctrl/mem_reg[696][2]/SE  |
| -29.073|  -29.073| -950676.938| -950676.938|   95.02%|   0:00:01.0|10504.5M|      best|  default| mem_ctrl/mem_reg[696][2]/SE  |
| -29.070|  -29.070| -950572.062| -950572.062|   95.02%|   0:00:00.0|10504.5M|      best|  default| mem_ctrl/mem_reg[696][2]/SE  |
| -29.068|  -29.068| -950496.000| -950496.000|   95.02%|   0:00:01.0|10504.5M|      best|  default| mem_ctrl/mem_reg[696][2]/SE  |
| -29.066|  -29.066| -950450.812| -950450.812|   95.02%|   0:00:00.0|10485.5M|      best|  default| mem_ctrl/mem_reg[696][2]/SE  |
| -29.065|  -29.065| -950391.812| -950391.812|   95.02%|   0:00:01.0|10485.5M|      best|  default| mem_ctrl/mem_reg[696][2]/SE  |
| -29.061|  -29.061| -950264.062| -950264.062|   95.02%|   0:00:00.0|10485.5M|      best|  default| mem_ctrl/mem_reg[696][2]/SE  |
| -29.057|  -29.057| -950142.375| -950142.375|   95.02%|   0:00:01.0|10523.7M|      best|  default| mem_ctrl/mem_reg[696][2]/SE  |
| -29.056|  -29.056| -950106.750| -950106.750|   95.02%|   0:00:00.0|10523.7M|      best|  default| mem_ctrl/mem_reg[696][2]/SE  |
| -29.053|  -29.053| -949995.250| -949995.250|   95.02%|   0:00:00.0|10523.7M|      best|  default| mem_ctrl/mem_reg[696][2]/SE  |
| -29.049|  -29.049| -949890.375| -949890.375|   95.02%|   0:00:01.0|10523.7M|      best|  default| mem_ctrl/mem_reg[696][2]/SE  |
| -29.046|  -29.046| -949795.438| -949795.438|   95.02%|   0:00:00.0|10523.7M|      best|  default| mem_ctrl/mem_reg[696][2]/SE  |
| -29.042|  -29.042| -949660.938| -949660.938|   95.02%|   0:00:01.0|10523.7M|      best|  default| mem_ctrl/mem_reg[696][2]/SE  |
| -29.041|  -29.041| -949611.812| -949611.812|   95.02%|   0:00:00.0|10523.7M|      best|  default| mem_ctrl/mem_reg[696][2]/SE  |
| -29.037|  -29.037| -949484.062| -949484.062|   95.02%|   0:00:01.0|10523.7M|      best|  default| mem_ctrl/mem_reg[696][2]/SE  |
| -29.033|  -29.033| -949359.438| -949359.438|   95.02%|   0:00:00.0|10523.7M|      best|  default| mem_ctrl/mem_reg[696][2]/SE  |
| -29.030|  -29.030| -949264.438| -949264.438|   95.02%|   0:00:01.0|10523.7M|      best|  default| mem_ctrl/mem_reg[696][2]/SE  |
| -29.028|  -29.028| -949172.625| -949172.625|   95.02%|   0:00:00.0|10523.7M|      best|  default| mem_ctrl/mem_reg[696][2]/SE  |
| -29.025|  -29.025| -949087.375| -949087.375|   95.02%|   0:00:01.0|10523.7M|      best|  default| mem_ctrl/mem_reg[696][2]/SE  |
| -29.018|  -29.018| -948854.812| -948854.812|   95.02%|   0:00:00.0|10523.7M|      best|  default| mem_ctrl/mem_reg[696][2]/SE  |
| -29.014|  -29.014| -948743.312| -948743.312|   95.02%|   0:00:01.0|10523.7M|      best|  default| mem_ctrl/mem_reg[696][2]/SE  |
| -29.012|  -29.012| -948661.312| -948661.312|   95.02%|   0:00:00.0|10523.7M|      best|  default| mem_ctrl/mem_reg[696][2]/SE  |
| -29.010|  -29.010| -948612.125| -948612.125|   95.02%|   0:00:01.0|10523.7M|      best|  default| mem_ctrl/mem_reg[696][2]/SE  |
| -29.010|  -29.010| -948585.938| -948585.938|   95.02%|   0:00:00.0|10523.7M|      best|  default| mem_ctrl/mem_reg[696][2]/SE  |
| -29.009|  -29.009| -948556.438| -948556.438|   95.02%|   0:00:00.0|10523.7M|      best|  default| mem_ctrl/mem_reg[696][2]/SE  |
| -29.006|  -29.006| -948451.125| -948451.125|   95.02%|   0:00:01.0|10523.7M|      best|  default| mem_ctrl/mem_reg[696][2]/SE  |
| -29.004|  -29.004| -948415.562| -948415.562|   95.02%|   0:00:00.0|10523.7M|      best|  default| mem_ctrl/mem_reg[696][2]/SE  |
| -29.001|  -29.001| -948320.000| -948320.000|   95.02%|   0:00:00.0|10523.7M|      best|  default| mem_ctrl/mem_reg[696][2]/SE  |
| -29.000|  -29.000| -948287.625| -948287.625|   95.02%|   0:00:01.0|10523.7M|      best|  default| mem_ctrl/mem_reg[696][2]/SE  |
| -29.000|  -29.000| -948277.812| -948277.812|   95.02%|   0:00:00.0|10523.7M|      best|  default| mem_ctrl/mem_reg[696][2]/SE  |
| -29.000|  -29.000| -948268.562| -948268.562|   95.02%|   0:00:06.0|10641.2M|      best|  default| mem_ctrl/mem_reg[578][1]/SE  |
| -29.000|  -29.000| -948251.438| -948251.438|   95.01%|   0:00:03.0|10757.8M|      best|  default| mem_ctrl/mem_reg[578][1]/SE  |
| -29.000|  -29.000| -948250.438| -948250.438|   95.01%|   0:00:01.0|10757.8M|      best|  default| mem_ctrl/mem_reg[687][2]/SE  |
| -29.000|  -29.000| -948249.812| -948249.812|   95.01%|   0:00:00.0|10757.8M|      best|  default| mem_ctrl/mem_reg[687][2]/SE  |
| -29.000|  -29.000| -948229.375| -948229.375|   94.99%|   0:00:02.0|10757.8M|      best|  default| mem_ctrl/mem_reg[2172][0]/SE |
| -29.000|  -29.000| -948219.188| -948219.188|   94.99%|   0:00:01.0|10757.8M|      best|  default| mem_ctrl/mem_reg[2172][0]/SE |
| -29.000|  -29.000| -948183.188| -948183.188|   94.96%|   0:00:00.0|10757.8M|      best|  default| mem_ctrl/mem_reg[2172][0]/SE |
| -29.000|  -29.000| -948182.938| -948182.938|   94.96%|   0:00:00.0|10757.8M|      best|  default| mem_ctrl/mem_reg[2172][0]/SE |
| -29.000|  -29.000| -948134.938| -948134.938|   94.94%|   0:00:01.0|10757.8M|      best|  default| mem_ctrl/mem_reg[2172][0]/SE |
| -29.000|  -29.000| -948134.750| -948134.750|   94.94%|   0:00:00.0|10757.8M|      best|  default| mem_ctrl/mem_reg[2172][0]/SE |
| -29.000|  -29.000| -948095.562| -948095.562|   94.95%|   0:00:06.0|11139.4M|      best|  default| mem_ctrl/mem_reg[3616][5]/SE |
| -29.000|  -29.000| -948093.562| -948093.562|   94.95%|   0:00:00.0|11139.4M|      best|  default| mem_ctrl/mem_reg[3][1]/SE    |
| -29.000|  -29.000| -948052.062| -948052.062|   95.00%|   0:00:03.0|11139.4M|      best|  default| mem_ctrl/mem_reg[109][6]/SE  |
| -29.000|  -29.000| -948049.875| -948049.875|   95.00%|   0:00:12.0|11204.7M|      best|  default| mem_ctrl/mem_reg[2555][1]/SE |
| -29.000|  -29.000| -948042.375| -948042.375|   95.00%|   0:00:05.0|11986.9M|      best|  default| mem_ctrl/mem_reg[2090][4]/SE |
| -29.000|  -29.000| -948041.625| -948041.625|   95.00%|   0:00:05.0|11983.9M|      best|  default| mem_ctrl/mem_reg[1646][2]/SE |
| -29.000|  -29.000| -948041.250| -948041.250|   95.00%|   0:00:01.0|11983.9M|      best|  default| mem_ctrl/mem_reg[3381][4]/SE |
| -29.000|  -29.000| -948039.562| -948039.562|   95.00%|   0:00:03.0|11983.9M|      best|  default| mem_ctrl/mem_reg[1565][1]/SE |
| -29.000|  -29.000| -948039.500| -948039.500|   95.00%|   0:00:01.0|11983.9M|      best|  default| mem_ctrl/mem_reg[369][4]/SE  |
| -29.000|  -29.000| -948039.250| -948039.250|   95.00%|   0:00:02.0|11983.9M|      best|  default| mem_ctrl/dout_reg[0]/S0      |
| -29.000|  -29.000| -948039.000| -948039.000|   95.00%|   0:00:01.0|11983.9M|      best|  default| mem_ctrl/dout_reg[0]/S0      |
| -29.000|  -29.000| -948038.750| -948038.750|   95.00%|   0:00:00.0|11983.9M|      best|  default| mem_ctrl/dout_reg[1]/S0      |
| -29.000|  -29.000| -948038.688| -948038.688|   95.00%|   0:00:01.0|11983.9M|      best|  default| mem_ctrl/dout_reg[2]/D0      |
| -29.000|  -29.000| -948038.625| -948038.625|   95.00%|   0:00:01.0|11983.9M|      best|  default| mem_ctrl/dout_reg[7]/D0      |
| -29.000|  -29.000| -948038.562| -948038.562|   95.00%|   0:00:00.0|11983.9M|      best|  default| mem_ctrl/dout_reg[4]/D0      |
| -29.000|  -29.000| -948038.500| -948038.500|   95.00%|   0:00:02.0|11983.9M|      best|  default| mem_ctrl/dout_reg[7]/D0      |
| -29.000|  -29.000| -948038.438| -948038.438|   95.00%|   0:00:00.0|11983.9M|      best|  default| mem_ctrl/dout_reg[7]/D0      |
| -29.000|  -29.000| -948038.375| -948038.375|   95.00%|   0:00:00.0|11983.9M|      best|  default| mem_ctrl/dout_reg[7]/D0      |
| -29.000|  -29.000| -948038.312| -948038.312|   95.00%|   0:00:02.0|11983.9M|      best|  default| mem_ctrl/dout_reg[7]/D0      |
| -29.000|  -29.000| -948038.250| -948038.250|   95.00%|   0:00:01.0|11983.9M|      best|  default| mem_ctrl/dout_reg[0]/D0      |
| -29.000|  -29.000| -948038.250| -948038.250|   95.00%|   0:00:02.0|11983.9M|      best|  default| mem_ctrl/dout_reg[6]/D0      |
| -29.000|  -29.000| -948038.188| -948038.188|   95.00%|   0:00:01.0|11983.9M|      best|  default| mem_ctrl/dout_reg[5]/D0      |
| -29.000|  -29.000| -948038.217| -948038.218|   95.00%|   0:00:01.0|11983.9M|      best|  default| mem_ctrl/mem_reg[696][2]/SE  |
+--------+---------+------------+------------+---------+------------+--------+----------+---------+------------------------------+

*** Finish Core Optimize Step (cpu=1:10:11 real=0:05:35 mem=11983.9M) ***

*** Finished Optimize Step Cumulative (cpu=1:10:55 real=0:05:41 mem=11983.9M) ***
OptDebug: End of Optimizer TNS Pass:
+----------+-------+-----------+
|Path Group|    WNS|        TNS|
+----------+-------+-----------+
|default   |-29.000|-948038.218|
|reg2reg   |  0.774|      0.000|
|HEPG      |  0.774|      0.000|
|All Paths |-29.000|-948038.218|
+----------+-------+-----------+

*** Starting refinePlace (11:24:09 mem=10570.9M) ***
Total net bbox length = 1.729e+07 (8.748e+06 8.539e+06) (ext = 1.180e+05)
**WARN: (IMPSP-5140):	Global net connect rules have not been created. Added  insts would have no supply connectivity, and would fail DRC.
Type 'man IMPSP-5140' for more detail.
**WARN: (IMPSP-315):	Found 139146 instances insts with no PG Term connections.
Type 'man IMPSP-315' for more detail.

Starting Small incrNP...

Move report: incrNP moves 285733 insts, mean move: 35.52 um, max move: 705.86 um 
	Max move on inst (decrypt_inst_loop[4].dr_s_sub_Bytes[24].s/g21844): (35.96, 519.97) --> (347.71, 914.08)
Finished incrNP (cpu=0:02:00, real=0:00:08.0, mem=11024.0M)
End of Small incrNP (cpu=0:02:00, real=0:00:08.0)
Move report: Detail placement moves 278105 insts, mean move: 10.29 um, max move: 1113.60 um 
	Max move on inst (mem_ctrl/mem_reg[881][7]): (24.65, 18.85) --> (1138.25, 18.85)
	Runtime: CPU: 0:00:19.1 REAL: 0:00:09.0 MEM: 11158.7MB
Summary Report:
Instances move: 285311 (out of 286030 movable)
Instances flipped: 227
Mean displacement: 40.38 um
Max displacement: 1121.72 um (Instance: mem_ctrl/mem_reg[881][7]) (19.14, 21.46) -> (1138.25, 18.85)
	Length: 27 sites, height: 1 rows, site name: gsclib090site, cell type: SDFFQX1
Total net bbox length = 9.259e+06 (4.570e+06 4.690e+06) (ext = 1.149e+05)
Runtime: CPU: 0:02:19 REAL: 0:00:19.0 MEM: 11158.7MB
*** Finished refinePlace (11:26:28 mem=11158.7M) ***
*** maximum move = 1121.72 um ***
*** Finished re-routing un-routed nets (10590.7M) ***

*** Finish Physical Update (cpu=0:08:20 real=0:00:45.0 mem=10620.5M) ***
** GigaOpt Optimizer WNS Slack -23.319 TNS Slack -757524.145 Density 95.00
OptDebug: End of Setup Fixing:
+----------+-------+-----------+
|Path Group|    WNS|        TNS|
+----------+-------+-----------+
|default   |-23.319|-757524.145|
|reg2reg   |  0.582|      0.000|
|HEPG      |  0.582|      0.000|
|All Paths |-23.319|-757524.145|
+----------+-------+-----------+

Bottom Preferred Layer:
+---------------+------------+----------+
|     Layer     |   OPT_LA   |   Rule   |
+---------------+------------+----------+
| Metal8 (z=8)  |       1263 | default  |
+---------------+------------+----------+
Via Pillar Rule:
    None

*** Finish pre-CTS Setup Fixing (cpu=1:19:23 real=0:06:29 mem=10620.5M) ***

*** TnsOpt #2 [finish] (place_opt_design #1) : cpu/real = 1:19:28.0/0:06:32.6 (12.1), totSession cpu/real = 11:32:34.3/1:06:37.7 (10.4), mem = 8847.8M
End: GigaOpt Optimization in TNS mode
Info: 1 clock net  excluded from IPO operation.
Begin: Area Reclaim Optimization
*** AreaOpt #5 [begin] (place_opt_design #1) : totSession cpu/real = 11:32:37.2/1:06:39.5 (10.4), mem = 9892.2M
Reclaim Optimization WNS Slack -23.319  TNS Slack -757524.145 Density 95.00
+---------+---------+--------+-----------+------------+--------+
| Density | Commits |  WNS   |    TNS    |    Real    |  Mem   |
+---------+---------+--------+-----------+------------+--------+
|   95.00%|        -| -23.319|-757524.145|   0:00:00.0| 9911.5M|
|   95.00%|        0| -23.319|-757524.125|   0:00:02.0|11086.7M|
+---------+---------+--------+-----------+------------+--------+
Reclaim Optimization End WNS Slack -23.319  TNS Slack -757524.145 Density 95.00
Bottom Preferred Layer:
+---------------+------------+----------+
|     Layer     |   OPT_LA   |   Rule   |
+---------------+------------+----------+
| Metal8 (z=8)  |       1263 | default  |
+---------------+------------+----------+
Via Pillar Rule:
    None

Number of times islegalLocAvaiable called = 0 skipped = 0, called in commitmove = 0, skipped in commitmove = 0
End: Core Area Reclaim Optimization (cpu = 0:00:26.0) (real = 0:00:04.0) **
*** AreaOpt #5 [finish] (place_opt_design #1) : cpu/real = 0:00:26.0/0:00:04.2 (6.2), totSession cpu/real = 11:33:03.2/1:06:43.7 (10.4), mem = 11086.7M
End: Area Reclaim Optimization (cpu=0:00:27, real=0:00:04, mem=8807.49M, totSessionCpu=11:33:04).
Info: 1 clock net  excluded from IPO operation.
Begin: Area Reclaim Optimization
*** AreaOpt #6 [begin] (place_opt_design #1) : totSession cpu/real = 11:33:06.1/1:06:45.0 (10.4), mem = 9890.7M
Reclaim Optimization WNS Slack -23.319  TNS Slack -757524.145 Density 95.00
+---------+---------+--------+-----------+------------+--------+
| Density | Commits |  WNS   |    TNS    |    Real    |  Mem   |
+---------+---------+--------+-----------+------------+--------+
|   95.00%|        -| -23.319|-757524.145|   0:00:00.0| 9917.8M|
|   95.00%|        0| -23.319|-757524.125|   0:00:00.0| 9917.8M|
|   95.00%|        2| -23.319|-757524.125|   0:00:01.0|10049.7M|
|   94.89%|     1004| -23.319|-757522.438|   0:00:01.0|10492.0M|
|   94.89%|       17| -23.319|-757522.438|   0:00:00.0|10500.4M|
|   94.89%|        0| -23.319|-757522.438|   0:00:01.0|10500.4M|
|   94.89%|        1| -23.319|-757522.438|   0:00:00.0|10500.4M|
+---------+---------+--------+-----------+------------+--------+
Reclaim Optimization End WNS Slack -23.319  TNS Slack -757522.449 Density 94.89
Bottom Preferred Layer:
+---------------+------------+----------+
|     Layer     |   OPT_LA   |   Rule   |
+---------------+------------+----------+
| Metal8 (z=8)  |       1262 | default  |
+---------------+------------+----------+
Via Pillar Rule:
    None

Number of times islegalLocAvaiable called = 3028 skipped = 0, called in commitmove = 1021, skipped in commitmove = 0
End: Core Area Reclaim Optimization (cpu = 0:00:13.3) (real = 0:00:05.0) **
*** Starting refinePlace (11:33:21 mem=10471.4M) ***
Total net bbox length = 9.259e+06 (4.569e+06 4.690e+06) (ext = 1.149e+05)
**WARN: (IMPSP-5140):	Global net connect rules have not been created. Added  insts would have no supply connectivity, and would fail DRC.
Type 'man IMPSP-5140' for more detail.
**WARN: (IMPSP-315):	Found 139144 instances insts with no PG Term connections.
Type 'man IMPSP-315' for more detail.
Move report: Detail placement moves 0 insts, mean move: 0.00 um, max move: 0.00 um 
	Runtime: CPU: 0:00:05.9 REAL: 0:00:01.0 MEM: 10486.7MB
Summary Report:
Instances move: 0 (out of 286028 movable)
Instances flipped: 0
Mean displacement: 0.00 um
Max displacement: 0.00 um 
Total net bbox length = 9.259e+06 (4.569e+06 4.690e+06) (ext = 1.149e+05)
Runtime: CPU: 0:00:06.2 REAL: 0:00:01.0 MEM: 10486.7MB
*** Finished refinePlace (11:33:27 mem=10486.7M) ***
*** maximum move = 0.00 um ***
*** Finished re-routing un-routed nets (10472.7M) ***

*** Finish Physical Update (cpu=0:00:11.4 real=0:00:05.0 mem=10472.7M) ***
*** AreaOpt #6 [finish] (place_opt_design #1) : cpu/real = 0:00:24.7/0:00:09.2 (2.7), totSession cpu/real = 11:33:30.8/1:06:54.1 (10.4), mem = 10472.7M
End: Area Reclaim Optimization (cpu=0:00:25, real=0:00:10, mem=8826.49M, totSessionCpu=11:33:31).
Begin: GigaOpt postEco DRV Optimization
*** DrvOpt #3 [begin] (place_opt_design #1) : totSession cpu/real = 11:33:32.1/1:06:55.0 (10.4), mem = 8834.8M
Info: 1 clock net  excluded from IPO operation.
+-------------------------------------------------------------------------------------------------------------------------------------------------------+
|        max-tran       |        max-cap        |  max-fanout |  max-length |       setup       |        |        |        |       |          |         |
+-------------------------------------------------------------------------------------------------------------------------------------------------------+
| nets | terms|  wViol  | nets | terms|  wViol  | nets | terms| nets | terms|   WNS   |   TNS   |  #Buf  |  #Inv  | #Resize|Density|   Real   |   Mem   |
+-------------------------------------------------------------------------------------------------------------------------------------------------------+
|     0|     0|     0.00|    33|    33|    -0.36|     0|     0|     0|     0|   -23.32|-7.58e+05|       0|       0|       0| 94.89%|          |         |
|     0|     0|     0.00|     1|     1|    -0.02|     0|     0|     0|     0|   -23.32|-7.57e+05|       6|       0|      30| 94.89%| 0:00:00.0| 11025.4M|
|     0|     0|     0.00|     0|     0|     0.00|     0|     0|     0|     0|   -23.32|-7.57e+05|       0|       0|       1| 94.89%| 0:00:00.0| 11025.4M|
|     0|     0|     0.00|     0|     0|     0.00|     0|     0|     0|     0|   -23.32|-7.57e+05|       0|       0|       0| 94.89%| 0:00:00.0| 11025.4M|
+-------------------------------------------------------------------------------------------------------------------------------------------------------+
Bottom Preferred Layer:
+---------------+------------+----------+
|     Layer     |   OPT_LA   |   Rule   |
+---------------+------------+----------+
| Metal8 (z=8)  |       1262 | default  |
+---------------+------------+----------+
Via Pillar Rule:
    None

*** Finish DRV Fixing (cpu=0:00:12.8 real=0:00:03.0 mem=11025.4M) ***

*** DrvOpt #3 [finish] (place_opt_design #1) : cpu/real = 0:00:20.8/0:00:04.4 (4.7), totSession cpu/real = 11:33:52.9/1:06:59.4 (10.4), mem = 8875.6M
End: GigaOpt postEco DRV Optimization
GigaOpt: WNS changes after postEco optimization: -2.332 -> -2.332 (bump = 0.0)
GigaOpt: Skipping nonLegal postEco optimization
Design TNS changes after trial route: -757522.449 -> -757389.796
Begin: GigaOpt TNS non-legal recovery
Info: 1 clock net  excluded from IPO operation.
*** TnsOpt #3 [begin] (place_opt_design #1) : totSession cpu/real = 11:33:57.3/1:07:03.8 (10.3), mem = 8883.9M
*info: 1 clock net excluded
*info: 1342 no-driver nets excluded.
** GigaOpt Optimizer WNS Slack -23.324 TNS Slack -757389.796 Density 94.89
OptDebug: Start of Optimizer TNS Pass:
+----------+-------+-----------+
|Path Group|    WNS|        TNS|
+----------+-------+-----------+
|default   |-23.324|-757389.796|
|reg2reg   |  0.582|      0.000|
|HEPG      |  0.582|      0.000|
|All Paths |-23.324|-757389.796|
+----------+-------+-----------+

Active Path Group: default 
+--------+---------+-----------+-----------+---------+------------+--------+----------+---------+------------------------------+
|  WNS   | All WNS |    TNS    |  All TNS  | Density |    Real    |  Mem   |Worst View|Pathgroup|          End Point           |
+--------+---------+-----------+-----------+---------+------------+--------+----------+---------+------------------------------+
| -23.324|  -23.324|-757389.796|-757389.796|   94.89%|   0:00:00.0| 9982.7M|      best|  default| mem_ctrl/mem_reg[877][7]/SE  |
| -23.117|  -23.117|-750601.875|-750601.875|   94.89%|   0:00:07.0|10504.6M|      best|  default| mem_ctrl/mem_reg[877][7]/SE  |
| -22.919|  -22.919|-744112.250|-744112.250|   94.89%|   0:00:00.0|10572.0M|      best|  default| mem_ctrl/mem_reg[877][7]/SE  |
| -22.833|  -22.833|-741309.875|-741309.875|   94.89%|   0:00:00.0|10607.3M|      best|  default| mem_ctrl/mem_reg[877][7]/SE  |
| -22.669|  -22.669|-735931.375|-735931.375|   94.89%|   0:00:01.0|10617.4M|      best|  default| mem_ctrl/mem_reg[877][7]/SE  |
| -22.567|  -22.567|-732575.125|-732575.125|   94.89%|   0:00:00.0|10627.5M|      best|  default| mem_ctrl/mem_reg[877][7]/SE  |
| -22.469|  -22.469|-729359.750|-729359.750|   94.89%|   0:00:00.0|10637.6M|      best|  default| mem_ctrl/mem_reg[877][7]/SE  |
| -22.388|  -22.388|-726714.750|-726714.750|   94.89%|   0:00:01.0|10656.7M|      best|  default| mem_ctrl/mem_reg[877][7]/SE  |
| -22.318|  -22.318|-724417.125|-724417.125|   94.90%|   0:00:00.0|10675.8M|      best|  default| mem_ctrl/mem_reg[877][7]/SE  |
| -22.281|  -22.281|-723217.562|-723217.562|   94.90%|   0:00:00.0|10675.8M|      best|  default| mem_ctrl/mem_reg[877][7]/SE  |
| -22.220|  -22.220|-721218.188|-721218.188|   94.90%|   0:00:01.0|10694.9M|      best|  default| mem_ctrl/mem_reg[877][7]/SE  |
| -22.179|  -22.179|-719877.750|-719877.750|   94.90%|   0:00:00.0|10694.9M|      best|  default| mem_ctrl/mem_reg[877][7]/SE  |
| -22.146|  -22.146|-718789.625|-718789.625|   94.90%|   0:00:00.0|10694.9M|      best|  default| mem_ctrl/mem_reg[877][7]/SE  |
| -22.141|  -22.141|-718622.438|-718622.438|   94.90%|   0:00:01.0|10694.9M|      best|  default| mem_ctrl/mem_reg[877][7]/SE  |
| -22.124|  -22.124|-718078.312|-718078.312|   94.90%|   0:00:00.0|10694.9M|      best|  default| mem_ctrl/mem_reg[877][7]/SE  |
| -22.114|  -22.114|-717737.438|-717737.438|   94.90%|   0:00:00.0|10694.9M|      best|  default| mem_ctrl/mem_reg[877][7]/SE  |
| -22.108|  -22.108|-717537.438|-717537.438|   94.90%|   0:00:01.0|10694.9M|      best|  default| mem_ctrl/mem_reg[877][7]/SE  |
| -22.107|  -22.107|-717517.875|-717517.875|   94.90%|   0:00:00.0|10694.9M|      best|  default| mem_ctrl/mem_reg[877][7]/SE  |
| -22.090|  -22.090|-716957.375|-716957.375|   94.90%|   0:00:00.0|10694.9M|      best|  default| mem_ctrl/mem_reg[877][7]/SE  |
| -22.035|  -22.035|-715157.938|-715157.938|   94.90%|   0:00:01.0|10694.9M|      best|  default| mem_ctrl/mem_reg[877][7]/SE  |
| -21.987|  -21.987|-713568.312|-713568.312|   94.90%|   0:00:00.0|10694.9M|      best|  default| mem_ctrl/mem_reg[877][7]/SE  |
| -21.968|  -21.968|-712958.688|-712958.688|   94.90%|   0:00:01.0|10694.9M|      best|  default| mem_ctrl/mem_reg[877][7]/SE  |
| -21.962|  -21.962|-712765.312|-712765.312|   94.90%|   0:00:00.0|10694.9M|      best|  default| mem_ctrl/mem_reg[877][7]/SE  |
| -21.950|  -21.950|-712352.312|-712352.312|   94.90%|   0:00:00.0|10694.9M|      best|  default| mem_ctrl/mem_reg[877][7]/SE  |
| -21.938|  -21.938|-711972.125|-711972.125|   94.90%|   0:00:01.0|10694.9M|      best|  default| mem_ctrl/mem_reg[877][7]/SE  |
| -21.927|  -21.927|-711601.750|-711601.750|   94.90%|   0:00:00.0|10694.9M|      best|  default| mem_ctrl/mem_reg[877][7]/SE  |
| -21.890|  -21.890|-710392.312|-710392.312|   94.91%|   0:00:00.0|10680.9M|      best|  default| mem_ctrl/mem_reg[877][7]/SE  |
| -21.867|  -21.867|-709635.188|-709635.188|   94.91%|   0:00:01.0|10680.9M|      best|  default| mem_ctrl/mem_reg[877][7]/SE  |
| -21.854|  -21.854|-709202.562|-709202.562|   94.91%|   0:00:00.0|10680.9M|      best|  default| mem_ctrl/mem_reg[877][7]/SE  |
| -21.846|  -21.846|-708950.188|-708950.188|   94.91%|   0:00:00.0|10680.9M|      best|  default| mem_ctrl/mem_reg[877][7]/SE  |
| -21.841|  -21.841|-708805.938|-708805.938|   94.91%|   0:00:01.0|10680.9M|      best|  default| mem_ctrl/mem_reg[877][7]/SE  |
| -21.837|  -21.837|-708661.750|-708661.750|   94.91%|   0:00:00.0|10680.9M|      best|  default| mem_ctrl/mem_reg[877][7]/SE  |
| -21.817|  -21.817|-708012.812|-708012.812|   94.91%|   0:00:00.0|10680.9M|      best|  default| mem_ctrl/mem_reg[877][7]/SE  |
| -21.809|  -21.809|-707734.188|-707734.188|   94.91%|   0:00:01.0|10680.9M|      best|  default| mem_ctrl/mem_reg[877][7]/SE  |
| -21.759|  -21.759|-706101.938|-706101.938|   94.91%|   0:00:00.0|10680.9M|      best|  default| mem_ctrl/mem_reg[877][7]/SE  |
| -21.756|  -21.756|-705997.062|-705997.062|   94.91%|   0:00:01.0|10680.9M|      best|  default| mem_ctrl/mem_reg[877][7]/SE  |
| -21.715|  -21.715|-704676.188|-704676.188|   94.91%|   0:00:00.0|10680.9M|      best|  default| mem_ctrl/mem_reg[877][7]/SE  |
| -21.675|  -21.675|-703361.875|-703361.875|   94.91%|   0:00:00.0|10680.9M|      best|  default| mem_ctrl/mem_reg[877][7]/SE  |
| -21.662|  -21.662|-702939.062|-702939.062|   94.92%|   0:00:01.0|10680.9M|      best|  default| mem_ctrl/mem_reg[877][7]/SE  |
| -21.658|  -21.658|-702785.000|-702785.000|   94.92%|   0:00:00.0|10680.9M|      best|  default| mem_ctrl/mem_reg[877][7]/SE  |
| -21.653|  -21.653|-702647.312|-702647.312|   94.92%|   0:00:00.0|10680.9M|      best|  default| mem_ctrl/mem_reg[877][7]/SE  |
| -21.643|  -21.643|-702303.188|-702303.188|   94.92%|   0:00:01.0|10680.9M|      best|  default| mem_ctrl/mem_reg[877][7]/SE  |
| -21.624|  -21.624|-701667.375|-701667.375|   94.92%|   0:00:00.0|10680.9M|      best|  default| mem_ctrl/mem_reg[877][7]/SE  |
| -21.620|  -21.620|-701546.062|-701546.062|   94.92%|   0:00:00.0|10680.9M|      best|  default| mem_ctrl/mem_reg[877][7]/SE  |
| -21.579|  -21.579|-700198.938|-700198.938|   94.92%|   0:00:01.0|10680.9M|      best|  default| mem_ctrl/mem_reg[877][7]/SE  |
| -21.575|  -21.575|-700074.438|-700074.438|   94.92%|   0:00:00.0|10680.9M|      best|  default| mem_ctrl/mem_reg[877][7]/SE  |
| -21.562|  -21.562|-699658.125|-699658.125|   94.92%|   0:00:00.0|10680.9M|      best|  default| mem_ctrl/mem_reg[877][7]/SE  |
| -21.559|  -21.559|-699546.750|-699546.750|   94.93%|   0:00:01.0|10680.9M|      best|  default| mem_ctrl/mem_reg[877][7]/SE  |
| -21.554|  -21.554|-699373.000|-699373.000|   94.93%|   0:00:00.0|10680.9M|      best|  default| mem_ctrl/mem_reg[877][7]/SE  |
| -21.549|  -21.549|-699225.500|-699225.500|   94.93%|   0:00:00.0|10680.9M|      best|  default| mem_ctrl/mem_reg[877][7]/SE  |
| -21.537|  -21.537|-698835.500|-698835.500|   94.93%|   0:00:01.0|10680.9M|      best|  default| mem_ctrl/mem_reg[877][7]/SE  |
| -21.513|  -21.513|-698035.812|-698035.812|   94.93%|   0:00:00.0|10680.9M|      best|  default| mem_ctrl/mem_reg[877][7]/SE  |
| -21.465|  -21.465|-696462.500|-696462.500|   94.93%|   0:00:01.0|10680.9M|      best|  default| mem_ctrl/mem_reg[877][7]/SE  |
| -21.462|  -21.462|-696354.375|-696354.375|   94.93%|   0:00:00.0|10680.9M|      best|  default| mem_ctrl/mem_reg[877][7]/SE  |
| -21.453|  -21.453|-696079.000|-696079.000|   94.93%|   0:00:00.0|10680.9M|      best|  default| mem_ctrl/mem_reg[877][7]/SE  |
| -21.447|  -21.447|-695885.625|-695885.625|   94.93%|   0:00:01.0|10680.9M|      best|  default| mem_ctrl/mem_reg[877][7]/SE  |
| -21.418|  -21.418|-694918.750|-694918.750|   94.93%|   0:00:00.0|10680.9M|      best|  default| mem_ctrl/mem_reg[877][7]/SE  |
| -21.358|  -21.358|-692945.625|-692945.625|   94.93%|   0:00:00.0|10680.9M|      best|  default| mem_ctrl/mem_reg[877][7]/SE  |
| -21.331|  -21.331|-692093.438|-692093.438|   94.93%|   0:00:01.0|10680.9M|      best|  default| mem_ctrl/mem_reg[877][7]/SE  |
| -21.326|  -21.326|-691923.062|-691923.062|   94.94%|   0:00:00.0|10680.9M|      best|  default| mem_ctrl/mem_reg[877][7]/SE  |
| -21.317|  -21.317|-691624.750|-691624.750|   94.94%|   0:00:00.0|10680.9M|      best|  default| mem_ctrl/mem_reg[877][7]/SE  |
| -21.313|  -21.313|-691500.250|-691500.250|   94.94%|   0:00:01.0|10680.9M|      best|  default| mem_ctrl/mem_reg[877][7]/SE  |
| -21.308|  -21.308|-691333.062|-691333.062|   94.94%|   0:00:00.0|10680.9M|      best|  default| mem_ctrl/mem_reg[877][7]/SE  |
| -21.301|  -21.301|-691090.500|-691090.500|   94.94%|   0:00:00.0|10680.9M|      best|  default| mem_ctrl/mem_reg[877][7]/SE  |
| -21.288|  -21.288|-690677.562|-690677.562|   94.94%|   0:00:01.0|10680.9M|      best|  default| mem_ctrl/mem_reg[877][7]/SE  |
| -21.283|  -21.283|-690503.812|-690503.812|   94.94%|   0:00:00.0|10680.9M|      best|  default| mem_ctrl/mem_reg[877][7]/SE  |
| -21.262|  -21.262|-689818.812|-689818.812|   94.94%|   0:00:00.0|10680.9M|      best|  default| mem_ctrl/mem_reg[877][7]/SE  |
| -21.256|  -21.256|-689612.312|-689612.312|   94.95%|   0:00:01.0|10680.9M|      best|  default| mem_ctrl/mem_reg[877][7]/SE  |
| -21.246|  -21.246|-689281.250|-689281.250|   94.95%|   0:00:00.0|10680.9M|      best|  default| mem_ctrl/mem_reg[877][7]/SE  |
| -21.238|  -21.238|-689022.375|-689022.375|   94.95%|   0:00:01.0|10680.9M|      best|  default| mem_ctrl/mem_reg[877][7]/SE  |
| -21.231|  -21.231|-688796.188|-688796.188|   94.95%|   0:00:00.0|10680.9M|      best|  default| mem_ctrl/mem_reg[877][7]/SE  |
| -21.226|  -21.226|-688619.188|-688619.188|   94.95%|   0:00:00.0|10680.9M|      best|  default| mem_ctrl/mem_reg[877][7]/SE  |
| -21.208|  -21.208|-688048.875|-688048.875|   94.95%|   0:00:01.0|10680.9M|      best|  default| mem_ctrl/mem_reg[877][7]/SE  |
| -21.201|  -21.201|-687832.562|-687832.562|   94.95%|   0:00:00.0|10680.9M|      best|  default| mem_ctrl/mem_reg[877][7]/SE  |
| -21.192|  -21.192|-687511.375|-687511.375|   94.95%|   0:00:00.0|10680.9M|      best|  default| mem_ctrl/mem_reg[877][7]/SE  |
| -21.187|  -21.187|-687347.500|-687347.500|   94.95%|   0:00:01.0|10680.9M|      best|  default| mem_ctrl/mem_reg[877][7]/SE  |
| -21.158|  -21.158|-686413.375|-686413.375|   94.95%|   0:00:00.0|10680.9M|      best|  default| mem_ctrl/mem_reg[877][7]/SE  |
| -21.154|  -21.154|-686282.250|-686282.250|   94.96%|   0:00:00.0|10680.9M|      best|  default| mem_ctrl/mem_reg[877][7]/SE  |
| -21.141|  -21.141|-685852.875|-685852.875|   94.96%|   0:00:01.0|10680.9M|      best|  default| mem_ctrl/mem_reg[877][7]/SE  |
| -21.135|  -21.135|-685666.062|-685666.062|   94.96%|   0:00:00.0|10680.9M|      best|  default| mem_ctrl/mem_reg[877][7]/SE  |
| -21.125|  -21.125|-685328.500|-685328.500|   94.96%|   0:00:00.0|10680.9M|      best|  default| mem_ctrl/mem_reg[877][7]/SE  |
| -21.122|  -21.122|-685220.312|-685220.312|   94.96%|   0:00:01.0|10680.9M|      best|  default| mem_ctrl/mem_reg[877][7]/SE  |
| -21.113|  -21.113|-684938.438|-684938.438|   94.96%|   0:00:00.0|10680.9M|      best|  default| mem_ctrl/mem_reg[877][7]/SE  |
| -21.106|  -21.106|-684689.375|-684689.375|   94.96%|   0:00:00.0|10680.9M|      best|  default| mem_ctrl/mem_reg[877][7]/SE  |
| -21.096|  -21.096|-684374.688|-684374.688|   94.96%|   0:00:01.0|10680.9M|      best|  default| mem_ctrl/mem_reg[877][7]/SE  |
| -21.089|  -21.089|-684138.750|-684138.750|   94.96%|   0:00:00.0|10680.9M|      best|  default| mem_ctrl/mem_reg[877][7]/SE  |
| -21.086|  -21.086|-684030.562|-684030.562|   94.96%|   0:00:00.0|10680.9M|      best|  default| mem_ctrl/mem_reg[877][7]/SE  |
| -21.082|  -21.082|-683919.125|-683919.125|   94.97%|   0:00:01.0|10680.9M|      best|  default| mem_ctrl/mem_reg[877][7]/SE  |
| -21.074|  -21.074|-683666.750|-683666.750|   94.97%|   0:00:00.0|10680.9M|      best|  default| mem_ctrl/mem_reg[877][7]/SE  |
| -21.062|  -21.062|-683253.750|-683253.750|   94.97%|   0:00:00.0|10680.9M|      best|  default| mem_ctrl/mem_reg[877][7]/SE  |
| -21.060|  -21.060|-683194.750|-683194.750|   94.97%|   0:00:01.0|10680.9M|      best|  default| mem_ctrl/mem_reg[877][7]/SE  |
| -21.049|  -21.049|-682821.125|-682821.125|   94.97%|   0:00:00.0|10680.9M|      best|  default| mem_ctrl/mem_reg[877][7]/SE  |
| -21.037|  -21.037|-682450.750|-682450.750|   94.97%|   0:00:01.0|10680.9M|      best|  default| mem_ctrl/mem_reg[877][7]/SE  |
| -21.031|  -21.031|-682234.438|-682234.438|   94.97%|   0:00:00.0|10680.9M|      best|  default| mem_ctrl/mem_reg[877][7]/SE  |
| -21.027|  -21.027|-682100.125|-682100.125|   94.97%|   0:00:01.0|10680.9M|      best|  default| mem_ctrl/mem_reg[877][7]/SE  |
| -21.006|  -21.006|-681408.500|-681408.500|   94.97%|   0:00:00.0|10680.9M|      best|  default| mem_ctrl/mem_reg[877][7]/SE  |
| -21.001|  -21.001|-681247.938|-681247.938|   94.97%|   0:00:00.0|10680.9M|      best|  default| mem_ctrl/mem_reg[877][7]/SE  |
| -20.990|  -20.990|-680893.938|-680893.938|   94.97%|   0:00:01.0|10680.9M|      best|  default| mem_ctrl/mem_reg[877][7]/SE  |
| -20.981|  -20.981|-680615.375|-680615.375|   94.97%|   0:00:00.0|10680.9M|      best|  default| mem_ctrl/mem_reg[877][7]/SE  |
| -20.973|  -20.973|-680340.000|-680340.000|   94.97%|   0:00:01.0|10680.9M|      best|  default| mem_ctrl/mem_reg[877][7]/SE  |
| -20.956|  -20.956|-680309.188|-680309.188|   94.98%|   0:00:00.0|10680.9M|      best|  default| mem_ctrl/mem_reg[208][0]/SE  |
| -20.945|  -20.945|-679942.062|-679942.062|   94.98%|   0:00:00.0|10680.9M|      best|  default| mem_ctrl/mem_reg[208][0]/SE  |
| -20.920|  -20.920|-679841.812|-679841.812|   94.98%|   0:00:01.0|10680.9M|      best|  default| mem_ctrl/mem_reg[2624][7]/SE |
| -20.901|  -20.901|-679841.000|-679841.000|   94.98%|   0:00:00.0|10680.9M|      best|  default| mem_ctrl/mem_reg[770][5]/SE  |
| -20.892|  -20.892|-679697.125|-679697.125|   94.98%|   0:00:01.0|10680.9M|      best|  default| mem_ctrl/mem_reg[2626][7]/SE |
| -20.889|  -20.889|-679591.688|-679591.688|   94.98%|   0:00:01.0|10680.9M|      best|  default| mem_ctrl/mem_reg[2626][7]/SE |
| -20.872|  -20.872|-679050.938|-679050.938|   94.98%|   0:00:00.0|10680.9M|      best|  default| mem_ctrl/mem_reg[2626][7]/SE |
| -20.864|  -20.864|-678795.250|-678795.250|   94.98%|   0:00:00.0|10678.9M|      best|  default| mem_ctrl/mem_reg[2626][7]/SE |
| -20.859|  -20.859|-678631.375|-678631.375|   94.98%|   0:00:01.0|10678.9M|      best|  default| mem_ctrl/mem_reg[2626][7]/SE |
| -20.850|  -20.850|-678336.438|-678336.438|   94.98%|   0:00:00.0|10736.1M|      best|  default| mem_ctrl/mem_reg[2626][7]/SE |
| -20.842|  -20.842|-678051.250|-678051.250|   94.98%|   0:00:01.0|10736.1M|      best|  default| mem_ctrl/mem_reg[2626][7]/SE |
| -20.836|  -20.836|-677874.312|-677874.312|   94.98%|   0:00:00.0|10736.1M|      best|  default| mem_ctrl/mem_reg[2626][7]/SE |
| -20.836|  -20.836|-677848.062|-677848.062|   94.98%|   0:00:01.0|10736.1M|      best|  default| mem_ctrl/mem_reg[2626][7]/SE |
| -20.831|  -20.831|-677716.938|-677716.938|   94.98%|   0:00:00.0|10736.1M|      best|  default| mem_ctrl/mem_reg[2626][7]/SE |
| -20.828|  -20.828|-677615.312|-677615.312|   94.98%|   0:00:01.0|10736.1M|      best|  default| mem_ctrl/mem_reg[2626][7]/SE |
| -20.824|  -20.824|-677458.000|-677458.000|   94.98%|   0:00:00.0|10736.1M|      best|  default| mem_ctrl/mem_reg[2626][7]/SE |
| -20.824|  -20.824|-677457.750|-677457.750|   94.98%|   0:00:00.0|10736.1M|      best|  default| mem_ctrl/mem_reg[2626][7]/SE |
| -20.824|  -20.824|-677454.000|-677454.000|   94.98%|   0:00:01.0|10736.1M|      best|  default| mem_ctrl/mem_reg[2623][1]/SE |
| -20.824|  -20.824|-677449.812|-677449.812|   94.98%|   0:00:00.0|10717.1M|      best|  default| mem_ctrl/mem_reg[786][5]/SE  |
| -20.824|  -20.824|-677449.250|-677449.250|   94.98%|   0:00:00.0|10717.1M|      best|  default| mem_ctrl/mem_reg[786][5]/SE  |
| -20.824|  -20.824|-677442.562|-677442.562|   94.98%|   0:00:01.0|10717.1M|      best|  default| mem_ctrl/mem_reg[2730][1]/SE |
| -20.824|  -20.824|-677438.938|-677438.938|   94.98%|   0:00:01.0|10736.2M|      best|  default| mem_ctrl/mem_reg[2730][0]/SE |
| -20.824|  -20.824|-677435.688|-677435.688|   94.98%|   0:00:01.0|10736.2M|      best|  default| mem_ctrl/mem_reg[2730][1]/SE |
| -20.824|  -20.824|-677428.625|-677428.625|   94.99%|   0:00:01.0|10755.3M|      best|  default| mem_ctrl/mem_reg[790][5]/SE  |
| -20.824|  -20.824|-677420.500|-677420.500|   94.99%|   0:00:01.0|10774.4M|      best|  default| mem_ctrl/mem_reg[791][3]/SE  |
| -20.824|  -20.824|-677420.312|-677420.312|   94.99%|   0:00:00.0|10774.4M|      best|  default| mem_ctrl/mem_reg[791][3]/SE  |
| -20.824|  -20.824|-677413.125|-677413.125|   94.99%|   0:00:01.0|10774.4M|      best|  default| mem_ctrl/mem_reg[2238][0]/SE |
| -20.824|  -20.824|-677412.438|-677412.438|   94.99%|   0:00:00.0|10774.4M|      best|  default| mem_ctrl/mem_reg[2238][0]/SE |
| -20.824|  -20.824|-677402.188|-677402.188|   95.00%|   0:00:02.0|10774.4M|      best|  default| mem_ctrl/mem_reg[2187][3]/SE |
| -20.824|  -20.824|-677401.438|-677401.438|   95.00%|   0:00:00.0|10774.4M|      best|  default| mem_ctrl/mem_reg[2187][3]/SE |
| -20.824|  -20.824|-677394.188|-677394.188|   95.00%|   0:00:01.0|10799.5M|      best|  default| mem_ctrl/mem_reg[2164][2]/SE |
| -20.824|  -20.824|-677379.625|-677379.625|   94.99%|   0:00:03.0|10799.5M|      best|  default| mem_ctrl/mem_reg[1816][6]/SE |
| -20.824|  -20.824|-677379.562|-677379.562|   94.99%|   0:00:01.0|10818.6M|      best|  default| mem_ctrl/mem_reg[1816][6]/SE |
| -20.824|  -20.824|-677379.500|-677379.500|   94.99%|   0:00:00.0|10818.6M|      best|  default| mem_ctrl/mem_reg[1816][6]/SE |
| -20.824|  -20.824|-677366.938|-677366.938|   95.00%|   0:00:04.0|10841.7M|      best|  default| mem_ctrl/mem_reg[3903][0]/SE |
| -20.824|  -20.824|-677366.250|-677366.250|   95.00%|   0:00:00.0|10841.7M|      best|  default| mem_ctrl/mem_reg[3247][3]/SE |
| -20.824|  -20.824|-677341.375|-677341.375|   94.99%|   0:00:01.0|10841.7M|      best|  default| mem_ctrl/mem_reg[3247][3]/SE |
| -20.824|  -20.824|-677330.125|-677330.125|   95.00%|   0:00:03.0|10841.7M|      best|  default| mem_ctrl/mem_reg[281][0]/SE  |
| -20.824|  -20.824|-677330.062|-677330.062|   95.00%|   0:00:03.0|10841.7M|      best|  default| mem_ctrl/mem_reg[2295][1]/SE |
| -20.824|  -20.824|-677329.812|-677329.812|   95.00%|   0:00:00.0|10841.7M|      best|  default| mem_ctrl/mem_reg[2295][1]/SE |
| -20.824|  -20.824|-677329.750|-677329.750|   95.00%|   0:00:01.0|10841.7M|      best|  default| mem_ctrl/mem_reg[2295][1]/SE |
| -20.824|  -20.824|-677325.438|-677325.438|   95.00%|   0:00:05.0|10906.1M|      best|  default| mem_ctrl/mem_reg[3584][7]/SE |
| -20.824|  -20.824|-677322.750|-677322.750|   95.00%|   0:00:03.0|10963.4M|      best|  default| mem_ctrl/mem_reg[308][7]/SE  |
| -20.824|  -20.824|-677322.812|-677322.812|   95.00%|   0:00:04.0|10963.4M|      best|  default| mem_ctrl/mem_reg[2396][7]/SE |
| -20.824|  -20.824|-677322.812|-677322.812|   95.00%|   0:00:03.0|10963.4M|      best|  default| mem_ctrl/mem_reg[153][7]/D   |
| -20.824|  -20.824|-677322.812|-677322.812|   95.00%|   0:00:01.0|10963.4M|      best|  default| mem_ctrl/dout_reg[7]/D0      |
| -20.824|  -20.824|-677322.750|-677322.750|   95.00%|   0:00:00.0|10963.4M|      best|  default| mem_ctrl/dout_reg[5]/D0      |
| -20.824|  -20.824|-677322.732|-677322.732|   95.00%|   0:00:01.0|11344.9M|      best|  default| mem_ctrl/mem_reg[2626][7]/SE |
+--------+---------+-----------+-----------+---------+------------+--------+----------+---------+------------------------------+

*** Finish Core Optimize Step (cpu=0:20:54 real=0:01:32 mem=11344.9M) ***

*** Finished Optimize Step Cumulative (cpu=0:21:39 real=0:01:38 mem=11342.9M) ***
OptDebug: End of Optimizer TNS Pass:
+----------+-------+-----------+
|Path Group|    WNS|        TNS|
+----------+-------+-----------+
|default   |-20.824|-677322.732|
|reg2reg   |  0.582|      0.000|
|HEPG      |  0.582|      0.000|
|All Paths |-20.824|-677322.732|
+----------+-------+-----------+

*** Starting refinePlace (11:55:43 mem=10682.9M) ***
Total net bbox length = 9.263e+06 (4.571e+06 4.692e+06) (ext = 1.149e+05)
**WARN: (IMPSP-5140):	Global net connect rules have not been created. Added  insts would have no supply connectivity, and would fail DRC.
Type 'man IMPSP-5140' for more detail.
**WARN: (IMPSP-315):	Found 139450 instances insts with no PG Term connections.
Type 'man IMPSP-315' for more detail.

Starting Small incrNP...

Move report: incrNP moves 285261 insts, mean move: 13.59 um, max move: 369.17 um 
	Max move on inst (mem_ctrl/mem_reg[2623][1]): (765.60, 749.65) --> (602.62, 543.46)
Finished incrNP (cpu=0:02:02, real=0:00:09.0, mem=11128.6M)
End of Small incrNP (cpu=0:02:02, real=0:00:09.0)
Move report: Detail placement moves 277666 insts, mean move: 8.67 um, max move: 732.25 um 
	Max move on inst (mem_ctrl/mem_reg[549][7]): (666.71, 16.24) --> (1286.73, 128.47)
	Runtime: CPU: 0:00:19.1 REAL: 0:00:09.0 MEM: 11263.4MB
Summary Report:
Instances move: 283734 (out of 286185 movable)
Instances flipped: 741
Mean displacement: 16.09 um
Max displacement: 738.63 um (Instance: mem_ctrl/mem_reg[549][7]) (660.33, 16.24) -> (1286.73, 128.47)
	Length: 27 sites, height: 1 rows, site name: gsclib090site, cell type: SDFFQX1
Total net bbox length = 8.968e+06 (4.504e+06 4.464e+06) (ext = 1.121e+05)
Runtime: CPU: 0:02:21 REAL: 0:00:18.0 MEM: 11263.4MB
*** Finished refinePlace (11:58:04 mem=11263.4M) ***
*** maximum move = 738.63 um ***
*** Finished re-routing un-routed nets (10697.9M) ***

*** Finish Physical Update (cpu=0:05:35 real=0:00:36.0 mem=10735.0M) ***
** GigaOpt Optimizer WNS Slack -22.172 TNS Slack -719141.269 Density 95.00
Active Path Group: default 
+--------+---------+-----------+-----------+---------+------------+--------+----------+---------+------------------------------+
|  WNS   | All WNS |    TNS    |  All TNS  | Density |    Real    |  Mem   |Worst View|Pathgroup|          End Point           |
+--------+---------+-----------+-----------+---------+------------+--------+----------+---------+------------------------------+
| -22.172|  -22.172|-719141.269|-719141.269|   95.00%|   0:00:00.0|10735.0M|      best|  default| mem_ctrl/mem_reg[2807][5]/SE |
| -21.797|  -21.797|-706853.562|-706853.562|   95.00%|   0:00:06.0|10735.0M|      best|  default| mem_ctrl/mem_reg[2807][5]/SE |
| -21.703|  -21.703|-703769.438|-703769.438|   95.00%|   0:00:00.0|10735.0M|      best|  default| mem_ctrl/mem_reg[2807][5]/SE |
| -21.676|  -21.676|-702864.812|-702864.812|   95.00%|   0:00:01.0|10735.0M|      best|  default| mem_ctrl/mem_reg[2807][5]/SE |
| -21.664|  -21.664|-702494.375|-702494.375|   95.00%|   0:00:00.0|10773.2M|      best|  default| mem_ctrl/mem_reg[2807][5]/SE |
| -21.652|  -21.652|-702094.562|-702094.562|   95.00%|   0:00:01.0|10773.2M|      best|  default| mem_ctrl/mem_reg[2807][5]/SE |
| -21.622|  -21.622|-701957.500|-701957.500|   95.00%|   0:00:00.0|10773.2M|      best|  default| mem_ctrl/mem_reg[2807][5]/SE |
| -21.614|  -21.614|-701708.375|-701708.375|   95.00%|   0:00:00.0|10792.2M|      best|  default| mem_ctrl/mem_reg[2807][5]/SE |
| -21.612|  -21.612|-701642.812|-701642.812|   95.00%|   0:00:01.0|10792.2M|      best|  default| mem_ctrl/mem_reg[2807][5]/SE |
| -21.612|  -21.612|-701642.835|-701642.835|   95.00%|   0:00:00.0|10792.2M|      best|  default| mem_ctrl/mem_reg[2807][5]/SE |
+--------+---------+-----------+-----------+---------+------------+--------+----------+---------+------------------------------+

*** Finish Core Optimize Step (cpu=0:00:46.1 real=0:00:09.0 mem=10792.2M) ***

*** Finished Optimize Step Cumulative (cpu=0:00:46.3 real=0:00:09.0 mem=10792.2M) ***
** GigaOpt Optimizer WNS Slack -21.612 TNS Slack -701642.835 Density 95.00
*** Starting refinePlace (12:02:11 mem=10706.2M) ***
Total net bbox length = 8.967e+06 (4.503e+06 4.464e+06) (ext = 1.121e+05)
**WARN: (IMPSP-5140):	Global net connect rules have not been created. Added  insts would have no supply connectivity, and would fail DRC.
Type 'man IMPSP-5140' for more detail.
**WARN: (IMPSP-315):	Found 139439 instances insts with no PG Term connections.
Type 'man IMPSP-315' for more detail.
Move report: Detail placement moves 0 insts, mean move: 0.00 um, max move: 0.00 um 
	Runtime: CPU: 0:00:06.0 REAL: 0:00:02.0 MEM: 10721.6MB
Summary Report:
Instances move: 0 (out of 286174 movable)
Instances flipped: 0
Mean displacement: 0.00 um
Max displacement: 0.00 um 
Total net bbox length = 8.967e+06 (4.503e+06 4.464e+06) (ext = 1.121e+05)
Runtime: CPU: 0:00:06.3 REAL: 0:00:02.0 MEM: 10721.6MB
*** Finished refinePlace (12:02:17 mem=10721.6M) ***
*** maximum move = 0.00 um ***
*** Finished re-routing un-routed nets (10705.6M) ***

*** Finish Physical Update (cpu=0:00:11.6 real=0:00:05.0 mem=10705.6M) ***
** GigaOpt Optimizer WNS Slack -21.612 TNS Slack -701642.835 Density 95.00
OptDebug: End of Setup Fixing:
+----------+-------+-----------+
|Path Group|    WNS|        TNS|
+----------+-------+-----------+
|default   |-21.612|-701642.835|
|reg2reg   |  0.543|      0.000|
|HEPG      |  0.543|      0.000|
|All Paths |-21.612|-701642.835|
+----------+-------+-----------+

Bottom Preferred Layer:
+---------------+------------+----------+
|     Layer     |   OPT_LA   |   Rule   |
+---------------+------------+----------+
| Metal8 (z=8)  |       1261 | default  |
+---------------+------------+----------+
Via Pillar Rule:
    None

*** Finish pre-CTS Setup Fixing (cpu=0:28:21 real=0:02:32 mem=10705.6M) ***

*** TnsOpt #3 [finish] (place_opt_design #1) : cpu/real = 0:28:25.7/0:02:34.7 (11.0), totSession cpu/real = 12:02:23.0/1:09:38.5 (10.4), mem = 8934.8M
End: GigaOpt TNS non-legal recovery
Begin: GigaOpt Optimization in post-eco TNS mode
Info: 1 clock net  excluded from IPO operation.
*** TnsOpt #4 [begin] (place_opt_design #1) : totSession cpu/real = 12:02:23.5/1:09:39.0 (10.4), mem = 8934.8M
*info: 1 clock net excluded
*info: 1342 no-driver nets excluded.
** GigaOpt Optimizer WNS Slack -21.612 TNS Slack -701642.835 Density 95.00
OptDebug: Start of Optimizer TNS Pass:
+----------+-------+-----------+
|Path Group|    WNS|        TNS|
+----------+-------+-----------+
|default   |-21.612|-701642.835|
|reg2reg   |  0.543|      0.000|
|HEPG      |  0.543|      0.000|
|All Paths |-21.612|-701642.835|
+----------+-------+-----------+

Active Path Group: default 
+--------+---------+-----------+-----------+---------+------------+--------+----------+---------+------------------------------+
|  WNS   | All WNS |    TNS    |  All TNS  | Density |    Real    |  Mem   |Worst View|Pathgroup|          End Point           |
+--------+---------+-----------+-----------+---------+------------+--------+----------+---------+------------------------------+
| -21.612|  -21.612|-701642.835|-701642.835|   95.00%|   0:00:00.0|10040.0M|      best|  default| mem_ctrl/mem_reg[2807][5]/SE |
| -21.612|  -21.612|-701642.812|-701642.812|   95.00%|   0:00:09.0|10618.5M|      best|  default| mem_ctrl/mem_reg[188][0]/SE  |
| -21.612|  -21.612|-701642.812|-701642.812|   95.00%|   0:00:04.0|10684.6M|      best|  default| mem_ctrl/mem_reg[975][7]/SE  |
| -21.612|  -21.612|-701642.812|-701642.812|   95.00%|   0:00:03.0|10684.6M|      best|  default| mem_ctrl/mem_reg[153][7]/D   |
| -21.612|  -21.612|-701642.812|-701642.812|   95.00%|   0:00:00.0|10684.6M|      best|  default| mem_ctrl/mem_reg[903][7]/SI  |
| -21.612|  -21.612|-701642.812|-701642.812|   95.00%|   0:00:00.0|10684.6M|      best|  default| mem_ctrl/mem_reg[823][6]/SI  |
| -21.612|  -21.612|-701642.835|-701642.835|   95.00%|   0:00:01.0|10684.6M|      best|  default| mem_ctrl/mem_reg[2807][5]/SE |
+--------+---------+-----------+-----------+---------+------------+--------+----------+---------+------------------------------+

*** Finish Core Optimize Step (cpu=0:02:30 real=0:00:17.0 mem=10684.6M) ***

*** Finished Optimize Step Cumulative (cpu=0:03:15 real=0:00:23.0 mem=10684.6M) ***
OptDebug: End of Optimizer TNS Pass:
+----------+-------+-----------+
|Path Group|    WNS|        TNS|
+----------+-------+-----------+
|default   |-21.612|-701642.835|
|reg2reg   |  0.543|      0.000|
|HEPG      |  0.543|      0.000|
|All Paths |-21.612|-701642.835|
+----------+-------+-----------+

OptDebug: End of Setup Fixing:
+----------+-------+-----------+
|Path Group|    WNS|        TNS|
+----------+-------+-----------+
|default   |-21.612|-701642.835|
|reg2reg   |  0.543|      0.000|
|HEPG      |  0.543|      0.000|
|All Paths |-21.612|-701642.835|
+----------+-------+-----------+

Bottom Preferred Layer:
+---------------+------------+----------+
|     Layer     |   OPT_LA   |   Rule   |
+---------------+------------+----------+
| Metal8 (z=8)  |       1261 | default  |
+---------------+------------+----------+
Via Pillar Rule:
    None

*** Finish pre-CTS Setup Fixing (cpu=0:03:16 real=0:00:24.0 mem=10684.6M) ***

*** TnsOpt #4 [finish] (place_opt_design #1) : cpu/real = 0:03:21.4/0:00:27.8 (7.3), totSession cpu/real = 12:05:44.9/1:10:06.8 (10.4), mem = 8949.8M
End: GigaOpt Optimization in post-eco TNS mode
Register exp ratio and priority group on 1261 nets on 286452 nets : 
z=8 : 1261 nets

Active setup views:
 best
  Dominating endpoints: 0
  Dominating TNS: -0.000

Extraction called for design 'secure_boot_top' of instances=367826 and nets=287796 using extraction engine 'preRoute' .
**WARN: (IMPEXT-3530):	The process node is not set. Use the command setDesignMode -process <process node> prior to extraction for maximum accuracy and optimal automatic threshold setting.
Type 'man IMPEXT-3530' for more detail.
PreRoute RC Extraction called for design secure_boot_top.
RC Extraction called in multi-corner(1) mode.
RCMode: PreRoute
      RC Corner Indexes            0   
Capacitance Scaling Factor   : 1.00000 
Resistance Scaling Factor    : 1.00000 
Clock Cap. Scaling Factor    : 1.00000 
Clock Res. Scaling Factor    : 1.00000 
Shrink Factor                : 1.00000
PreRoute extraction is honoring NDR/Shielding/ExtraSpace for clock nets.
Using Quantus QRC technology file ...
Skipped RC grid update for preRoute extraction.
Initializing multi-corner resistance tables ...
PreRoute RC Extraction DONE (CPU Time: 0:00:00.9  Real Time: 0:00:01.0  MEM: 8721.020M)
Skewing Data Summary (End_of_FINAL)
--------------------------------------------------
 Total skewed count:0
--------------------------------------------------
Starting delay calculation for Setup views
AAE_INFO: opIsDesignInPostRouteState() is 0
#################################################################################
# Design Stage: PreRoute
# Design Name: secure_boot_top
# Design Mode: 90nm
# Analysis Mode: MMMC Non-OCV 
# Parasitics Mode: No SPEF/RCDB 
# Signoff Settings: SI Off 
#################################################################################
Calculate delays in BcWc mode...
Start delay calculation (fullDC) (24 T). (MEM=8732.31)
Total number of fetched objects 286452
End delay calculation. (MEM=9857.63 CPU=0:00:30.7 REAL=0:00:01.0)
End delay calculation (fullDC). (MEM=9857.63 CPU=0:00:44.1 REAL=0:00:03.0)
*** Done Building Timing Graph (cpu=0:01:01 real=0:00:05.0 totSessionCpu=12:07:01 mem=9857.6M)
[NR-eGR] Track table information for default rule: 
[NR-eGR] Metal1 has single uniform track structure
[NR-eGR] Metal2 has single uniform track structure
[NR-eGR] Metal3 has single uniform track structure
[NR-eGR] Metal4 has single uniform track structure
[NR-eGR] Metal5 has single uniform track structure
[NR-eGR] Metal6 has single uniform track structure
[NR-eGR] Metal7 has single uniform track structure
[NR-eGR] Metal8 has single uniform track structure
[NR-eGR] Metal9 has single uniform track structure
[NR-eGR] Read 120 PG shapes
[NR-eGR] Read 0 clock shapes
[NR-eGR] Read 0 other shapes
[NR-eGR] #Routing Blockages  : 0
[NR-eGR] #Instance Blockages : 0
[NR-eGR] #PG Blockages       : 120
[NR-eGR] #Halo Blockages     : 0
[NR-eGR] #Boundary Blockages : 0
[NR-eGR] #Clock Blockages    : 0
[NR-eGR] #Other Blockages    : 0
[NR-eGR] Num Prerouted Nets = 0  Num Prerouted Wires = 0
[NR-eGR] Read 286452 nets ( ignored 0 )
[NR-eGR] There are 1 clock nets ( 0 with NDR ).
[NR-eGR] ============ Routing rule table ============
[NR-eGR] Rule id: 0  Nets: 286452
[NR-eGR] ========================================
[NR-eGR] 
[NR-eGR] Layer group 1: route 1261 net(s) in layer range [8, 9]
[NR-eGR] Early Global Route overflow of layer group 1: 0.00% H + 0.00% V. EstWL: 1.506257e+05um
[NR-eGR] Layer group 2: route 285191 net(s) in layer range [2, 9]
[NR-eGR] Early Global Route overflow of layer group 2: 0.01% H + 0.00% V. EstWL: 1.076831e+07um
[NR-eGR] Congestion Analysis By layer: (blocked Gcells are excluded) 
[NR-eGR]                        OverCon           OverCon           OverCon           OverCon            
[NR-eGR]                         #Gcell            #Gcell            #Gcell            #Gcell     %Gcell
[NR-eGR]        Layer             (1-2)             (3-4)             (5-6)             (7-8)    OverCon
[NR-eGR] -------------------------------------------------------------------------------------------------
[NR-eGR]  Metal1 ( 1)         0( 0.00%)         0( 0.00%)         0( 0.00%)         0( 0.00%)   ( 0.00%) 
[NR-eGR]  Metal2 ( 2)      1045( 0.28%)        25( 0.01%)         0( 0.00%)         0( 0.00%)   ( 0.29%) 
[NR-eGR]  Metal3 ( 3)       856( 0.23%)        18( 0.00%)         0( 0.00%)         0( 0.00%)   ( 0.24%) 
[NR-eGR]  Metal4 ( 4)       127( 0.03%)         1( 0.00%)         0( 0.00%)         0( 0.00%)   ( 0.03%) 
[NR-eGR]  Metal5 ( 5)        38( 0.01%)         0( 0.00%)         0( 0.00%)         0( 0.00%)   ( 0.01%) 
[NR-eGR]  Metal6 ( 6)        40( 0.01%)         2( 0.00%)         0( 0.00%)         0( 0.00%)   ( 0.01%) 
[NR-eGR]  Metal7 ( 7)        73( 0.02%)        22( 0.01%)         0( 0.00%)         3( 0.00%)   ( 0.03%) 
[NR-eGR]  Metal8 ( 8)        35( 0.01%)         0( 0.00%)         0( 0.00%)         0( 0.00%)   ( 0.01%) 
[NR-eGR]  Metal9 ( 9)         6( 0.00%)         0( 0.00%)         0( 0.00%)         0( 0.00%)   ( 0.00%) 
[NR-eGR] -------------------------------------------------------------------------------------------------
[NR-eGR]        Total      2220( 0.08%)        68( 0.00%)         0( 0.00%)         3( 0.00%)   ( 0.08%) 
[NR-eGR] 
[NR-eGR] Overflow after Early Global Route 0.01% H + 0.00% V
[NR-eGR] Finished Early Global Route kernel ( CPU: 16.60 sec, Real: 3.42 sec, Curr Mem: 10187.57 MB )
[hotspot] +------------+---------------+---------------+
[hotspot] |            |   max hotspot | total hotspot |
[hotspot] +------------+---------------+---------------+
[hotspot] | normalized |          0.00 |          0.00 |
[hotspot] +------------+---------------+---------------+
Local HotSpot Analysis: normalized max congestion hotspot area = 0.00, normalized total congestion hotspot area = 0.00 (area is in unit of 4 std-cell row bins)
[hotspot] Hotspot report including placement blocked areas
[hotspot] +------------+---------------+---------------+
[hotspot] |            |   max hotspot | total hotspot |
[hotspot] +------------+---------------+---------------+
[hotspot] | normalized |          1.99 |          3.64 |
[hotspot] +------------+---------------+---------------+
Local HotSpot Analysis (blockage included): normalized max congestion hotspot area = 1.99, normalized total congestion hotspot area = 3.64 (area is in unit of 4 std-cell row bins)
[hotspot] top 2 congestion hotspot bounding boxes and scores of normalized hotspot
[hotspot] +-----+-------------------------------------+---------------+
[hotspot] | top |            hotspot bbox             | hotspot score |
[hotspot] +-----+-------------------------------------+---------------+
[hotspot] |  1  |   794.02  1545.70   877.54  1590.07 |        3.47   |
[hotspot] +-----+-------------------------------------+---------------+
[hotspot] |  2  |   877.54  1545.70   961.06  1590.07 |        0.17   |
[hotspot] +-----+-------------------------------------+---------------+
Reported timing to dir ./timingReports
**optDesign ... cpu = 11:37:29, real = 0:57:54, mem = 5769.0M, totSessionCpu=12:07:18 **

------------------------------------------------------------------
     optDesign Final Summary
------------------------------------------------------------------

Setup views included:
 best 

+--------------------+---------+---------+---------+
|     Setup mode     |   all   | reg2reg | default |
+--------------------+---------+---------+---------+
|           WNS (ns):| -21.602 |  0.543  | -21.602 |
|           TNS (ns):|-7.01e+05|  0.000  |-7.01e+05|
|    Violating Paths:|  33373  |    0    |  33373  |
|          All Paths:|  98328  |  32784  |  65552  |
+--------------------+---------+---------+---------+

+----------------+-------------------------------+------------------+
|                |              Real             |       Total      |
|    DRVs        +------------------+------------+------------------|
|                |  Nr nets(terms)  | Worst Vio  |  Nr nets(terms)  |
+----------------+------------------+------------+------------------+
|   max_cap      |      0 (0)       |   0.000    |      0 (0)       |
|   max_tran     |      0 (0)       |   0.000    |      0 (0)       |
|   max_fanout   |      0 (0)       |     0      |      0 (0)       |
|   max_length   |      0 (0)       |     0      |      0 (0)       |
+----------------+------------------+------------+------------------+

Density: 94.996%
Routing Overflow: 0.01% H and 0.00% V
------------------------------------------------------------------
**optDesign ... cpu = 11:37:40, real = 0:57:59, mem = 5766.4M, totSessionCpu=12:07:29 **
*** Finished optDesign ***
Disable CTE adjustment.
**place_opt_design ... cpu = 11:37:42, real = 0:58:01, mem = 8667.4M **
*** Finished GigaPlace ***

*** Summary of all messages that are not suppressed in this session:
Severity  ID               Count  Summary                                  
WARNING   IMPEXT-3530          4  The process node is not set. Use the com...
WARNING   IMPSP-5140          10  Global net connect rules have not been c...
WARNING   IMPSP-315           10  Found %d instances insts with no PG Term...
WARNING   IMPSP-9025           1  No scan chain specified/traced.          
ERROR     IMPSP-2021           1  Could not legalize <%d> instances in the...
WARNING   IMPSP-2020          19  Cannot find a legal location for instanc...
*** Message Summary: 44 warning(s), 1 error(s)

*** place_opt_design #1 [finish] : cpu/real = 11:37:42.2/0:58:00.2 (12.0), totSession cpu/real = 12:07:29.0/1:10:25.1 (10.3), mem = 8667.4M
<CMD> zoomBox 437.97850 687.82200 1236.13800 1092.42100
<CMD> zoomBox -1579.49800 -382.92550 1866.53750 1363.92250
<CMD> zoomBox -8583.53850 -4047.92600 4062.90700 2362.74950
<CMD> zoomBox -5139.66550 -1990.89450 2626.83300 1946.06150
<CMD> fit
<CMD> redirect -quiet {set honorDomain [getAnalysisMode -honorClockDomains]} > /dev/null
<CMD> timeDesign -preCTS -pathReports -drvReports -slackReports -numPaths 50 -prefix secure_boot_top_preCTS -outDir timingReports
*** timeDesign #3 [begin] : totSession cpu/real = 12:07:37.5/1:12:43.4 (10.0), mem = 8702.2M
Start to check current routing status for nets...
All nets are already routed correctly.
End to check current routing status for nets (mem=8687.2M)

------------------------------------------------------------------
          timeDesign Summary
------------------------------------------------------------------

Setup views included:
 best 

+--------------------+---------+---------+---------+
|     Setup mode     |   all   | reg2reg | default |
+--------------------+---------+---------+---------+
|           WNS (ns):| -21.602 |  0.543  | -21.602 |
|           TNS (ns):|-7.01e+05|  0.000  |-7.01e+05|
|    Violating Paths:|  33373  |    0    |  33373  |
|          All Paths:|  98328  |  32784  |  65552  |
+--------------------+---------+---------+---------+

+----------------+-------------------------------+------------------+
|                |              Real             |       Total      |
|    DRVs        +------------------+------------+------------------|
|                |  Nr nets(terms)  | Worst Vio  |  Nr nets(terms)  |
+----------------+------------------+------------+------------------+
|   max_cap      |      0 (0)       |   0.000    |      0 (0)       |
|   max_tran     |      0 (0)       |   0.000    |      0 (0)       |
|   max_fanout   |      0 (0)       |     0      |      0 (0)       |
|   max_length   |      0 (0)       |     0      |      0 (0)       |
+----------------+------------------+------------+------------------+

Density: 94.996%
Routing Overflow: 0.01% H and 0.00% V
------------------------------------------------------------------
Reported timing to dir timingReports
Total CPU time: 26.83 sec
Total Real time: 8.0 sec
Total Memory Usage: 8695.78125 Mbytes
*** timeDesign #3 [finish] : cpu/real = 0:00:26.8/0:00:08.6 (3.1), totSession cpu/real = 12:08:04.3/1:12:52.0 (10.0), mem = 8695.8M
<CMD> report_area
<CMD> report_power
env CDS_WORKAREA is set to /home/student/Documents/22ecr205
Using Power View: best.

Begin Power Analysis

             0V	    vss
           1.1V	    vdd

Warning:
  There are 2 power/gnd nets that are not connected
vss vdd ...
Use 'globalNetConnect' to define rail connections.
[PowermeterNetlistLib::InfoMergingRails]
** WARN:  (VOLTUS_POWR-2035): There are 2 power/gnd nets that are not connected
vss vdd ...
Use 'globalNetConnect' to define rail connections.



Begin Processing Timing Library for Power Calculation

Begin Processing Timing Library for Power Calculation



Begin Processing Power Net/Grid for Power Calculation

Ended Processing Power Net/Grid for Power Calculation: (cpu=0:00:00, real=0:00:00, mem(process/total/peak)=5841.90MB/10211.49MB/8208.52MB)

Begin Processing Timing Window Data for Power Calculation

Ended Processing Timing Window Data for Power Calculation: (cpu=0:00:00, real=0:00:00, mem(process/total/peak)=5841.90MB/10211.49MB/8208.52MB)

Begin Processing User Attributes

Ended Processing User Attributes: (cpu=0:00:00, real=0:00:00, mem(process/total/peak)=5841.90MB/10211.49MB/8208.52MB)

Begin Processing Signal Activity


Starting Levelizing
2025-Aug-11 14:18:51 (2025-Aug-11 08:48:51 GMT)
2025-Aug-11 14:18:51 (2025-Aug-11 08:48:51 GMT): 10%
2025-Aug-11 14:18:51 (2025-Aug-11 08:48:51 GMT): 20%
2025-Aug-11 14:18:51 (2025-Aug-11 08:48:51 GMT): 30%
2025-Aug-11 14:18:51 (2025-Aug-11 08:48:51 GMT): 40%
2025-Aug-11 14:18:51 (2025-Aug-11 08:48:51 GMT): 50%
2025-Aug-11 14:18:51 (2025-Aug-11 08:48:51 GMT): 60%
2025-Aug-11 14:18:51 (2025-Aug-11 08:48:51 GMT): 70%
2025-Aug-11 14:18:51 (2025-Aug-11 08:48:51 GMT): 80%
2025-Aug-11 14:18:51 (2025-Aug-11 08:48:51 GMT): 90%

Finished Levelizing
2025-Aug-11 14:18:52 (2025-Aug-11 08:48:52 GMT)

Starting Activity Propagation
2025-Aug-11 14:18:52 (2025-Aug-11 08:48:52 GMT)
2025-Aug-11 14:18:53 (2025-Aug-11 08:48:53 GMT): 10%
2025-Aug-11 14:18:54 (2025-Aug-11 08:48:54 GMT): 20%

Finished Activity Propagation
2025-Aug-11 14:18:56 (2025-Aug-11 08:48:56 GMT)
Ended Processing Signal Activity: (cpu=0:00:06, real=0:00:06, mem(process/total/peak)=5864.14MB/10227.45MB/8208.52MB)

Begin Power Computation

      ----------------------------------------------------------
      # of cell(s) missing both power/leakage table: 0
      # of cell(s) missing power table: 0
      # of cell(s) missing leakage table: 0
      ----------------------------------------------------------



Starting Calculating power
2025-Aug-11 14:18:56 (2025-Aug-11 08:48:56 GMT)
2025-Aug-11 14:18:59 (2025-Aug-11 08:48:59 GMT): 10%
2025-Aug-11 14:18:59 (2025-Aug-11 08:48:59 GMT): 20%
2025-Aug-11 14:19:00 (2025-Aug-11 08:49:00 GMT): 30%
2025-Aug-11 14:19:00 (2025-Aug-11 08:49:00 GMT): 40%
2025-Aug-11 14:19:00 (2025-Aug-11 08:49:00 GMT): 50%
2025-Aug-11 14:19:00 (2025-Aug-11 08:49:00 GMT): 60%
2025-Aug-11 14:19:00 (2025-Aug-11 08:49:00 GMT): 70%
2025-Aug-11 14:19:00 (2025-Aug-11 08:49:00 GMT): 80%
2025-Aug-11 14:19:00 (2025-Aug-11 08:49:00 GMT): 90%

Finished Calculating power
2025-Aug-11 14:19:00 (2025-Aug-11 08:49:00 GMT)
      # of MSMV cell(s) missing power_level: 0
Ended Power Computation: (cpu=0:00:12, real=0:00:03, mem(process/total/peak)=5874.61MB/10457.51MB/8208.52MB)

Begin Processing User Attributes

Ended Processing User Attributes: (cpu=0:00:00, real=0:00:00, mem(process/total/peak)=5874.61MB/10457.51MB/8208.52MB)

Ended Power Analysis: (cpu=0:00:20, real=0:00:11, mem(process/total/peak)=5874.61MB/10457.51MB/8208.52MB)

Begin Boundary Leakage Calculation
Ended Boundary Leakage Calculation: (cpu=0:00:00, real=0:00:00,
mem(process/total/peak)=5874.61MB/10457.51MB/8208.52MB)
Begin Static Power Report Generation
*----------------------------------------------------------------------------------------
*	Innovus 21.15-s110_1 (64bit) 09/23/2022 13:08 (Linux 3.10.0-693.el7.x86_64)
*	
*
* 	Date & Time:	2025-Aug-11 14:19:00 (2025-Aug-11 08:49:00 GMT)
*
*----------------------------------------------------------------------------------------
*
*	Design: secure_boot_top
*
*	Liberty Libraries used:
*	        best: /home/install/FOUNDRY/digital/90nm/dig/lib/fast.lib
*
*	Parasitic Files used:
*
*	Power Units = 1mW
*
*	Time Units = 1e-09 secs
*
*       report_power
*
-----------------------------------------------------------------------------------------
*



Total Power
-----------------------------------------------------------------------------------------
Total Internal Power:     1840.23285124 	   56.7201%
Total Switching Power:    1378.21665501 	   42.4797%
Total Leakage Power:        25.96353436 	    0.8003%
Total Power:              3244.41304061
-----------------------------------------------------------------------------------------


Group                           Internal   Switching     Leakage       Total  Percentage 
                                Power      Power         Power         Power  (%)        
-----------------------------------------------------------------------------------------
Sequential                         483.3       14.12       8.892       506.3       15.61
Macro                                  0           0           0           0           0
IO                                     0           0           0           0           0
Combinational                       1357        1364       17.07        2738       84.39
Clock (Combinational)                  0           0           0           0           0
Clock (Sequential)                     0           0           0           0           0
-----------------------------------------------------------------------------------------
Total                               1840        1378       25.96        3244         100
-----------------------------------------------------------------------------------------


Rail                  Voltage   Internal   Switching     Leakage       Total  Percentage 
                                Power      Power         Power         Power  (%)        
-----------------------------------------------------------------------------------------
Default                   1.1       1840        1378       25.96        3244         100
 
 
-----------------------------------------------------------------------------------------
*	Power Distribution Summary: 
*              Highest Average Power: decrypt_inst_loop[9].dr_s_sub_Bytes[96].s/FE_OFC36925_decrypt_inst_states_8__67 (CLKINVX16):           0.2395
*              Highest Leakage Power: FE_OCPC50666_decrypt_inst_fullkeys_1050 (BUFX20):         0.000765
*                Total Cap:      4.03275e-09 F
*                Total instances in design: 286174
*                Total instances in design with no power:     0
*                Total instances in design with no activty:     0

*                Total Fillers and Decap:     0
-----------------------------------------------------------------------------------------
 
** INFO:  (VOLTUS_POWR-3465): There are 0 decaps and 0 fillers in the design

Ended Static Power Report Generation: (cpu=0:00:01, real=0:00:01,
mem(process/total/peak)=5962.16MB/10562.51MB/8208.52MB)

<CMD> report_timing
Path 1: VIOLATED Setup Check with Pin mem_ctrl/mem_reg[2807][5]/CK 
Endpoint:   mem_ctrl/mem_reg[2807][5]/SE (^) checked with  leading edge of 'clk'
Beginpoint: plaintext[103]               (^) triggered by  leading edge of '@'
Path Groups: {clk}
Analysis View: best
Other End Arrival Time          0.000
- Setup                         0.071
+ Phase Shift                   2.000
- Uncertainty                   0.010
= Required Time                 1.919
- Arrival Time                 23.521
= Slack Time                  -21.602
     Clock Rise Edge                      0.000
     + Input Delay                        0.000
     = Beginpoint Arrival Time            0.000
     +----------------------------------------------------------------------------------------------------------------+ 
     |                      Instance                      |       Arc        |   Cell    | Delay | Arrival | Required | 
     |                                                    |                  |           |       |  Time   |   Time   | 
     |----------------------------------------------------+------------------+-----------+-------+---------+----------| 
     |                                                    | plaintext[103] ^ |           |       |   0.000 |  -21.602 | 
     | encrypt_inst_loop[1].er_s_sub_Bytes[96].s/g21294   | A ^ -> Y v       | NOR2X1    | 0.091 |   0.091 |  -21.511 | 
     | encrypt_inst_loop[1].er_s_sub_Bytes[96].s/FE_OFC41 | A v -> Y ^       | CLKINVX2  | 0.113 |   0.204 |  -21.398 | 
     | 679_n_62                                           |                  |           |       |         |          | 
     | encrypt_inst_loop[1].er_s_sub_Bytes[96].s/g21277   | B ^ -> Y v       | NOR2X1    | 0.140 |   0.344 |  -21.258 | 
     | encrypt_inst_loop[1].er_s_sub_Bytes[96].s/g21140   | A v -> Y ^       | NOR2X1    | 0.093 |   0.437 |  -21.165 | 
     | encrypt_inst_loop[1].er_s_sub_Bytes[96].s/g20986   | B0 ^ -> Y v      | OAI32XL   | 0.131 |   0.568 |  -21.034 | 
     | encrypt_inst_loop[1].er_s_sub_Bytes[96].s/g20948   | C0 v -> Y ^      | AOI221XL  | 0.216 |   0.784 |  -20.818 | 
     | encrypt_inst_loop[1].er_s_sub_Bytes[96].s/g20906   | C0 ^ -> Y v      | OAI221XL  | 0.341 |   1.125 |  -20.477 | 
     | encrypt_inst_loop[1].er_s_sub_Bytes[96].s/g20882   | C v -> Y ^       | NOR3X1    | 0.142 |   1.267 |  -20.335 | 
     | encrypt_inst_loop[1].er_s_sub_Bytes[96].s/g20877   | C0 ^ -> Y v      | OAI221XL  | 0.056 |   1.322 |  -20.280 | 
     | encrypt_inst_loop[1].er_s_sub_Bytes[96].s/g20869   | C0 v -> Y ^      | AOI221X1  | 0.206 |   1.529 |  -20.073 | 
     | encrypt_inst_loop[1].er_s_sub_Bytes[96].s/g20854   | A ^ -> Y v       | NAND4X1   | 0.047 |   1.576 |  -20.026 | 
     | encrypt_inst_loop[1].er_s_sub_Bytes[96].s/g20848   | C v -> Y ^       | NOR3X2    | 0.055 |   1.630 |  -19.972 | 
     | encrypt_inst_loop[1].er_s_sub_Bytes[96].s/g20843   | D ^ -> Y v       | NAND4X2   | 0.051 |   1.681 |  -19.921 | 
     | g644311                                            | S0 v -> Y ^      | MXI2X1    | 0.071 |   1.752 |  -19.850 | 
     | g644299                                            | A ^ -> Y v       | INVX1     | 0.018 |   1.771 |  -19.831 | 
     | g1429                                              | B v -> Y ^       | XNOR2X1   | 0.062 |   1.833 |  -19.769 | 
     | g644258                                            | A ^ -> Y v       | NAND2XL   | 0.021 |   1.854 |  -19.748 | 
     | g644209                                            | B0 v -> Y ^      | OAI21X1   | 0.031 |   1.885 |  -19.717 | 
     | encrypt_inst_loop[2].er_s_sub_Bytes[80].s/FE_OFC28 | A ^ -> Y v       | INVX2     | 0.035 |   1.920 |  -19.682 | 
     | 84_encrypt_inst_states_1__83                       |                  |           |       |         |          | 
     | encrypt_inst_loop[2].er_s_sub_Bytes[80].s/g21325   | B v -> Y ^       | NAND2XL   | 0.097 |   2.018 |  -19.584 | 
     | encrypt_inst_loop[2].er_s_sub_Bytes[80].s/FE_OFC10 | A ^ -> Y ^       | BUFX2     | 0.083 |   2.100 |  -19.502 | 
     | 673_n_27                                           |                  |           |       |         |          | 
     | encrypt_inst_loop[2].er_s_sub_Bytes[80].s/g21239   | A ^ -> Y v       | NOR2XL    | 0.086 |   2.187 |  -19.415 | 
     | encrypt_inst_loop[2].er_s_sub_Bytes[80].s/g21053   | B0 v -> Y ^      | AOI22XL   | 0.126 |   2.313 |  -19.289 | 
     | encrypt_inst_loop[2].er_s_sub_Bytes[80].s/g20923   | A1 ^ -> Y v      | OAI222XL  | 0.051 |   2.365 |  -19.237 | 
     | encrypt_inst_loop[2].er_s_sub_Bytes[80].s/g20882   | B v -> Y ^       | NOR3X1    | 0.055 |   2.419 |  -19.183 | 
     | encrypt_inst_loop[2].er_s_sub_Bytes[80].s/g20877   | C0 ^ -> Y v      | OAI221XL  | 0.059 |   2.478 |  -19.124 | 
     | encrypt_inst_loop[2].er_s_sub_Bytes[80].s/g20869   | C0 v -> Y ^      | AOI221X1  | 0.066 |   2.544 |  -19.058 | 
     | encrypt_inst_loop[2].er_s_sub_Bytes[80].s/g20854   | C ^ -> Y v       | NAND4X1   | 0.035 |   2.579 |  -19.023 | 
     | encrypt_inst_loop[2].er_s_sub_Bytes[80].s/g20848   | C v -> Y ^       | NOR3X1    | 0.055 |   2.634 |  -18.968 | 
     | encrypt_inst_loop[2].er_s_sub_Bytes[80].s/g20843   | D ^ -> Y v       | NAND4X2   | 0.067 |   2.701 |  -18.901 | 
     | g645302                                            | B v -> Y ^       | CLKXOR2X2 | 0.085 |   2.787 |  -18.815 | 
     | g645263                                            | A ^ -> Y v       | CLKINVX2  | 0.012 |   2.799 |  -18.803 | 
     | g645208                                            | B v -> Y ^       | MXI2X1    | 0.046 |   2.845 |  -18.757 | 
     | g645188                                            | A ^ -> Y v       | NAND2XL   | 0.024 |   2.869 |  -18.733 | 
     | g645151                                            | B0 v -> Y ^      | OAI21X1   | 0.030 |   2.899 |  -18.703 | 
     | encrypt_inst_loop[3].er_s_sub_Bytes[112].s/FE_OFC3 | A ^ -> Y ^       | BUFX6     | 0.047 |   2.946 |  -18.656 | 
     | 2297_encrypt_inst_states_2__116                    |                  |           |       |         |          | 
     | encrypt_inst_loop[3].er_s_sub_Bytes[112].s/FE_OFC3 | A ^ -> Y v       | CLKINVX6  | 0.022 |   2.969 |  -18.633 | 
     | 2298_encrypt_inst_states_2__116                    |                  |           |       |         |          | 
     | encrypt_inst_loop[3].er_s_sub_Bytes[112].s/g21296  | A v -> Y ^       | NAND2X4   | 0.026 |   2.995 |  -18.607 | 
     | encrypt_inst_loop[3].er_s_sub_Bytes[112].s/g21214  | B ^ -> Y v       | NOR2X2    | 0.037 |   3.032 |  -18.570 | 
     | encrypt_inst_loop[3].er_s_sub_Bytes[112].s/FE_OFC1 | A v -> Y ^       | INVX2     | 0.058 |   3.090 |  -18.512 | 
     | 8875_n_130                                         |                  |           |       |         |          | 
     | encrypt_inst_loop[3].er_s_sub_Bytes[112].s/g21112  | B ^ -> Y v       | NOR2XL    | 0.090 |   3.180 |  -18.422 | 
     | encrypt_inst_loop[3].er_s_sub_Bytes[112].s/g21000  | B0 v -> Y ^      | AOI32XL   | 0.121 |   3.301 |  -18.301 | 
     | encrypt_inst_loop[3].er_s_sub_Bytes[112].s/g20935  | C0 ^ -> Y v      | OAI211XL  | 0.146 |   3.447 |  -18.155 | 
     | encrypt_inst_loop[3].er_s_sub_Bytes[112].s/g20889  | A v -> Y ^       | NOR2XL    | 0.196 |   3.643 |  -17.959 | 
     | encrypt_inst_loop[3].er_s_sub_Bytes[112].s/g20886  | C0 ^ -> Y v      | OAI221X1  | 0.092 |   3.735 |  -17.867 | 
     | encrypt_inst_loop[3].er_s_sub_Bytes[112].s/g20873  | C0 v -> Y ^      | AOI221X1  | 0.078 |   3.813 |  -17.789 | 
     | encrypt_inst_loop[3].er_s_sub_Bytes[112].s/g20860  | B ^ -> Y v       | NAND4XL   | 0.049 |   3.861 |  -17.741 | 
     | encrypt_inst_loop[3].er_s_sub_Bytes[112].s/g20857  | B v -> Y ^       | NOR2XL    | 0.056 |   3.917 |  -17.685 | 
     | encrypt_inst_loop[3].er_s_sub_Bytes[112].s/FE_RC_2 | B ^ -> Y ^       | CLKAND2X2 | 0.036 |   3.953 |  -17.649 | 
     | 3493_0                                             |                  |           |       |         |          | 
     | encrypt_inst_loop[3].er_s_sub_Bytes[112].s/FE_RC_2 | A ^ -> Y v       | CLKINVX3  | 0.018 |   3.972 |  -17.630 | 
     | 3494_0                                             |                  |           |       |         |          | 
     | g645754                                            | S0 v -> Y ^      | MXI2X1    | 0.054 |   4.026 |  -17.576 | 
     | g645744                                            | A ^ -> Y v       | CLKINVX2  | 0.017 |   4.043 |  -17.559 | 
     | g645695                                            | A v -> Y ^       | MXI2X1    | 0.039 |   4.082 |  -17.520 | 
     | g645687                                            | A ^ -> Y v       | NAND2XL   | 0.024 |   4.106 |  -17.496 | 
     | g645634                                            | B0 v -> Y ^      | OAI21X1   | 0.041 |   4.146 |  -17.456 | 
     | encrypt_inst_loop[4].er_s_sub_Bytes[8].s/FE_OFC449 | A ^ -> Y v       | CLKINVX3  | 0.045 |   4.192 |  -17.410 | 
     | 17_encrypt_inst_states_3__12                       |                  |           |       |         |          | 
     | encrypt_inst_loop[4].er_s_sub_Bytes[8].s/FE_OFC449 | A v -> Y ^       | INVXL     | 0.032 |   4.224 |  -17.378 | 
     | 18_encrypt_inst_states_3__12                       |                  |           |       |         |          | 
     | encrypt_inst_loop[4].er_s_sub_Bytes[8].s/g21297    | B ^ -> Y v       | NOR2X1    | 0.046 |   4.270 |  -17.332 | 
     | encrypt_inst_loop[4].er_s_sub_Bytes[8].s/g21201    | B v -> Y ^       | NAND2XL   | 0.042 |   4.312 |  -17.290 | 
     | encrypt_inst_loop[4].er_s_sub_Bytes[8].s/g21162    | A ^ -> Y v       | CLKINVX1  | 0.034 |   4.346 |  -17.256 | 
     | encrypt_inst_loop[4].er_s_sub_Bytes[8].s/g21122    | A v -> Y ^       | NOR2XL    | 0.030 |   4.376 |  -17.226 | 
     | encrypt_inst_loop[4].er_s_sub_Bytes[8].s/g20950    | A1 ^ -> Y v      | OAI222XL  | 0.041 |   4.417 |  -17.185 | 
     | encrypt_inst_loop[4].er_s_sub_Bytes[8].s/g20910    | C0 v -> Y ^      | AOI211XL  | 0.059 |   4.476 |  -17.126 | 
     | encrypt_inst_loop[4].er_s_sub_Bytes[8].s/g2        | D ^ -> Y v       | NAND4BXL  | 0.037 |   4.514 |  -17.088 | 
     | encrypt_inst_loop[4].er_s_sub_Bytes[8].s/g20875    | B0 v -> Y ^      | AOI31XL   | 0.044 |   4.558 |  -17.044 | 
     | encrypt_inst_loop[4].er_s_sub_Bytes[8].s/g20870    | C0 ^ -> Y v      | OAI211XL  | 0.038 |   4.595 |  -17.007 | 
     | encrypt_inst_loop[4].er_s_sub_Bytes[8].s/g20859    | C v -> Y ^       | NOR3X1    | 0.055 |   4.650 |  -16.952 | 
     | encrypt_inst_loop[4].er_s_sub_Bytes[8].s/g20851    | D ^ -> Y v       | NAND4X1   | 0.068 |   4.718 |  -16.884 | 
     | g646267                                            | B v -> Y ^       | CLKXOR2X1 | 0.082 |   4.800 |  -16.802 | 
     | g646253                                            | A ^ -> Y v       | XNOR2XL   | 0.062 |   4.862 |  -16.740 | 
     | g646124                                            | A1 v -> Y ^      | OAI21X1   | 0.066 |   4.929 |  -16.673 | 
     | encrypt_inst_loop[5].er_s_sub_Bytes[64].s/FE_OFC17 | A ^ -> Y v       | INVX2     | 0.049 |   4.978 |  -16.624 | 
     | 981_encrypt_inst_states_4__70                      |                  |           |       |         |          | 
     | encrypt_inst_loop[5].er_s_sub_Bytes[64].s/FE_OFC33 | A v -> Y ^       | INVX1     | 0.040 |   5.018 |  -16.584 | 
     | 236_n_6                                            |                  |           |       |         |          | 
     | encrypt_inst_loop[5].er_s_sub_Bytes[64].s/FE_OFC33 | A ^ -> Y ^       | BUFX4     | 0.069 |   5.087 |  -16.515 | 
     | 237_n_6                                            |                  |           |       |         |          | 
     | encrypt_inst_loop[5].er_s_sub_Bytes[64].s/g21250   | A ^ -> Y v       | NOR2XL    | 0.062 |   5.149 |  -16.453 | 
     | encrypt_inst_loop[5].er_s_sub_Bytes[64].s/g21103   | AN v -> Y v      | NAND2BXL  | 0.123 |   5.272 |  -16.330 | 
     | encrypt_inst_loop[5].er_s_sub_Bytes[64].s/g20941   | A1 v -> Y ^      | AOI221X1  | 0.104 |   5.376 |  -16.226 | 
     | encrypt_inst_loop[5].er_s_sub_Bytes[64].s/g20915   | C0 ^ -> Y v      | OAI211XL  | 0.086 |   5.462 |  -16.140 | 
     | encrypt_inst_loop[5].er_s_sub_Bytes[64].s/g20901   | C0 v -> Y ^      | AOI221X1  | 0.081 |   5.543 |  -16.059 | 
     | encrypt_inst_loop[5].er_s_sub_Bytes[64].s/g20876   | D ^ -> Y v       | NAND4X1   | 0.041 |   5.584 |  -16.018 | 
     | encrypt_inst_loop[5].er_s_sub_Bytes[64].s/g20865   | C0 v -> Y ^      | AOI211X1  | 0.042 |   5.625 |  -15.977 | 
     | encrypt_inst_loop[5].er_s_sub_Bytes[64].s/g20853   | D ^ -> Y v       | NAND4XL   | 0.039 |   5.664 |  -15.938 | 
     | encrypt_inst_loop[5].er_s_sub_Bytes[64].s/g20847   | C v -> Y ^       | NOR3X1    | 0.056 |   5.720 |  -15.881 | 
     | encrypt_inst_loop[5].er_s_sub_Bytes[64].s/g20842   | D ^ -> Y v       | NAND4X2   | 0.051 |   5.772 |  -15.830 | 
     | g646545                                            | S0 v -> Y ^      | MXI2X1    | 0.074 |   5.846 |  -15.756 | 
     | g646532                                            | A ^ -> Y v       | CLKINVX2  | 0.017 |   5.863 |  -15.739 | 
     | g646501                                            | A v -> Y ^       | MXI2X1    | 0.048 |   5.911 |  -15.691 | 
     | g646482                                            | B ^ -> Y v       | NAND2XL   | 0.033 |   5.944 |  -15.658 | 
     | g646430                                            | B0 v -> Y ^      | OAI21X1   | 0.043 |   5.987 |  -15.615 | 
     | encrypt_inst_loop[6].er_s_sub_Bytes[48].s/FE_OFC32 | A ^ -> Y v       | INVX3     | 0.052 |   6.039 |  -15.563 | 
     | 680_encrypt_inst_states_5__53                      |                  |           |       |         |          | 
     | encrypt_inst_loop[6].er_s_sub_Bytes[48].s/FE_OFC32 | A v -> Y ^       | CLKINVX6  | 0.037 |   6.076 |  -15.526 | 
     | 681_encrypt_inst_states_5__53                      |                  |           |       |         |          | 
     | encrypt_inst_loop[6].er_s_sub_Bytes[48].s/g21327   | A ^ -> Y v       | NOR2X2    | 0.032 |   6.108 |  -15.494 | 
     | encrypt_inst_loop[6].er_s_sub_Bytes[48].s/FE_OFC12 | A v -> Y ^       | INVX2     | 0.050 |   6.158 |  -15.444 | 
     | 248_n_22                                           |                  |           |       |         |          | 
     | encrypt_inst_loop[6].er_s_sub_Bytes[48].s/g21274   | B ^ -> Y v       | NOR2X4    | 0.024 |   6.182 |  -15.420 | 
     | encrypt_inst_loop[6].er_s_sub_Bytes[48].s/g21096   | B v -> Y ^       | NAND2X2   | 0.019 |   6.202 |  -15.400 | 
     | encrypt_inst_loop[6].er_s_sub_Bytes[48].s/FE_OFC24 | A ^ -> Y v       | INVX1     | 0.011 |   6.213 |  -15.389 | 
     | 742_n_261                                          |                  |           |       |         |          | 
     | encrypt_inst_loop[6].er_s_sub_Bytes[48].s/g21046   | B0 v -> Y ^      | AOI21X1   | 0.035 |   6.248 |  -15.354 | 
     | encrypt_inst_loop[6].er_s_sub_Bytes[48].s/FE_OFC22 | A ^ -> Y v       | INVX1     | 0.015 |   6.263 |  -15.339 | 
     | 012_n_316                                          |                  |           |       |         |          | 
     | encrypt_inst_loop[6].er_s_sub_Bytes[48].s/g20927   | A1 v -> Y ^      | AOI221X1  | 0.048 |   6.311 |  -15.291 | 
     | encrypt_inst_loop[6].er_s_sub_Bytes[48].s/g20897   | C0 ^ -> Y v      | OAI221XL  | 0.046 |   6.357 |  -15.245 | 
     | encrypt_inst_loop[6].er_s_sub_Bytes[48].s/g20891   | C0 v -> Y ^      | AOI221X1  | 0.069 |   6.426 |  -15.176 | 
     | encrypt_inst_loop[6].er_s_sub_Bytes[48].s/g20867   | D ^ -> Y v       | NAND4X1   | 0.038 |   6.464 |  -15.138 | 
     | encrypt_inst_loop[6].er_s_sub_Bytes[48].s/g20861   | C0 v -> Y ^      | AOI221X1  | 0.065 |   6.529 |  -15.073 | 
     | encrypt_inst_loop[6].er_s_sub_Bytes[48].s/FE_RC_24 | C ^ -> Y ^       | AND3X1    | 0.057 |   6.586 |  -15.016 | 
     | 015_0                                              |                  |           |       |         |          | 
     | encrypt_inst_loop[6].er_s_sub_Bytes[48].s/FE_RC_24 | A ^ -> Y v       | CLKINVX1  | 0.028 |   6.614 |  -14.988 | 
     | 016_0                                              |                  |           |       |         |          | 
     | encrypt_inst_loop[6].er_s_sub_Bytes[48].s/FE_RC_17 | B v -> Y ^       | NOR2X4    | 0.029 |   6.643 |  -14.959 | 
     | 579_0                                              |                  |           |       |         |          | 
     | encrypt_inst_loop[6].er_s_sub_Bytes[48].s/FE_RC_16 | B ^ -> Y v       | NAND2BX4  | 0.016 |   6.660 |  -14.942 | 
     | 502_0                                              |                  |           |       |         |          | 
     | FE_OFC23703_encrypt_inst_loop_6__er_afterSubBytes_ | A v -> Y ^       | INVX1     | 0.026 |   6.685 |  -14.917 | 
     | 55                                                 |                  |           |       |         |          | 
     | g643522                                            | B ^ -> Y v       | MXI2X2    | 0.072 |   6.757 |  -14.845 | 
     | FE_OFC23814_n_338186                               | A v -> Y ^       | CLKINVX2  | 0.027 |   6.784 |  -14.818 | 
     | g643504                                            | A ^ -> Y v       | MXI2XL    | 0.031 |   6.815 |  -14.787 | 
     | g643462                                            | B v -> Y ^       | NAND2XL   | 0.026 |   6.841 |  -14.761 | 
     | FE_RC_25292_0                                      | B0 ^ -> Y ^      | OA21X1    | 0.049 |   6.890 |  -14.712 | 
     | FE_RC_25293_0                                      | A ^ -> Y v       | CLKINVX2  | 0.014 |   6.904 |  -14.698 | 
     | encrypt_inst_loop[7].er_s_sub_Bytes[88].s/FE_OFC43 | A v -> Y ^       | INVX2     | 0.043 |   6.948 |  -14.654 | 
     | 965_encrypt_inst_states_6__92                      |                  |           |       |         |          | 
     | encrypt_inst_loop[7].er_s_sub_Bytes[88].s/FE_OFC43 | A ^ -> Y ^       | BUFX2     | 0.057 |   7.005 |  -14.597 | 
     | 967_encrypt_inst_states_6__92                      |                  |           |       |         |          | 
     | encrypt_inst_loop[7].er_s_sub_Bytes[88].s/g21298   | B ^ -> Y v       | NOR2X2    | 0.024 |   7.029 |  -14.573 | 
     | encrypt_inst_loop[7].er_s_sub_Bytes[88].s/FE_OFC23 | A v -> Y ^       | CLKINVX2  | 0.039 |   7.067 |  -14.535 | 
     | 724_n_54                                           |                  |           |       |         |          | 
     | encrypt_inst_loop[7].er_s_sub_Bytes[88].s/g21277   | A ^ -> Y v       | NOR2X2    | 0.032 |   7.099 |  -14.503 | 
     | encrypt_inst_loop[7].er_s_sub_Bytes[88].s/g21140   | A v -> Y ^       | NOR2X1    | 0.037 |   7.136 |  -14.466 | 
     | encrypt_inst_loop[7].er_s_sub_Bytes[88].s/g20986   | B0 ^ -> Y v      | OAI32XL   | 0.032 |   7.168 |  -14.434 | 
     | encrypt_inst_loop[7].er_s_sub_Bytes[88].s/g20948   | C0 v -> Y ^      | AOI221XL  | 0.071 |   7.239 |  -14.363 | 
     | encrypt_inst_loop[7].er_s_sub_Bytes[88].s/g20906   | C0 ^ -> Y v      | OAI221XL  | 0.061 |   7.300 |  -14.302 | 
     | encrypt_inst_loop[7].er_s_sub_Bytes[88].s/g20882   | C v -> Y ^       | NOR3XL    | 0.056 |   7.357 |  -14.245 | 
     | encrypt_inst_loop[7].er_s_sub_Bytes[88].s/g20877   | C0 ^ -> Y v      | OAI221XL  | 0.052 |   7.409 |  -14.193 | 
     | encrypt_inst_loop[7].er_s_sub_Bytes[88].s/g20869   | C0 v -> Y ^      | AOI221X1  | 0.058 |   7.467 |  -14.135 | 
     | encrypt_inst_loop[7].er_s_sub_Bytes[88].s/g20854   | C ^ -> Y v       | NAND4X1   | 0.041 |   7.508 |  -14.094 | 
     | encrypt_inst_loop[7].er_s_sub_Bytes[88].s/g20848   | C v -> Y ^       | NOR3X1    | 0.055 |   7.563 |  -14.039 | 
     | encrypt_inst_loop[7].er_s_sub_Bytes[88].s/g20843   | D ^ -> Y v       | NAND4X2   | 0.070 |   7.633 |  -13.969 | 
     | FE_RC_248_0                                        | A0 v -> Y ^      | AOI22X2   | 0.063 |   7.696 |  -13.906 | 
     | g647454                                            | S0 ^ -> Y ^      | MXI2XL    | 0.094 |   7.790 |  -13.812 | 
     | g647448                                            | B ^ -> Y v       | NAND2XL   | 0.043 |   7.833 |  -13.769 | 
     | g647398                                            | B0 v -> Y ^      | OAI21X1   | 0.054 |   7.887 |  -13.715 | 
     | encrypt_inst_loop[8].er_s_sub_Bytes[72].s/FE_OFC37 | A ^ -> Y v       | INVX3     | 0.044 |   7.932 |  -13.670 | 
     | 980_encrypt_inst_states_7__75                      |                  |           |       |         |          | 
     | encrypt_inst_loop[8].er_s_sub_Bytes[72].s/FE_OFC37 | A v -> Y ^       | INVX1     | 0.101 |   8.032 |  -13.570 | 
     | 981_encrypt_inst_states_7__75                      |                  |           |       |         |          | 
     | encrypt_inst_loop[8].er_s_sub_Bytes[72].s/g21319   | B ^ -> Y v       | NOR2X1    | 0.055 |   8.087 |  -13.515 | 
     | encrypt_inst_loop[8].er_s_sub_Bytes[72].s/g21149   | A v -> Y ^       | NAND2X1   | 0.055 |   8.143 |  -13.459 | 
     | encrypt_inst_loop[8].er_s_sub_Bytes[72].s/g21026   | B ^ -> Y v       | NOR2XL    | 0.014 |   8.157 |  -13.445 | 
     | encrypt_inst_loop[8].er_s_sub_Bytes[72].s/g20988   | B0 v -> Y ^      | AOI21XL   | 0.032 |   8.189 |  -13.413 | 
     | encrypt_inst_loop[8].er_s_sub_Bytes[72].s/g20946   | C0 ^ -> Y v      | OAI221XL  | 0.042 |   8.231 |  -13.371 | 
     | encrypt_inst_loop[8].er_s_sub_Bytes[72].s/g20919   | C0 v -> Y ^      | AOI211XL  | 0.058 |   8.289 |  -13.313 | 
     | encrypt_inst_loop[8].er_s_sub_Bytes[72].s/g20908   | C0 ^ -> Y v      | OAI221XL  | 0.045 |   8.333 |  -13.269 | 
     | encrypt_inst_loop[8].er_s_sub_Bytes[72].s/g20889   | B v -> Y ^       | NOR2XL    | 0.048 |   8.381 |  -13.221 | 
     | encrypt_inst_loop[8].er_s_sub_Bytes[72].s/g20886   | C0 ^ -> Y v      | OAI221X1  | 0.034 |   8.415 |  -13.187 | 
     | encrypt_inst_loop[8].er_s_sub_Bytes[72].s/g20873   | C0 v -> Y ^      | AOI221X1  | 0.045 |   8.461 |  -13.141 | 
     | encrypt_inst_loop[8].er_s_sub_Bytes[72].s/g20860   | D ^ -> Y v       | NAND4XL   | 0.043 |   8.504 |  -13.098 | 
     | encrypt_inst_loop[8].er_s_sub_Bytes[72].s/g20857   | B v -> Y ^       | NOR2XL    | 0.050 |   8.553 |  -13.049 | 
     | encrypt_inst_loop[8].er_s_sub_Bytes[72].s/g20856   | A ^ -> Y v       | NAND2X1   | 0.060 |   8.613 |  -12.989 | 
     | FE_RC_23289_0                                      | S0 v -> Y ^      | CLKMX2X3  | 0.084 |   8.697 |  -12.905 | 
     | FE_RC_23290_0                                      | A ^ -> Y v       | CLKINVX3  | 0.017 |   8.715 |  -12.887 | 
     | g648098                                            | S0 v -> Y v      | MXI2X1    | 0.068 |   8.783 |  -12.819 | 
     | g648073                                            | A v -> Y ^       | NAND2XL   | 0.072 |   8.856 |  -12.746 | 
     | FE_RC_16166_0                                      | B ^ -> Y v       | NAND2X2   | 0.049 |   8.904 |  -12.698 | 
     | encrypt_inst_loop[9].er_s_sub_Bytes[24].s/FE_OFC31 | A v -> Y ^       | CLKINVX4  | 0.050 |   8.955 |  -12.647 | 
     | 532_encrypt_inst_states_8__28                      |                  |           |       |         |          | 
     | encrypt_inst_loop[9].er_s_sub_Bytes[24].s/g21323   | B ^ -> Y v       | NOR2X1    | 0.064 |   9.019 |  -12.583 | 
     | encrypt_inst_loop[9].er_s_sub_Bytes[24].s/g21278   | B v -> Y ^       | NAND2X1   | 0.048 |   9.066 |  -12.536 | 
     | encrypt_inst_loop[9].er_s_sub_Bytes[24].s/FE_OFC21 | A ^ -> Y v       | CLKINVX2  | 0.031 |   9.097 |  -12.505 | 
     | 298_n_67                                           |                  |           |       |         |          | 
     | encrypt_inst_loop[9].er_s_sub_Bytes[24].s/g21140   | B v -> Y ^       | NOR2X1    | 0.034 |   9.131 |  -12.471 | 
     | encrypt_inst_loop[9].er_s_sub_Bytes[24].s/g20986   | B0 ^ -> Y v      | OAI32XL   | 0.028 |   9.159 |  -12.443 | 
     | encrypt_inst_loop[9].er_s_sub_Bytes[24].s/g20948   | C0 v -> Y ^      | AOI221XL  | 0.075 |   9.234 |  -12.368 | 
     | encrypt_inst_loop[9].er_s_sub_Bytes[24].s/g20906   | C0 ^ -> Y v      | OAI221X1  | 0.050 |   9.284 |  -12.318 | 
     | encrypt_inst_loop[9].er_s_sub_Bytes[24].s/g20882   | C v -> Y ^       | NOR3X1    | 0.047 |   9.330 |  -12.272 | 
     | encrypt_inst_loop[9].er_s_sub_Bytes[24].s/g20877   | C0 ^ -> Y v      | OAI221XL  | 0.039 |   9.370 |  -12.232 | 
     | encrypt_inst_loop[9].er_s_sub_Bytes[24].s/g20869   | C0 v -> Y ^      | AOI221XL  | 0.069 |   9.438 |  -12.164 | 
     | encrypt_inst_loop[9].er_s_sub_Bytes[24].s/g20854   | C ^ -> Y v       | NAND4XL   | 0.050 |   9.489 |  -12.113 | 
     | encrypt_inst_loop[9].er_s_sub_Bytes[24].s/g20848   | C v -> Y ^       | NOR3X1    | 0.057 |   9.546 |  -12.056 | 
     | encrypt_inst_loop[9].er_s_sub_Bytes[24].s/g20843   | D ^ -> Y v       | NAND4X2   | 0.047 |   9.593 |  -12.009 | 
     | g648513                                            | A v -> Y ^       | CLKXOR2X1 | 0.086 |   9.679 |  -11.923 | 
     | g648454                                            | A ^ -> Y v       | INVX1     | 0.018 |   9.697 |  -11.905 | 
     | g648443                                            | B v -> Y ^       | MXI2XL    | 0.066 |   9.763 |  -11.839 | 
     | g648367                                            | A0 ^ -> Y v      | OAI21XL   | 0.047 |   9.810 |  -11.792 | 
     | encrypt_inst_sb_sub_Bytes[24].s/FE_OFC17414_encryp | A v -> Y ^       | INVX2     | 0.053 |   9.863 |  -11.739 | 
     | t_inst_states_9__28                                |                  |           |       |         |          | 
     | encrypt_inst_sb_sub_Bytes[24].s/g21309             | B ^ -> Y v       | NOR2X1    | 0.041 |   9.904 |  -11.698 | 
     | encrypt_inst_sb_sub_Bytes[24].s/g21294             | A v -> Y ^       | CLKINVX1  | 0.055 |   9.959 |  -11.643 | 
     | encrypt_inst_sb_sub_Bytes[24].s/g21284             | A ^ -> Y v       | NOR2X2    | 0.038 |   9.997 |  -11.605 | 
     | encrypt_inst_sb_sub_Bytes[24].s/FE_OFC11897_n_74   | A v -> Y ^       | INVX1     | 0.039 |  10.036 |  -11.566 | 
     | encrypt_inst_sb_sub_Bytes[24].s/g21097             | B ^ -> Y v       | NOR2XL    | 0.047 |  10.083 |  -11.519 | 
     | encrypt_inst_sb_sub_Bytes[24].s/g21049             | B0 v -> Y ^      | AOI21X1   | 0.083 |  10.166 |  -11.436 | 
     | encrypt_inst_sb_sub_Bytes[24].s/FE_OFC28153_n_325  | A ^ -> Y v       | INVX1     | 0.009 |  10.175 |  -11.427 | 
     | encrypt_inst_sb_sub_Bytes[24].s/g20930             | A1 v -> Y ^      | AOI221XL  | 0.153 |  10.328 |  -11.274 | 
     | encrypt_inst_sb_sub_Bytes[24].s/g20904             | C0 ^ -> Y v      | OAI221XL  | 0.047 |  10.375 |  -11.227 | 
     | encrypt_inst_sb_sub_Bytes[24].s/g20891             | C0 v -> Y ^      | AOI221XL  | 0.062 |  10.438 |  -11.164 | 
     | encrypt_inst_sb_sub_Bytes[24].s/g20870             | D ^ -> Y v       | NAND4XL   | 0.085 |  10.523 |  -11.079 | 
     | encrypt_inst_sb_sub_Bytes[24].s/g20864             | C0 v -> Y ^      | AOI221XL  | 0.126 |  10.649 |  -10.953 | 
     | encrypt_inst_sb_sub_Bytes[24].s/g20859             | D ^ -> Y v       | NAND4XL   | 0.057 |  10.706 |  -10.896 | 
     | encrypt_inst_sb_sub_Bytes[24].s/g20851             | C v -> Y ^       | NOR3XL    | 0.115 |  10.821 |  -10.781 | 
     | encrypt_inst_sb_sub_Bytes[24].s/g20844             | D ^ -> Y v       | NAND4XL   | 0.098 |  10.920 |  -10.682 | 
     | encrypt_inst_sb_sub_Bytes[24].s/g20841             | D v -> Y v       | OR4X6     | 0.117 |  11.036 |  -10.566 | 
     | g622566                                            | A v -> Y ^       | NOR2X2    | 0.032 |  11.068 |  -10.534 | 
     | g622562                                            | B0 ^ -> Y v      | AOI21X2   | 0.017 |  11.085 |  -10.517 | 
     | g622538                                            | S0 v -> Y ^      | CLKMX2X3  | 0.084 |  11.170 |  -10.432 | 
     | decrypt_inst_loop[1].dr_s_sub_Bytes[24].s/FE_OFC23 | A ^ -> Y ^       | BUFX6     | 0.056 |  11.225 |  -10.376 | 
     | 173_decrypt_inst_states_0__31                      |                  |           |       |         |          | 
     | decrypt_inst_loop[1].dr_s_sub_Bytes[24].s/g22103   | A ^ -> Y v       | NOR2X6    | 0.024 |  11.249 |  -10.352 | 
     | decrypt_inst_loop[1].dr_s_sub_Bytes[24].s/FE_OFC41 | A v -> Y v       | BUFX6     | 0.047 |  11.297 |  -10.305 | 
     | 175_n_23                                           |                  |           |       |         |          | 
     | decrypt_inst_loop[1].dr_s_sub_Bytes[24].s/g22064   | A v -> Y ^       | NAND2X2   | 0.025 |  11.321 |  -10.281 | 
     | decrypt_inst_loop[1].dr_s_sub_Bytes[24].s/FE_OFC25 | A ^ -> Y v       | CLKINVX2  | 0.027 |  11.348 |  -10.253 | 
     | 511_n_63                                           |                  |           |       |         |          | 
     | decrypt_inst_loop[1].dr_s_sub_Bytes[24].s/FE_OFC25 | A v -> Y ^       | CLKINVX2  | 0.022 |  11.371 |  -10.231 | 
     | 512_n_63                                           |                  |           |       |         |          | 
     | decrypt_inst_loop[1].dr_s_sub_Bytes[24].s/g21771   | B0 ^ -> Y v      | OAI22X2   | 0.022 |  11.392 |  -10.209 | 
     | decrypt_inst_loop[1].dr_s_sub_Bytes[24].s/g21705   | A1 v -> Y ^      | AOI222X1  | 0.084 |  11.476 |  -10.126 | 
     | decrypt_inst_loop[1].dr_s_sub_Bytes[24].s/g21691   | A ^ -> Y v       | NAND4X1   | 0.046 |  11.522 |  -10.080 | 
     | decrypt_inst_loop[1].dr_s_sub_Bytes[24].s/FE_RC_14 | B v -> Y ^       | NOR2X1    | 0.048 |  11.570 |  -10.032 | 
     | 296_0                                              |                  |           |       |         |          | 
     | decrypt_inst_loop[1].dr_s_sub_Bytes[24].s/FE_RC_66 | C ^ -> Y v       | NAND3X2   | 0.026 |  11.596 |  -10.006 | 
     | 20_0                                               |                  |           |       |         |          | 
     | decrypt_inst_loop[1].dr_s_sub_Bytes[24].s/FE_RC_83 | B v -> Y ^       | NOR2X2    | 0.036 |  11.632 |   -9.970 | 
     | 80_0                                               |                  |           |       |         |          | 
     | decrypt_inst_loop[1].dr_s_sub_Bytes[24].s/FE_RC_14 | C ^ -> Y v       | NAND3X2   | 0.023 |  11.655 |   -9.947 | 
     | 069_0                                              |                  |           |       |         |          | 
     | decrypt_inst_loop[1].dr_s_sub_Bytes[24].s/FE_RC_69 | A v -> Y ^       | CLKINVX2  | 0.027 |  11.682 |   -9.919 | 
     | 99_0                                               |                  |           |       |         |          | 
     | decrypt_inst_loop[1].dr_s_sub_Bytes[24].s/FE_RC_11 | B ^ -> Y v       | NAND2X4   | 0.024 |  11.707 |   -9.895 | 
     | 048_0                                              |                  |           |       |         |          | 
     | FE_RC_12624_0                                      | B v -> Y ^       | NAND2X2   | 0.029 |  11.735 |   -9.866 | 
     | FE_RC_12622_0                                      | B0 ^ -> Y v      | OAI21X4   | 0.027 |  11.762 |   -9.840 | 
     | g19428                                             | A v -> Y ^       | CLKINVX4  | 0.023 |  11.786 |   -9.816 | 
     | FE_RC_8407_0                                       | A ^ -> Y v       | NAND2X4   | 0.015 |  11.801 |   -9.801 | 
     | FE_RC_8404_0                                       | B0 v -> Y ^      | OAI21X4   | 0.023 |  11.824 |   -9.778 | 
     | FE_RC_8405_0                                       | A ^ -> Y v       | CLKINVX6  | 0.015 |  11.839 |   -9.763 | 
     | FE_RC_2516_0                                       | A v -> Y ^       | CLKINVX3  | 0.018 |  11.856 |   -9.746 | 
     | FE_RC_2515_0                                       | B ^ -> Y v       | NOR2X4    | 0.010 |  11.867 |   -9.735 | 
     | FE_RC_2514_0                                       | B0 v -> Y ^      | AOI21X4   | 0.034 |  11.901 |   -9.701 | 
     | g18880                                             | S0 ^ -> Y ^      | MXI2X1    | 0.042 |  11.943 |   -9.659 | 
     | FE_OCPC50132_n_353075                              | A ^ -> Y ^       | BUFX3     | 0.041 |  11.984 |   -9.618 | 
     | g18728                                             | B ^ -> Y v       | NAND2X1   | 0.023 |  12.006 |   -9.596 | 
     | g18637                                             | B0 v -> Y ^      | OAI21X2   | 0.032 |  12.038 |   -9.564 | 
     | decrypt_inst_loop[2].dr_s_sub_Bytes[24].s/FE_OFC35 | A ^ -> Y ^       | BUFX8     | 0.053 |  12.091 |   -9.511 | 
     | 357_decrypt_inst_states_1__30                      |                  |           |       |         |          | 
     | decrypt_inst_loop[2].dr_s_sub_Bytes[24].s/FE_OFC35 | A ^ -> Y v       | CLKINVX8  | 0.028 |  12.119 |   -9.483 | 
     | 358_decrypt_inst_states_1__30                      |                  |           |       |         |          | 
     | decrypt_inst_loop[2].dr_s_sub_Bytes[24].s/g22081   | B v -> Y ^       | NOR2X8    | 0.047 |  12.165 |   -9.436 | 
     | decrypt_inst_loop[2].dr_s_sub_Bytes[24].s/g21973   | B ^ -> Y v       | NAND2X1   | 0.116 |  12.282 |   -9.320 | 
     | decrypt_inst_loop[2].dr_s_sub_Bytes[24].s/g21765   | A0 v -> Y ^      | AOI211XL  | 0.294 |  12.576 |   -9.026 | 
     | decrypt_inst_loop[2].dr_s_sub_Bytes[24].s/g21734   | B0 ^ -> Y v      | AOI2BB1XL | 0.074 |  12.649 |   -8.952 | 
     | decrypt_inst_loop[2].dr_s_sub_Bytes[24].s/FE_RC_27 | A v -> Y v       | CLKAND2X2 | 0.105 |  12.754 |   -8.848 | 
     | 106_0                                              |                  |           |       |         |          | 
     | decrypt_inst_loop[2].dr_s_sub_Bytes[24].s/FE_RC_27 | B v -> Y ^       | NAND2X8   | 0.019 |  12.773 |   -8.829 | 
     | 105_0                                              |                  |           |       |         |          | 
     | decrypt_inst_loop[2].dr_s_sub_Bytes[24].s/g2       | C ^ -> Y v       | NOR3BX2   | 0.022 |  12.794 |   -8.808 | 
     | decrypt_inst_loop[2].dr_s_sub_Bytes[24].s/FE_RC_82 | C v -> Y ^       | NAND3X2   | 0.029 |  12.824 |   -8.778 | 
     | 28_0                                               |                  |           |       |         |          | 
     | decrypt_inst_loop[2].dr_s_sub_Bytes[24].s/FE_RC_67 | C ^ -> Y v       | NOR3X2    | 0.024 |  12.848 |   -8.754 | 
     | 52_0                                               |                  |           |       |         |          | 
     | decrypt_inst_loop[2].dr_s_sub_Bytes[24].s/FE_RC_17 | B v -> Y ^       | NAND2X4   | 0.030 |  12.878 |   -8.724 | 
     | 835_0                                              |                  |           |       |         |          | 
     | g18333                                             | B ^ -> Y v       | XOR2X4    | 0.096 |  12.975 |   -8.627 | 
     | FE_RC_5521_0                                       | A v -> Y ^       | NAND2X4   | 0.025 |  12.999 |   -8.603 | 
     | FE_RC_6740_0                                       | B0 ^ -> Y v      | OAI21X2   | 0.028 |  13.027 |   -8.575 | 
     | FE_OFC39452_n_354535                               | A v -> Y ^       | CLKINVX3  | 0.029 |  13.056 |   -8.546 | 
     | FE_OFC39453_n_354535                               | A ^ -> Y v       | CLKINVX2  | 0.010 |  13.067 |   -8.535 | 
     | FE_RC_206_0                                        | B v -> Y ^       | NAND2BX2  | 0.017 |  13.083 |   -8.519 | 
     | FE_RC_205_0                                        | B ^ -> Y ^       | AND2X6    | 0.047 |  13.130 |   -8.472 | 
     | FE_RC_105_0                                        | AN ^ -> Y ^      | NOR2BX4   | 0.060 |  13.190 |   -8.412 | 
     | FE_RC_104_0                                        | B0 ^ -> Y v      | AOI21X4   | 0.014 |  13.205 |   -8.397 | 
     | FE_OCPC50637_n_354581                              | A v -> Y v       | BUFX3     | 0.034 |  13.239 |   -8.363 | 
     | g17284                                             | A v -> Y ^       | MXI2X1    | 0.050 |  13.288 |   -8.314 | 
     | g17185                                             | B ^ -> Y v       | NAND2X1   | 0.025 |  13.313 |   -8.289 | 
     | g17164                                             | B0 v -> Y ^      | OAI21X2   | 0.037 |  13.351 |   -8.251 | 
     | decrypt_inst_loop[3].dr_s_sub_Bytes[112].s/FE_OFC4 | A ^ -> Y v       | CLKINVX6  | 0.035 |  13.386 |   -8.216 | 
     | 4044_decrypt_inst_states_2__21                     |                  |           |       |         |          | 
     | decrypt_inst_loop[3].dr_s_sub_Bytes[112].s/FE_OCPC | A v -> Y v       | BUFX2     | 0.085 |  13.470 |   -8.132 | 
     | 46180_n_7                                          |                  |           |       |         |          | 
     | decrypt_inst_loop[3].dr_s_sub_Bytes[112].s/g21981  | A v -> Y ^       | NAND2XL   | 0.076 |  13.547 |   -8.055 | 
     | decrypt_inst_loop[3].dr_s_sub_Bytes[112].s/g21942  | A ^ -> Y v       | INVX1     | 0.033 |  13.579 |   -8.023 | 
     | decrypt_inst_loop[3].dr_s_sub_Bytes[112].s/g21932  | B v -> Y ^       | NAND2X1   | 0.054 |  13.633 |   -7.969 | 
     | decrypt_inst_loop[3].dr_s_sub_Bytes[112].s/FE_RC_2 | B ^ -> Y v       | NOR2BX2   | 0.011 |  13.644 |   -7.958 | 
     | 6125_0                                             |                  |           |       |         |          | 
     | decrypt_inst_loop[3].dr_s_sub_Bytes[112].s/FE_RC_2 | C v -> Y ^       | NOR3BX2   | 0.043 |  13.688 |   -7.914 | 
     | 6120_0                                             |                  |           |       |         |          | 
     | decrypt_inst_loop[3].dr_s_sub_Bytes[112].s/FE_RC_2 | D ^ -> Y v       | NAND4X2   | 0.042 |  13.729 |   -7.873 | 
     | 6119_0                                             |                  |           |       |         |          | 
     | decrypt_inst_loop[3].dr_s_sub_Bytes[112].s/FE_RC_2 | B v -> Y ^       | NOR2BX2   | 0.042 |  13.771 |   -7.831 | 
     | 6118_0                                             |                  |           |       |         |          | 
     | decrypt_inst_loop[3].dr_s_sub_Bytes[112].s/FE_RC_1 | B ^ -> Y v       | NAND2X2   | 0.032 |  13.803 |   -7.799 | 
     | 0461_0                                             |                  |           |       |         |          | 
     | decrypt_inst_loop[3].dr_s_sub_Bytes[112].s/FE_RC_1 | B v -> Y ^       | NOR2X2    | 0.039 |  13.842 |   -7.760 | 
     | 9748_0                                             |                  |           |       |         |          | 
     | decrypt_inst_loop[3].dr_s_sub_Bytes[112].s/FE_RC_4 | B ^ -> Y v       | NAND2X2   | 0.030 |  13.872 |   -7.730 | 
     | 020_0                                              |                  |           |       |         |          | 
     | decrypt_inst_loop[3].dr_s_sub_Bytes[112].s/FE_RC_9 | B v -> Y ^       | NOR2BX4   | 0.034 |  13.906 |   -7.696 | 
     | 468_0                                              |                  |           |       |         |          | 
     | decrypt_inst_loop[3].dr_s_sub_Bytes[112].s/FE_RC_6 | C ^ -> Y v       | NAND3BX4  | 0.026 |  13.931 |   -7.671 | 
     | 066_0                                              |                  |           |       |         |          | 
     | decrypt_inst_loop[3].dr_s_sub_Bytes[112].s/FE_RC_2 | B v -> Y ^       | NOR2X4    | 0.026 |  13.957 |   -7.645 | 
     | 5737_0                                             |                  |           |       |         |          | 
     | decrypt_inst_loop[3].dr_s_sub_Bytes[112].s/FE_RC_1 | A ^ -> Y v       | CLKINVX4  | 0.021 |  13.978 |   -7.624 | 
     | 2276_0                                             |                  |           |       |         |          | 
     | g16946                                             | B v -> Y ^       | CLKXOR2X2 | 0.085 |  14.062 |   -7.540 | 
     | FE_RC_1583_0                                       | A ^ -> Y v       | INVX2     | 0.019 |  14.081 |   -7.521 | 
     | FE_RC_4303_0                                       | A0 v -> Y ^      | AOI22X4   | 0.042 |  14.123 |   -7.479 | 
     | g16637                                             | A ^ -> Y v       | CLKINVX2  | 0.013 |  14.136 |   -7.466 | 
     | FE_RC_24583_0                                      | A v -> Y v       | CLKMX2X3  | 0.058 |  14.194 |   -7.408 | 
     | FE_RC_24584_0                                      | A v -> Y ^       | CLKINVX4  | 0.022 |  14.216 |   -7.386 | 
     | g16363                                             | S0 ^ -> Y ^      | MXI2X1    | 0.050 |  14.266 |   -7.336 | 
     | FE_OFC17714_n_354755                               | A ^ -> Y v       | CLKINVX2  | 0.031 |  14.297 |   -7.305 | 
     | FE_OFC17716_n_354755                               | A v -> Y ^       | CLKINVX2  | 0.019 |  14.316 |   -7.286 | 
     | g16192                                             | A ^ -> Y v       | MXI2XL    | 0.038 |  14.354 |   -7.248 | 
     | g16083                                             | B v -> Y ^       | NAND2XL   | 0.033 |  14.387 |   -7.215 | 
     | g16019                                             | B0 ^ -> Y v      | OAI21X1   | 0.027 |  14.414 |   -7.188 | 
     | decrypt_inst_loop[4].dr_s_sub_Bytes[80].s/FE_OFC41 | A v -> Y v       | BUFX8     | 0.065 |  14.478 |   -7.124 | 
     | 772_decrypt_inst_states_3__117                     |                  |           |       |         |          | 
     | decrypt_inst_loop[4].dr_s_sub_Bytes[80].s/FE_OFC41 | A v -> Y ^       | CLKINVX8  | 0.045 |  14.523 |   -7.079 | 
     | 773_decrypt_inst_states_3__117                     |                  |           |       |         |          | 
     | decrypt_inst_loop[4].dr_s_sub_Bytes[80].s/g22080   | B ^ -> Y v       | NOR2X4    | 0.028 |  14.551 |   -7.051 | 
     | decrypt_inst_loop[4].dr_s_sub_Bytes[80].s/g22056   | A v -> Y ^       | NAND2X2   | 0.045 |  14.596 |   -7.006 | 
     | decrypt_inst_loop[4].dr_s_sub_Bytes[80].s/g22016   | A ^ -> Y v       | CLKINVX2  | 0.042 |  14.638 |   -6.964 | 
     | decrypt_inst_loop[4].dr_s_sub_Bytes[80].s/g21797   | A0 v -> Y ^      | AOI32XL   | 0.420 |  15.058 |   -6.544 | 
     | decrypt_inst_loop[4].dr_s_sub_Bytes[80].s/g21655   | B ^ -> Y v       | NAND4X1   | 0.276 |  15.334 |   -6.268 | 
     | decrypt_inst_loop[4].dr_s_sub_Bytes[80].s/FE_RC_12 | B v -> Y ^       | NOR2X1    | 0.168 |  15.502 |   -6.100 | 
     | 461_0                                              |                  |           |       |         |          | 
     | decrypt_inst_loop[4].dr_s_sub_Bytes[80].s/FE_RC_12 | AN ^ -> Y ^      | NOR3BX2   | 0.071 |  15.573 |   -6.029 | 
     | 460_0                                              |                  |           |       |         |          | 
     | decrypt_inst_loop[4].dr_s_sub_Bytes[80].s/FE_RC_20 | B ^ -> Y v       | NAND2BX2  | 0.031 |  15.605 |   -5.997 | 
     | 233_0                                              |                  |           |       |         |          | 
     | g15817                                             | B v -> Y ^       | CLKXOR2X2 | 0.072 |  15.677 |   -5.925 | 
     | FE_RC_25391_0                                      | A ^ -> Y v       | XNOR2X4   | 0.086 |  15.763 |   -5.839 | 
     | FE_OFC21256_n_357048                               | A v -> Y ^       | CLKINVX3  | 0.024 |  15.787 |   -5.815 | 
     | g15370                                             | B ^ -> Y v       | MXI2X2    | 0.069 |  15.856 |   -5.746 | 
     | g15311                                             | A v -> Y ^       | CLKINVX2  | 0.023 |  15.878 |   -5.724 | 
     | g15215                                             | A ^ -> Y v       | MXI2X1    | 0.033 |  15.911 |   -5.691 | 
     | g15130                                             | A v -> Y ^       | NAND2XL   | 0.042 |  15.953 |   -5.649 | 
     | g15013                                             | B0 ^ -> Y v      | OAI21X1   | 0.041 |  15.994 |   -5.608 | 
     | decrypt_inst_loop[5].dr_s_sub_Bytes[48].s/FE_OFC17 | A v -> Y ^       | CLKINVX4  | 0.071 |  16.065 |   -5.537 | 
     | 808_decrypt_inst_states_4__87                      |                  |           |       |         |          | 
     | decrypt_inst_loop[5].dr_s_sub_Bytes[48].s/g22099   | A ^ -> Y v       | NOR2X8    | 0.028 |  16.092 |   -5.510 | 
     | decrypt_inst_loop[5].dr_s_sub_Bytes[48].s/FE_OFC19 | A v -> Y ^       | CLKINVX3  | 0.031 |  16.123 |   -5.479 | 
     | 198_n_28                                           |                  |           |       |         |          | 
     | decrypt_inst_loop[5].dr_s_sub_Bytes[48].s/g21998   | B ^ -> Y v       | NOR2X4    | 0.022 |  16.145 |   -5.457 | 
     | decrypt_inst_loop[5].dr_s_sub_Bytes[48].s/g21900   | B v -> Y ^       | NAND2X1   | 0.031 |  16.176 |   -5.426 | 
     | decrypt_inst_loop[5].dr_s_sub_Bytes[48].s/g21871   | A ^ -> Y v       | CLKINVX2  | 0.023 |  16.199 |   -5.403 | 
     | decrypt_inst_loop[5].dr_s_sub_Bytes[48].s/g21791   | B0 v -> Y ^      | AOI32X1   | 0.036 |  16.235 |   -5.367 | 
     | decrypt_inst_loop[5].dr_s_sub_Bytes[48].s/g21725   | C0 ^ -> Y v      | OAI211X1  | 0.038 |  16.273 |   -5.329 | 
     | decrypt_inst_loop[5].dr_s_sub_Bytes[48].s/g21677   | B0 v -> Y ^      | AOI211X1  | 0.063 |  16.336 |   -5.266 | 
     | decrypt_inst_loop[5].dr_s_sub_Bytes[48].s/FE_RC_88 | A ^ -> Y v       | NAND2X1   | 0.034 |  16.370 |   -5.232 | 
     | 37_0                                               |                  |           |       |         |          | 
     | decrypt_inst_loop[5].dr_s_sub_Bytes[48].s/g21659   | C0 v -> Y ^      | AOI221X2  | 0.045 |  16.415 |   -5.187 | 
     | decrypt_inst_loop[5].dr_s_sub_Bytes[48].s/g21652   | D ^ -> Y v       | NAND4X2   | 0.030 |  16.445 |   -5.157 | 
     | decrypt_inst_loop[5].dr_s_sub_Bytes[48].s/g21645   | C0 v -> Y ^      | AOI221X2  | 0.037 |  16.482 |   -5.120 | 
     | decrypt_inst_loop[5].dr_s_sub_Bytes[48].s/g22117   | BN ^ -> Y ^      | NOR4BBX2  | 0.074 |  16.556 |   -5.046 | 
     | decrypt_inst_loop[5].dr_s_sub_Bytes[48].s/g21631   | D ^ -> Y v       | NAND4X2   | 0.026 |  16.582 |   -5.020 | 
     | g14508                                             | B v -> Y ^       | CLKXOR2X2 | 0.108 |  16.690 |   -4.912 | 
     | FE_RC_26893_0                                      | A ^ -> Y v       | INVX3     | 0.015 |  16.705 |   -4.897 | 
     | FE_RC_26892_0                                      | B0 v -> Y ^      | AOI22X4   | 0.037 |  16.742 |   -4.860 | 
     | FE_OFC22014_n_357794                               | A ^ -> Y v       | CLKINVX2  | 0.010 |  16.752 |   -4.850 | 
     | g14122                                             | A v -> Y ^       | MXI2X1    | 0.065 |  16.817 |   -4.785 | 
     | g14065                                             | A ^ -> Y v       | CLKINVX2  | 0.026 |  16.843 |   -4.759 | 
     | g13698                                             | S0 v -> Y v      | MXI2X1    | 0.045 |  16.888 |   -4.714 | 
     | FE_RC_23749_0                                      | B v -> Y ^       | CLKXOR2X1 | 0.049 |  16.937 |   -4.665 | 
     | FE_RC_26659_0                                      | B ^ -> Y v       | XNOR2X2   | 0.061 |  16.998 |   -4.604 | 
     | decrypt_inst_loop[6].dr_s_sub_Bytes[16].s/FE_OFC44 | A v -> Y ^       | CLKINVX6  | 0.050 |  17.048 |   -4.554 | 
     | 010_decrypt_inst_states_5__51                      |                  |           |       |         |          | 
     | decrypt_inst_loop[6].dr_s_sub_Bytes[16].s/FE_OFC44 | A ^ -> Y v       | CLKINVX2  | 0.051 |  17.099 |   -4.503 | 
     | 011_decrypt_inst_states_5__51                      |                  |           |       |         |          | 
     | decrypt_inst_loop[6].dr_s_sub_Bytes[16].s/g22098   | B v -> Y ^       | NAND2XL   | 0.180 |  17.279 |   -4.323 | 
     | decrypt_inst_loop[6].dr_s_sub_Bytes[16].s/FE_RC_22 | B0 ^ -> Y v      | AOI2BB1X1 | 0.014 |  17.294 |   -4.308 | 
     | 496_0                                              |                  |           |       |         |          | 
     | decrypt_inst_loop[6].dr_s_sub_Bytes[16].s/g21776   | B0 v -> Y ^      | AOI21X2   | 0.051 |  17.345 |   -4.257 | 
     | decrypt_inst_loop[6].dr_s_sub_Bytes[16].s/g21679   | D ^ -> Y v       | NAND4X2   | 0.049 |  17.394 |   -4.208 | 
     | decrypt_inst_loop[6].dr_s_sub_Bytes[16].s/g2       | C v -> Y ^       | NOR3BX2   | 0.068 |  17.462 |   -4.140 | 
     | decrypt_inst_loop[6].dr_s_sub_Bytes[16].s/g21647   | D ^ -> Y v       | NAND4X2   | 0.047 |  17.510 |   -4.092 | 
     | decrypt_inst_loop[6].dr_s_sub_Bytes[16].s/g21642   | D v -> Y ^       | NOR4X4    | 0.043 |  17.553 |   -4.049 | 
     | decrypt_inst_loop[6].dr_s_sub_Bytes[16].s/g21635   | A ^ -> Y v       | NAND3X2   | 0.042 |  17.595 |   -4.007 | 
     | g13269                                             | B v -> Y ^       | XNOR2X4   | 0.084 |  17.680 |   -3.922 | 
     | g13142                                             | B ^ -> Y v       | XOR2X4    | 0.080 |  17.760 |   -3.842 | 
     | FE_RC_7028_0                                       | B v -> Y ^       | NAND2BX1  | 0.032 |  17.792 |   -3.810 | 
     | FE_RC_7025_0                                       | A ^ -> Y v       | NAND2X2   | 0.023 |  17.814 |   -3.788 | 
     | FE_RC_7026_0                                       | A v -> Y ^       | CLKINVX4  | 0.029 |  17.843 |   -3.759 | 
     | FE_RC_1096_0                                       | A ^ -> Y v       | CLKINVX4  | 0.010 |  17.853 |   -3.749 | 
     | FE_RC_5510_0                                       | B1 v -> Y ^      | AOI22X4   | 0.048 |  17.901 |   -3.701 | 
     | FE_RC_1800_0                                       | A1 ^ -> Y v      | AOI21X4   | 0.025 |  17.926 |   -3.676 | 
     | FE_RC_15378_0                                      | B v -> Y v       | CLKAND2X3 | 0.043 |  17.970 |   -3.632 | 
     | FE_RC_15377_0                                      | B v -> Y ^       | NOR2X4    | 0.039 |  18.008 |   -3.593 | 
     | g12515                                             | A ^ -> Y v       | CLKINVX4  | 0.014 |  18.022 |   -3.580 | 
     | FE_RC_4272_0                                       | B1 v -> Y ^      | AOI22X2   | 0.027 |  18.049 |   -3.553 | 
     | g10984                                             | S0 ^ -> Y ^      | MXI2X1    | 0.047 |  18.096 |   -3.506 | 
     | g10940                                             | S0 ^ -> Y ^      | MXI2X1    | 0.054 |  18.150 |   -3.452 | 
     | g10931                                             | S0 ^ -> Y ^      | MXI2X1    | 0.051 |  18.200 |   -3.402 | 
     | FE_RC_16341_0                                      | B ^ -> Y ^       | XNOR2X4   | 0.088 |  18.288 |   -3.314 | 
     | decrypt_inst_loop[7].dr_s_sub_Bytes[112].s/g22102  | B ^ -> Y v       | NOR2X2    | 0.025 |  18.313 |   -3.289 | 
     | decrypt_inst_loop[7].dr_s_sub_Bytes[112].s/FE_OCPC | A v -> Y v       | BUFX12    | 0.054 |  18.367 |   -3.235 | 
     | 46392_n_22                                         |                  |           |       |         |          | 
     | decrypt_inst_loop[7].dr_s_sub_Bytes[112].s/g22060  | B v -> Y ^       | NAND2X8   | 0.033 |  18.399 |   -3.203 | 
     | decrypt_inst_loop[7].dr_s_sub_Bytes[112].s/FE_OFC2 | A ^ -> Y v       | CLKINVX6  | 0.012 |  18.411 |   -3.191 | 
     | 8201_n_69                                          |                  |           |       |         |          | 
     | decrypt_inst_loop[7].dr_s_sub_Bytes[112].s/g21831  | C v -> Y ^       | NAND3X1   | 0.018 |  18.430 |   -3.172 | 
     | decrypt_inst_loop[7].dr_s_sub_Bytes[112].s/FE_RC_1 | B0 ^ -> Y ^      | OA21X1    | 0.045 |  18.475 |   -3.127 | 
     | 9797_0                                             |                  |           |       |         |          | 
     | decrypt_inst_loop[7].dr_s_sub_Bytes[112].s/FE_RC_1 | A ^ -> Y v       | NAND2X2   | 0.015 |  18.490 |   -3.112 | 
     | 9796_0                                             |                  |           |       |         |          | 
     | decrypt_inst_loop[7].dr_s_sub_Bytes[112].s/g21686  | C0 v -> Y ^      | AOI221X2  | 0.056 |  18.546 |   -3.056 | 
     | decrypt_inst_loop[7].dr_s_sub_Bytes[112].s/g21669  | D ^ -> Y v       | NAND4X2   | 0.031 |  18.577 |   -3.025 | 
     | decrypt_inst_loop[7].dr_s_sub_Bytes[112].s/FE_RC_7 | A v -> Y ^       | NOR2X1    | 0.030 |  18.607 |   -2.995 | 
     | 896_0                                              |                  |           |       |         |          | 
     | decrypt_inst_loop[7].dr_s_sub_Bytes[112].s/g21657  | D ^ -> Y v       | NAND4X1   | 0.036 |  18.643 |   -2.959 | 
     | decrypt_inst_loop[7].dr_s_sub_Bytes[112].s/FE_RC_1 | B v -> Y ^       | NOR3BX1   | 0.045 |  18.688 |   -2.914 | 
     | 2677_0                                             |                  |           |       |         |          | 
     | decrypt_inst_loop[7].dr_s_sub_Bytes[112].s/g21634  | D ^ -> Y v       | NAND4X1   | 0.085 |  18.773 |   -2.829 | 
     | FE_OFC44235_decrypt_inst_loop_7__dr_afterSubBytes_ | A v -> Y v       | BUFX6     | 0.071 |  18.844 |   -2.758 | 
     | 116                                                |                  |           |       |         |          | 
     | g12308                                             | B v -> Y ^       | XNOR2X4   | 0.086 |  18.930 |   -2.672 | 
     | g12101                                             | S0 ^ -> Y ^      | MXI2X2    | 0.082 |  19.012 |   -2.590 | 
     | g11788                                             | S0 ^ -> Y ^      | MXI2X1    | 0.076 |  19.088 |   -2.514 | 
     | g11611                                             | S0 ^ -> Y ^      | MXI2X1    | 0.075 |  19.162 |   -2.440 | 
     | g11409                                             | A1 ^ -> Y v      | OAI21X1   | 0.037 |  19.200 |   -2.402 | 
     | decrypt_inst_loop[8].dr_s_sub_Bytes[80].s/FE_OFC27 | A v -> Y v       | BUFX6     | 0.064 |  19.264 |   -2.338 | 
     | 592_decrypt_inst_states_7__119                     |                  |           |       |         |          | 
     | decrypt_inst_loop[8].dr_s_sub_Bytes[80].s/FE_OFC27 | A v -> Y ^       | CLKINVX12 | 0.031 |  19.295 |   -2.307 | 
     | 593_decrypt_inst_states_7__119                     |                  |           |       |         |          | 
     | decrypt_inst_loop[8].dr_s_sub_Bytes[80].s/g22099   | A ^ -> Y v       | NOR2X8    | 0.015 |  19.310 |   -2.292 | 
     | decrypt_inst_loop[8].dr_s_sub_Bytes[80].s/FE_OFC24 | A v -> Y ^       | CLKINVX8  | 0.026 |  19.336 |   -2.266 | 
     | 028_n_28                                           |                  |           |       |         |          | 
     | decrypt_inst_loop[8].dr_s_sub_Bytes[80].s/g21999   | B ^ -> Y v       | NOR2X6    | 0.022 |  19.357 |   -2.245 | 
     | decrypt_inst_loop[8].dr_s_sub_Bytes[80].s/FE_OFC23 | A v -> Y ^       | CLKINVX8  | 0.022 |  19.379 |   -2.223 | 
     | 992_n_119                                          |                  |           |       |         |          | 
     | decrypt_inst_loop[8].dr_s_sub_Bytes[80].s/g21922   | B ^ -> Y v       | NOR2X6    | 0.013 |  19.392 |   -2.210 | 
     | decrypt_inst_loop[8].dr_s_sub_Bytes[80].s/FE_RC_10 | B1 v -> Y ^      | AOI32X4   | 0.025 |  19.417 |   -2.185 | 
     | 211_0                                              |                  |           |       |         |          | 
     | decrypt_inst_loop[8].dr_s_sub_Bytes[80].s/g21727   | C0 ^ -> Y v      | OAI221X2  | 0.029 |  19.447 |   -2.155 | 
     | decrypt_inst_loop[8].dr_s_sub_Bytes[80].s/g21703   | C0 v -> Y ^      | AOI221X2  | 0.044 |  19.491 |   -2.111 | 
     | decrypt_inst_loop[8].dr_s_sub_Bytes[80].s/FE_RC_85 | B ^ -> Y v       | NAND2X2   | 0.028 |  19.519 |   -2.083 | 
     | 65_0                                               |                  |           |       |         |          | 
     | decrypt_inst_loop[8].dr_s_sub_Bytes[80].s/g21674   | C0 v -> Y ^      | AOI211X4  | 0.034 |  19.554 |   -2.048 | 
     | decrypt_inst_loop[8].dr_s_sub_Bytes[80].s/g21666   | C0 ^ -> Y v      | OAI211X2  | 0.029 |  19.583 |   -2.019 | 
     | decrypt_inst_loop[8].dr_s_sub_Bytes[80].s/FE_RC_24 | AN v -> Y v      | NAND3BX1  | 0.055 |  19.638 |   -1.964 | 
     | 619_0                                              |                  |           |       |         |          | 
     | decrypt_inst_loop[8].dr_s_sub_Bytes[80].s/FE_RC_24 | AN v -> Y v      | NAND3BX4  | 0.062 |  19.699 |   -1.903 | 
     | 491_0                                              |                  |           |       |         |          | 
     | FE_RC_5290_0                                       | B v -> Y ^       | NAND2X2   | 0.025 |  19.725 |   -1.877 | 
     | FE_RC_5288_0                                       | B0 ^ -> Y v      | OAI21X4   | 0.035 |  19.760 |   -1.842 | 
     | FE_RC_366_0                                        | B v -> Y ^       | NOR2BX2   | 0.042 |  19.802 |   -1.800 | 
     | FE_RC_365_0                                        | B0 ^ -> Y v      | AOI21X4   | 0.021 |  19.823 |   -1.779 | 
     | FE_RC_1428_0                                       | A1 v -> Y ^      | OAI21X2   | 0.069 |  19.892 |   -1.710 | 
     | FE_OFC17116_n_330978                               | A ^ -> Y v       | CLKINVX2  | 0.021 |  19.914 |   -1.688 | 
     | g642494                                            | B v -> Y ^       | MXI2X1    | 0.045 |  19.958 |   -1.644 | 
     | FE_OCPC45049_n_331005                              | A ^ -> Y ^       | BUFX6     | 0.050 |  20.008 |   -1.594 | 
     | FE_RC_922_0                                        | B ^ -> Y v       | NOR2BX4   | 0.021 |  20.030 |   -1.572 | 
     | FE_RC_1292_0                                       | B0 v -> Y ^      | AOI21X4   | 0.036 |  20.065 |   -1.536 | 
     | FE_OFC23499_n_331006                               | A ^ -> Y v       | CLKINVX6  | 0.020 |  20.086 |   -1.516 | 
     | FE_RC_771_0                                        | A v -> Y ^       | CLKINVX6  | 0.016 |  20.102 |   -1.500 | 
     | FE_RC_770_0                                        | B1 ^ -> Y v      | AOI22X4   | 0.023 |  20.125 |   -1.477 | 
     | FE_RC_26413_0                                      | B v -> Y ^       | XOR3X1    | 0.078 |  20.203 |   -1.399 | 
     | g641868                                            | S0 ^ -> Y ^      | MXI2X1    | 0.103 |  20.305 |   -1.296 | 
     | g641863                                            | B ^ -> Y v       | NAND2X1   | 0.054 |  20.359 |   -1.243 | 
     | g641861                                            | B0 v -> Y ^      | OAI21XL   | 0.080 |  20.439 |   -1.163 | 
     | decrypt_inst_loop[9].dr_s_sub_Bytes[8].s/FE_OFC559 | A ^ -> Y v       | INVX1     | 0.024 |  20.463 |   -1.139 | 
     | 9_decrypt_inst_states_8__75                        |                  |           |       |         |          | 
     | decrypt_inst_loop[9].dr_s_sub_Bytes[8].s/FE_OFC375 | A v -> Y v       | BUFX8     | 0.060 |  20.523 |   -1.079 | 
     | 48_n_5                                             |                  |           |       |         |          | 
     | decrypt_inst_loop[9].dr_s_sub_Bytes[8].s/g22105    | B v -> Y ^       | NAND2X2   | 0.030 |  20.553 |   -1.049 | 
     | decrypt_inst_loop[9].dr_s_sub_Bytes[8].s/FE_OFC136 | A ^ -> Y v       | CLKINVX3  | 0.035 |  20.588 |   -1.014 | 
     | 95_n_17                                            |                  |           |       |         |          | 
     | decrypt_inst_loop[9].dr_s_sub_Bytes[8].s/g22046    | B v -> Y ^       | NAND2XL   | 0.080 |  20.668 |   -0.934 | 
     | decrypt_inst_loop[9].dr_s_sub_Bytes[8].s/g22007    | A ^ -> Y v       | CLKINVX2  | 0.043 |  20.711 |   -0.891 | 
     | decrypt_inst_loop[9].dr_s_sub_Bytes[8].s/g21776    | A1 v -> Y ^      | AOI21X1   | 0.059 |  20.770 |   -0.832 | 
     | decrypt_inst_loop[9].dr_s_sub_Bytes[8].s/g21679    | C ^ -> Y v       | NAND4X1   | 0.035 |  20.804 |   -0.797 | 
     | decrypt_inst_loop[9].dr_s_sub_Bytes[8].s/FE_RC_771 | B v -> Y ^       | NOR2X1    | 0.060 |  20.865 |   -0.737 | 
     | 7_0                                                |                  |           |       |         |          | 
     | decrypt_inst_loop[9].dr_s_sub_Bytes[8].s/g21647    | A ^ -> Y v       | NAND4X4   | 0.032 |  20.897 |   -0.705 | 
     | decrypt_inst_loop[9].dr_s_sub_Bytes[8].s/g21642    | D v -> Y ^       | NOR4X4    | 0.045 |  20.942 |   -0.660 | 
     | decrypt_inst_loop[9].dr_s_sub_Bytes[8].s/FE_RC_193 | B ^ -> Y v       | NAND2X2   | 0.022 |  20.964 |   -0.638 | 
     | 31_0                                               |                  |           |       |         |          | 
     | g21026                                             | B v -> Y ^       | XNOR2X4   | 0.093 |  21.057 |   -0.545 | 
     | FE_RC_4398_0                                       | B ^ -> Y v       | NAND2X4   | 0.018 |  21.075 |   -0.527 | 
     | FE_RC_4397_0                                       | B0 v -> Y ^      | OAI21X4   | 0.030 |  21.105 |   -0.497 | 
     | FE_OFC37358_n_331450                               | A ^ -> Y v       | CLKINVX6  | 0.012 |  21.117 |   -0.485 | 
     | FE_RC_2123_0                                       | B1 v -> Y ^      | AOI22X4   | 0.045 |  21.162 |   -0.440 | 
     | g20567                                             | A ^ -> Y v       | CLKINVX4  | 0.014 |  21.176 |   -0.426 | 
     | FE_RC_1107_0                                       | A1 v -> Y ^      | AOI22X4   | 0.045 |  21.221 |   -0.381 | 
     | g20388                                             | A ^ -> Y v       | CLKINVX3  | 0.019 |  21.239 |   -0.363 | 
     | FE_RC_1693_0                                       | B1 v -> Y ^      | AOI22X2   | 0.031 |  21.270 |   -0.332 | 
     | g20111                                             | S0 ^ -> Y ^      | MXI2X2    | 0.089 |  21.359 |   -0.243 | 
     | g20063                                             | A ^ -> Y v       | CLKINVX2  | 0.020 |  21.378 |   -0.224 | 
     | g19966                                             | A v -> Y ^       | MXI2X1    | 0.056 |  21.435 |   -0.167 | 
     | g19902                                             | B ^ -> Y v       | NAND2X1   | 0.028 |  21.463 |   -0.139 | 
     | g19862                                             | B0 v -> Y ^      | OAI21X2   | 0.031 |  21.495 |   -0.107 | 
     | decrypt_inst_sb_sub_Bytes[72].s/FE_OFC26981_decryp | A ^ -> Y v       | CLKINVX4  | 0.046 |  21.540 |   -0.062 | 
     | t_inst_states_9__10                                |                  |           |       |         |          | 
     | decrypt_inst_sb_sub_Bytes[72].s/g22085             | A v -> Y ^       | NOR2X4    | 0.054 |  21.595 |   -0.007 | 
     | decrypt_inst_sb_sub_Bytes[72].s/FE_OFC26770_n_34   | A ^ -> Y v       | CLKINVX3  | 0.035 |  21.629 |    0.027 | 
     | decrypt_inst_sb_sub_Bytes[72].s/g21972             | B v -> Y ^       | NOR2XL    | 0.083 |  21.713 |    0.111 | 
     | decrypt_inst_sb_sub_Bytes[72].s/g21889             | B ^ -> Y v       | NAND2XL   | 0.123 |  21.835 |    0.233 | 
     | decrypt_inst_sb_sub_Bytes[72].s/g21830             | A v -> Y ^       | NOR2XL    | 0.347 |  22.182 |    0.580 | 
     | decrypt_inst_sb_sub_Bytes[72].s/g21770             | B0 ^ -> Y v      | AOI21XL   | 0.020 |  22.202 |    0.600 | 
     | decrypt_inst_sb_sub_Bytes[72].s/g21707             | C0 v -> Y ^      | OAI211XL  | 0.149 |  22.351 |    0.749 | 
     | decrypt_inst_sb_sub_Bytes[72].s/FE_RC_4643_0       | A ^ -> Y v       | CLKINVX1  | 0.058 |  22.408 |    0.806 | 
     | decrypt_inst_sb_sub_Bytes[72].s/FE_RC_4642_0       | B v -> Y ^       | NAND2BX1  | 0.093 |  22.502 |    0.900 | 
     | decrypt_inst_sb_sub_Bytes[72].s/FE_RC_4640_0       | B ^ -> Y v       | NOR3BX4   | 0.008 |  22.510 |    0.908 | 
     | decrypt_inst_sb_sub_Bytes[72].s/FE_RC_25436_0      | C v -> Y v       | AND3X6    | 0.040 |  22.550 |    0.948 | 
     | decrypt_inst_sb_sub_Bytes[72].s/FE_RC_25437_0      | A v -> Y ^       | CLKINVX6  | 0.028 |  22.578 |    0.976 | 
     | FE_RC_2112_0                                       | B ^ -> Y v       | NOR2X4    | 0.015 |  22.594 |    0.992 | 
     | FE_RC_2110_0                                       | B0 v -> Y ^      | AOI21X4   | 0.037 |  22.631 |    1.029 | 
     | FE_RC_2111_0                                       | A ^ -> Y v       | INVX6     | 0.021 |  22.651 |    1.049 | 
     | FE_RC_1134_0                                       | B v -> Y ^       | NAND2BX4  | 0.017 |  22.668 |    1.067 | 
     | FE_RC_14933_0                                      | A ^ -> Y v       | NAND2X2   | 0.021 |  22.689 |    1.087 | 
     | FE_RC_25745_0                                      | B v -> Y ^       | NOR2X4    | 0.027 |  22.716 |    1.114 | 
     | FE_RC_15331_0                                      | A ^ -> Y v       | NAND2X4   | 0.016 |  22.732 |    1.130 | 
     | FE_RC_790_0                                        | B v -> Y ^       | NOR2X4    | 0.019 |  22.751 |    1.149 | 
     | FE_RC_789_0                                        | B ^ -> Y ^       | CLKAND2X6 | 0.033 |  22.784 |    1.182 | 
     | FE_RC_26317_0                                      | B ^ -> Y v       | NAND2X8   | 0.017 |  22.802 |    1.200 | 
     | FE_RC_682_0                                        | A v -> Y ^       | NOR2X4    | 0.023 |  22.825 |    1.223 | 
     | FE_RC_392_0                                        | B ^ -> Y v       | NAND4X2   | 0.031 |  22.855 |    1.253 | 
     | FE_RC_7_0                                          | A v -> Y ^       | CLKINVX2  | 0.029 |  22.884 |    1.282 | 
     | FE_OFC29141_access_granted                         | A ^ -> Y ^       | BUFX20    | 0.049 |  22.933 |    1.331 | 
     | mem_ctrl/g252286_dup                               | B ^ -> Y v       | NAND2X8   | 0.039 |  22.972 |    1.371 | 
     | mem_ctrl/FE_RC_25592_0                             | B v -> Y ^       | NOR2X8    | 0.033 |  23.005 |    1.403 | 
     | mem_ctrl/FE_RC_25593_0                             | A ^ -> Y v       | CLKINVX8  | 0.018 |  23.023 |    1.422 | 
     | mem_ctrl/FE_RC_25819_0                             | B v -> Y v       | OR2X6     | 0.075 |  23.098 |    1.496 | 
     | mem_ctrl/g249709                                   | B v -> Y v       | OR2X6     | 0.071 |  23.170 |    1.568 | 
     | mem_ctrl/g8285__8428                               | A v -> Y ^       | NOR2X1    | 0.283 |  23.453 |    1.851 | 
     | mem_ctrl/FE_OCPC45897_n_198428                     | A ^ -> Y ^       | BUFX6     | 0.059 |  23.512 |    1.910 | 
     | mem_ctrl/mem_reg[2807][5]                          | SE ^             | SDFFHQX8  | 0.009 |  23.521 |    1.919 | 
     +----------------------------------------------------------------------------------------------------------------+ 

<CMD> fit

--------------------------------------------------------------------------------
Exiting Innovus on Mon Aug 11 14:19:27 2025
  Total CPU time:     12:08:49
  Total real time:    1:15:28
  Peak memory (main): 8208.52MB


*** Memory Usage v#1 (Current mem = 9014.742M, initial mem = 483.887M) ***
*** Message Summary: 2791 warning(s), 112 error(s)

--- Ending "Innovus" (totcpu=12:08:47, real=1:15:26, mem=9014.7M) ---
